:0200000400FCFE
:104800009084511BEA00791E000290844D1BEA201F
:10481000793E0002806A908451691E00020BEA0012
:1048200090844D693E00020BEA20BF10281D908441
:1048300051691E00020BEA0090844D693E00020B94
:10484000EA209F10793E00021BEA20908451691EE5
:1048500000020BEA0090844D693E00020BEA20BF83
:1048600010501D90844D691E00020BEA0090845187
:10487000693E00020BEA209F10793E00021BEA20ED
:10488000908451691E00020BEA0090844D693E003D
:10489000020BEA20BF10680302481690844D693E5F
:1048A00000020BEA20AA9086691BEA20793E0002EA
:1048B000908669693E00020BEA207E2800017F0194
:1048C0009F02791E00021BEA004D2378E3AA908321
:1048D0004C1BEA00791E0002E4908350F09F119077
:1048E0008351793E00021BEA2090834C693E00020E
:1048F0000BEA204D23680474018001E47E146C41AE
:104900007E0400FE7E3400589AFE2B3190834C6961
:104910003E00020BEA204D237803024A0690834CA6
:10492000693E00020BEA207E1BB0BEB02D781B74DE
:1049300001908350F090834C693E00020BEA200BFB
:1049400034793E00021BEA20802590834C693E00AA
:10495000020BEA207E1BB0BEB02B781390834C690B
:104960003E00020BEA200B34793E00021BEA208055
:10497000487E14000A908351693E00020BEA209A97
:10498000FD9EB090834C691E00020BEA007E0B3046
:104990000A136D007E2800309F022F1090835179FA
:1049A0003E00021BEA2090834C693E00020BEA2085
:1049B0000B34793E00021BEA2090834C693E0002D2
:1049C0000BEA207E1BA07430BCAB481390834C696B
:1049D0003E00020BEA207E1BA07439BCAB0892900B
:1049E0008350E0BEB000681E908351693E00020B08
:1049F000EA206E34FFFF6E24FFFF0B1C9083517979
:104A00003E00021BEA20908351693E00020BEA201F
:104A1000AA907B181BEA20793E0002907B141BEAC7
:104A200000791E0002E4907B2CF09F11907B2D7981
:104A30003E00021BEA20907B14693E00020BEA2034
:104A40004D23680474018001E47E146C417E0400EF
:104A5000FE7E3400859AFE2B31907B14693E000265
:104A60000BEA204D237803024BC9907B18693E0066
:104A7000020BEA20BE1800005845742D907B146983
:104A80003E00020BEA207A1BB0907B14693E0002C4
:104A90000BEA200B34907B14793E00021BEA209035
:104AA0007B18693E00020BEA206E34FFFF6E24FF84
:104AB000FF0B1C907B18793E00021BEA208020909F
:104AC0007B18693E00020BEA204D23781274309067
:104AD0007B14693E00020BEA207A1BB0024BC9022C
:104AE0004B617E08000A907B18693E00020BEA20A9
:104AF0009AFD9F0C907B2D791E00021BEA00907B93
:104B00002D693E00020BEA20BE180000480E907B83
:104B10002D695E00020BEA407CAB8010907B2D6912
:104B20003E00020BEA209F229F217CAB907B2C7ED3
:104B3000EB7074012CB7F00A277E347B1C2D327A7F
:104B400071827A61837AEBA07E08000A907B1869F3
:104B50003E00020BEA209AFD9F0C793E00021BEA00
:104B600020907B18693E00020BEA204D2368030267
:104B70004AE2804C907B2CE00A2B7E347B1B2D324A
:104B80007A71827A6183E00A0B7E1400302D1090D6
:104B90007B14693E00020BEA207A1B30907B14697B
:104BA0003E00020BEA200B34907B14793E00021B7E
:104BB000EA20907B2C7EEBA07E70017CBA9CB7F043
:104BC000907B2CE0BEB00078ABAA9084551BEA0025
:104BD000791E00029F11908459793E00021BEA2041
:104BE000908455693E00020BEA204D23680474014D
:104BF0008001E47E146C417E0400FE7E3400B09A95
:104C0000FE2B31908455693E00020BEA204D23684B
:104C10007080487E14000A908459693E00020BEAB5
:104C2000209AFD9EB0908455691E00020BEA007E1A
:104C30000B300A136D007E2800309F022F109084E5
:104C400059793E00021BEA20908455693E00020B10
:104C5000EA200B34793E00021BEA20908455693E1D
:104C600000020BEA207E1BA07430BCAB481390847A
:104C700055693E00020BEA207E1BA07439BCAB08CC
:104C800092908459693E00020BEA20AA907BBF1BD8
:104C9000EA20793E0002907BBB1BEA00791E0002ED
:104CA000E4907BD3F0907BBB693E00020BEA204D81
:104CB00023680474018001E47E146C417E0400FECC
:104CC0007E3400D09AFE2B31907BBB693E00020BF4
:104CD000EA204D237803024DA9907BBF693E000274
:104CE0000BEA204D2378127430907BBB693E0002A2
:104CF0000BEA207A1BB0024DA980497E14000A906D
:104D00007BBF693E00020BEA209AFD9EB97CA3900E
:104D10007BD37EEB7074012CB7F00A277E347BC303
:104D20002D327A71827A61837AEBA07E14000A9028
:104D30007BBF693E00020BEA209AFD9EB9793E00D6
:104D4000021BEA20907BBF693E00020BEA204D2344
:104D500078A9804C907BD3E00A2B7E347BC22D3225
:104D60007A71827A6183E01A0B7E1400302D1090E4
:104D70007BBB693E00020BEA207A1B30907BBB694B
:104D80003E00020BEA200B34907BBB793E00021BF5
:104D9000EA20907BD37EEBA07E70017CBA9CB7F0BA
:104DA000907BD3E0BEB00078ABAA907E071BEA00F0
:104DB000791E0002E4907E0BF09F11907E0C793EEC
:104DC00000021BEA209F11907E10793E00021BEA30
:104DD000206D337E243F80907E14793E00021BEAD2
:104DE00020907E07693E00020BEA204D2368047480
:104DF000018001E47E146C417E0400FE7E3400FAE2
:104E00009AFE2B31907E07693E00020BEA204D236B
:104E10007803025026907E07693E00020BEA207E4E
:104E20001BB0BEB02D781B7401907E0BF0907E07F6
:104E3000693E00020BEA200B34793E00021BEA2097
:104E40008025907E07693E00020BEA207E1BB0BEE3
:104E5000B02B7813907E07693E00020BEA200B34DA
:104E6000793E00021BEA2080566D117E044120909D
:104E70007E0C693E00020BEA209AFD9C2D7F71900A
:104E80007E07693E00020BEA207E1B700A277E34F3
:104E900000309D237CB49AFD9DA77F017F179AFD6A
:104EA0009B75907E0C793E00021BEA20907E07697C
:104EB0003E00020BEA200B34793E00021BEA2090F0
:104EC0007E07693E00020BEA207E1BA07430BCAB5B
:104ED0004813907E07693E00020BEA207E1BA074F7
:104EE00039BCAB0884907E07693E00020BEA207E45
:104EF0001BB0BEB02E6803024FE6907E07693E00ED
:104F0000020BEA200B34793E00021BEA2080716D0F
:104F1000117E044120907E10693E00020BEA209A27
:104F2000FD9C2D7F71907E07693E00020BEA207E7A
:104F30001B700A277E3400309D237CB49AFD9DA708
:104F40007F017F179AFD9B75907E10793E00021BB2
:104F5000EA206D117E044120907E14693E00020B10
:104F6000EA209AFD9C2D793E00021BEA20907E07E4
:104F7000693E00020BEA200B34793E00021BEA2056
:104F8000907E07693E00020BEA207E1BA07430BCB5
:104F9000AB4834907E07693E00020BEA207E1BA0DE
:104FA0007439BCAB1821907E14693E00020BEA20D4
:104FB0009AFD938E7E84412E7E9484809F559AFD27
:104FC00092725003024F0F907E14691E00020BEA8A
:104FD00000907E10693E00020BEA209AFD9CCD797C
:104FE0003E00021BEA20907E10691E00020BEA00C0
:104FF000907E0C693E00020BEA209AFD9B75793E7B
:1050000000021BEA20907E0BE0BEB0006818907E84
:105010000C693E00020BEA209AFD9D94907E0C796B
:105020003E00021BEA20907E0C693E00020BEA2043
:10503000AA9077A7F09077A31BEA20793E00029010
:10504000779F1BEA00791E00026D339077A81BEA58
:10505000306D339077AA1BEA309077A7E09077C83D
:10506000F090779F693E00020BEA204D236804749C
:10507000018001E47E146C417E0400FE7E3401391F
:105080009AFE2B3190779F693E00020BEA204D2358
:1050900078030253F79077A3693E00020BEA209A47
:1050A000FD9DDF9077A81BEA309077A3691E000270
:1050B0000BEA009F119AFD9D4E2827742D90779F33
:1050C000693E00020BEA207A1BB090779F693E0090
:1050D000020BEA200B3490779F793E00021BEA20F6
:1050E00080769077A3693E00020BEA209AFD938EAA
:1050F000BE0800007804BE180000785C7430907719
:105100009F693E00020BEA207A1BB090779F693EB0
:1051100000020BEA200B3490779F793E00021BEAD5
:1051200020742E90779F693E00020BEA207A1BB014
:1051300090779F693E00020BEA200B3490779F79AD
:105140003E00021BEA20743090779F693E00020BFC
:10515000EA207A1BB00253F79077A80BEA207CB4C0
:105160009AFD9DA77F019077A3693E00020BEA207C
:105170009AFD9B729077A3793E00021BEA20801E65
:105180006D117E0441209077A3693E00020BEA2056
:105190009AFD9C2D9077A3793E00021BEA20907720
:1051A000C87EEBA07E70017CBA9CB7F0BEA00078F0
:1051B000CF9077A3693E00020BEA209AFD9DDF9015
:1051C00077AA1BEA30E49077C8F09077A80BEA3012
:1051D0007E24000A9AFD9E6D9077C87EEB70740164
:1051E0002CB7F07402ACB77E3477AC2D357A71826F
:1051F0007A61831BEA207E24000A9077A80BEA30AC
:105200009AFD9E6D1BEA306D229077A80BEA30BDA7
:105210003278B70252A46D229077C87EEB70740288
:10522000ACB77E3477AA2D357A71827A61830BEA26
:1052300030BD32481B9077C87EEB707402ACB77EED
:105240003477AA2D357A71827A61830BEA00801D4A
:105250009077C87EEB707402ACB77E3477AA2D3598
:105260007A71827A61830BEA306D009D037E1400AF
:10527000302D1090779F693E00020BEA207A1B3098
:1052800090779F693E00020BEA200B3490779F795C
:105290003E00021BEA209077C87EEBA07E70017C66
:1052A000BA9CB7F09077C8E0BEB00068030252160F
:1052B0009077A7E0BEB00078030253F7E49077C878
:1052C000F0742E90779F693E00020BEA207A1BB0A3
:1052D00090779F693E00020BEA200B3490779F790C
:1052E0003E00021BEA206D229077AA0BEA30BD3205
:1052F0007812743090779F693E00020BEA207A1B87
:10530000B00253F7804B9077AA0BEA307E24000A54
:105310009AFD9E6D9077C87EEB7074012CB7F07487
:1053200002ACB77E3477BC2D357A71827A61831BEB
:10533000EA207E24000A9077AA0BEA309AFD9E6D3F
:105340001BEA309077A77EEBA07E70017CBA9CB7F9
:10535000F09077A7E0BEB00078AC0253EB6D2290DE
:1053600077C87EEB707402ACB77E3477BA2D357A8D
:1053700071827A61830BEA30BD32481B9077C87E18
:10538000EB707402ACB77E3477BA2D357A71827ABD
:1053900061830BEA00801D9077C87EEB707402ACCD
:1053A000B77E3477BA2D357A71827A61830BEA3011
:1053B0006D009D037E1400302D1090779F693E0094
:1053C000020BEA207A1B3090779F693E00020BEABD
:1053D000200B3490779F793E00021BEA209077C81B
:1053E0007EEBA07E70017CBA9CB7F09077C8E0BEDF
:1053F000B000680302535DAA907B311BEA00791E5E
:105400000002E4907B35F09F009F11907B361BEAF1
:1054100000791E0002792E0004793E00069F009F4D
:1054200011907B3E1BEA00791E0002792E00047960
:105430003E00067E043FF06D119F11907B461BEAF3
:1054400000791E0002792E0004793E0006907B311F
:10545000693E00020BEA204D23680474018001E4D8
:105460007E146C417E0400FE7E34018E9AFE2B3148
:10547000907B31693E00020BEA204D2378030257EE
:105480001C907B31693E00020BEA207E1BB0BEB04F
:105490002D781B7401907B35F0907B31693E0002C2
:1054A0000BEA200B34793E00021BEA208025907B1A
:1054B00031693E00020BEA207E1BB0BEB02B781390
:1054C000907B31693E00020BEA200B34793E0002EA
:1054D0001BEA20806E7E8440246D999F55907B3618
:1054E0000BEA00691E0002692E0004693E00069A5C
:1054F000FD90C37F607F71907B31693E00020BEAB3
:10550000207E1B700A277E3400309D237CB49AFDD8
:1055100092E67F407F517F067F179AFD8FB4907B84
:10552000361BEA00791E0002792E0004793E00063F
:10553000907B31693E00020BEA200B34793E000279
:105540001BEA20907B31693E00020BEA207E1BA003
:105550007430BCAB4816907B31693E00020BEA20E8
:105560007E1BA07439BCAB18030254D5907B316903
:105570003E00020BEA207E1BB0BEB02E680302562E
:10558000B4907B31693E00020BEA200B34793E0077
:10559000021BEA200256327E8440246D999F55906A
:1055A0007B3E0BEA00691E0002692E0004693E0082
:1055B000069AFD90C37F607F71907B31693E000247
:1055C0000BEA207E1B700A277E3400309D237CB4BA
:1055D0009AFD92E67F407F517F067F179AFD8FB438
:1055E000907B3E1BEA00791E0002792E0004793E72
:1055F00000067E8440246D999F55907B460BEA00FF
:10560000691E0002692E0004693E00069AFD90C3DF
:105610001BEA00791E0002792E0004793E000690F4
:105620007B31693E00020BEA200B34793E00021BFD
:10563000EA20907B31693E00020BEA207E1BA074B9
:1056400030BCAB4838907B31693E00020BEA207ECB
:105650001BA07439BCAB18257E8441CD7E94CD65EA
:105660009F55907B460BEA00691E0002692E0004DC
:10567000693E00069AFD92725003025597907B4650
:105680000BEA80699E000269AE000469BE000690C4
:105690007B3E0BEA00691E0002692E0004693E0091
:1056A000069AFD91D31BEA00791E0002792E0004B0
:1056B000793E0006907B3E0BEA80699E000269AE4F
:1056C000000469BE0006907B360BEA00691E0002EA
:1056D000692E0004693E00069AFD8FB41BEA00792A
:1056E0001E0002792E0004793E0006907B35E0BE54
:1056F000B0006828907B360BEA00691E0002692E14
:105700000004693E00069AFD92D3907B361BEA00A6
:10571000791E0002792E0004793E0006907B360B3C
:10572000EA00691E0002692E0004693E0006AA9084
:1057300074B9F09074AD1BEA00791E00026D3390CD
:1057400074BA1BEA306D339074BC1BEA309074B9A4
:10575000E09074E8F09074AD693E00020BEA204DD1
:1057600023680474018001E47E146C417E0400FE11
:105770007E3401CE9AFE2B319074AD693E00020B4F
:10578000EA204D237803025B2D9074B10BEA006987
:105790001E0002692E0004693E00069AFD932E90B9
:1057A00074BA1BEA309074B10BEA80699E000269FA
:1057B000AE000469BE00069F009F119AFD927228F8
:1057C00027742D9074AD693E00020BEA207A1BB05D
:1057D0009074AD693E00020BEA200B349074AD79F1
:1057E0003E00021BEA20807A9074B10BEA00691E29
:1057F0000002692E0004693E0006BE08000078041D
:10580000BE180000785C74309074AD693E00020BE5
:10581000EA207A1BB09074AD693E00020BEA200BBF
:10582000349074AD793E00021BEA20742E9074AD62
:10583000693E00020BEA207A1BB09074AD693E000D
:10584000020BEA200B349074AD793E00021BEA2073
:1058500074309074AD693E00020BEA207A1BB002EE
:105860005B2D9074BA0BEA207CB49AFD92E67F40DF
:105870007F519074B10BEA00691E0002692E00048A
:10588000693E00069AFD8FB09074B11BEA00791E44
:105890000002792E0004793E000680307E84402488
:1058A0006D999F559074B10BEA00691E0002692E34
:1058B0000004693E00069AFD90C39074B11BEA0093
:1058C000791E0002792E0004793E00069074E87E6D
:1058D000EBA07E70017CBA9CB7F0BEA00078BD90B2
:1058E00074B10BEA00691E0002692E0004693E00D3
:1058F000069AFD932E9074BC1BEA30E49074E8F095
:105900009074BA0BEA307E24000A9AFD9E6D907462
:10591000E87EEB7074012CB7F07402ACB77E34747F
:10592000BE2D357A71827A61831BEA207E24000ABB
:105930009074BA0BEA309AFD9E6D1BEA306D22908E
:1059400074BA0BEA30BD3278B70259DA6D2290741E
:10595000E87EEB707402ACB77E3474BC2D357A717E
:10596000827A61830BEA30BD32481B9074E87EEB8B
:10597000707402ACB77E3474BC2D357A71827A6152
:10598000830BEA00801D9074E87EEB707402ACB764
:105990007E3474BC2D357A71827A61830BEA306D66
:1059A000009D037E1400302D109074AD693E0002FE
:1059B0000BEA207A1B309074AD693E00020BEA209E
:1059C0000B349074AD793E00021BEA209074E87E9F
:1059D000EBA07E70017CBA9CB7F09074E8E0BEB09A
:1059E00000680302594C9074B9E0BEB0007803021D
:1059F0005B2DE49074E8F0742E9074AD693E000263
:105A00000BEA207A1BB09074AD693E00020BEA20CD
:105A10000B349074AD793E00021BEA206D22907425
:105A2000BC0BEA30BD32781274309074AD693E0020
:105A3000020BEA207A1BB0025B2D804B9074BC0BEA
:105A4000EA307E24000A9AFD9E6D9074E87EEB7029
:105A500074012CB7F07402ACB77E3474D62D357A4D
:105A600071827A61831BEA207E24000A9074BC0B49
:105A7000EA309AFD9E6D1BEA309074B97EEBA07EF1
:105A800070017CBA9CB7F09074B9E0BEB00078ACFD
:105A9000025B216D229074E87EEB707402ACB77EDD
:105AA0003474D42D357A71827A61830BEA30BD3239
:105AB000481B9074E87EEB707402ACB77E3474D4EB
:105AC0002D357A71827A61830BEA00801D9074E82B
:105AD0007EEB707402ACB77E3474D42D357A71824B
:105AE0007A61830BEA306D009D037E1400302D1027
:105AF0009074AD693E00020BEA207A1B309074ADC1
:105B0000693E00020BEA200B349074AD793E00022E
:105B10001BEA209074E87EEBA07E70017CBA9CB7F3
:105B2000F09074E8E0BEB0006803025A93AA907F38
:105B3000941BEA00791E0002907F94691E00020BFC
:105B4000EA009AFE38EF6D22907F98793E00021BA2
:105B5000EA209F11907F9C793E00021BEA20E4908E
:105B60007FA0F0E4907FA1F0907F94693E00020B4B
:105B7000EA204D23680474018001E47E146C417EA8
:105B80000400FE7E3402219AFE2B31907F94693E00
:105B900000020BEA204D237803025D11907FA1E003
:105BA000BEB0007803025C9F907F94693E00020BB8
:105BB000EA207E1BA07461BCAB482F907F94693EA5
:105BC00000020BEA207E1BA07466BCAB181C907F01
:105BD00094693E00020BEA207E1B701A577E440037
:105BE000579D54907FA0F0025C70907F94693E00B6
:105BF000020BEA207E1BA07441BCAB482E907F9420
:105C0000693E00020BEA207E1BA07446BCAB181B49
:105C1000907F94693E00020BEA207E1B701A577E2B
:105C20004400379D54907FA0F08045907F94693E5A
:105C300000020BEA207E1BA07430BCAB5803025D4F
:105C400011907F94693E00020BEA207E1BA07439FC
:105C5000BCAB0803025D11907F94693E00020BEA21
:105C6000207E1B701A577E4400309D54907FA0F018
:105C7000907F9C691E00020BEA0074042F001478C8
:105C8000FB907FA07EEB70740F5C7B0A376D224D1A
:105C9000314D20907F9C793E00021BEA20803F908E
:105CA0007F94693E00020BEA207E1BB0BEB03078C4
:105CB0002D907F94693E00020BEA200B347E1BB0CE
:105CC000BEB0787819907F94693E00020BEA200BF1
:105CD00034793E00021BEA207401907FA1F0907F8E
:105CE00094693E00020BEA200B34793E00021BEA65
:105CF00020907F98693E00020BEA207E2800017FF9
:105D0000019F02791E00021BEA004D236803025B1B
:105D10008B907F9C693E00020BEA20AA9078BD1B05
:105D2000EA20793E00029078B91BEA00791E000251
:105D30007E346C707E2400FE7E1478C17E040001E7
:105D400074109AFD9F42E49078DDF09078B9693E36
:105D500000020BEA204D23680474018001E47E14E4
:105D60006C417E0400FE7E34025F9AFE2B3174305B
:105D70009078B9693E00020BEA207A1BB09078B99E
:105D8000693E00020BEA200B349078B9793E00029C
:105D90001BEA2074789078B9693E00020BEA207AF9
:105DA0001BB09078B9693E00020BEA200B34907862
:105DB000B9793E00021BEA209078B9693E00020BD7
:105DC000EA204D237803025EA19078BD693E00026F
:105DD0000BEA204D23781274309078B9693E0002A6
:105DE0000BEA207A1BB0025EA1804A9078BD695E02
:105DF00000020BEA407EA00F5CAB9078DD7EEB707A
:105E000074012CB7F00A277E3478D12D327A718252
:105E10007A61837AEBA074049078BD693E00020B2E
:105E2000EA201E341E2450034E60801478F4793E1C
:105E300000021BEA209078BD693E00020BEA204D6B
:105E40002378A880539078DDE00A2B7E3478D02D1B
:105E5000327A71827A6183E01A2B7E3478C12D32D6
:105E60007A71827A6183E09078B9693E00020BEA28
:105E7000207A1BB09078B9693E00020BEA200B34FF
:105E80009078B9793E00021BEA209078DD7EEBA085
:105E90007E70017CBA9CB7F09078DDE0BEB00078EF
:105EA000A4AA907C7DF0907C791BEA00791E000208
:105EB000907C751BEA20793E0002E4907C87F0E438
:105EC000907C88F0907C7DE0BEB0007803025F8912
:105ED000907C75693E00020BEA20907C7F793E0041
:105EE000021BEA20907C7F693E00020BEA20BE186C
:105EF0000000581E907C7F693E00020BEA206E3441
:105F0000FFFF6E24FFFF0B1C907C7F793E00021B7D
:105F1000EA20907C7EE00A1B6D00907C7F693E0049
:105F2000020BEA209AFD9F0C7E1800302F01907C16
:105F300079693E00020BEA207A1B30907C7EE00AF1
:105F40001B6D00907C7F693E00020BEA209AFD9F4A
:105F50000C793E00021BEA20907C887EEBA0740145
:105F60002CBAF0907C7F693E00020BEA204D23683A
:105F700015907C79693E00020BEA200B34793E00D3
:105F8000021BEA20808C026038907C75693E00021A
:105F90000BEA20907C83793E00021BEA20907C7EF5
:105FA000E00A1B6D00907C83693E00020BEA209A98
:105FB000FD9EBB7CB3907C87F0907C877EEBA074C9
:105FC0000ABCAB400C7EA037907C87E02CBAF080F6
:105FD0000A7EA030907C87E02CBAF0907C87E0901D
:105FE0007C79693E00020BEA207A1BB0907C7EE04F
:105FF0000A1B6D00907C83693E00020BEA209AFD2B
:106000009EBB793E00021BEA20907C887EEBA07448
:10601000012CBAF0907C83693E00020BEA204D23EC
:106020006816907C79693E00020BEA200B34793EB9
:1060300000021BEA20025F9D907C88E02290805C39
:106040001BEA20793E00029080581BEA00791E006E
:10605000029F11908060793E00021BEA2002610FCE
:106060007E08000190805C693E00020BEA209F10D0
:10607000908060691E00020BEA009F107D139080E3
:1060800058693E00020BEA202D317E1BB0908064DF
:10609000F0908060693E00020BEA207D13908058EA
:1060A000693E00020BEA202D317E1B307E28000164
:1060B00090805C693E00020BEA209F12908060692C
:1060C0005E00020BEA409F127D03908058693E00FB
:1060D000020BEA202D307A1B30908064E0908060C3
:1060E000693E00020BEA207D13908058693E000251
:1060F0000BEA202D317A1BB0908060691E00020BE4
:10610000EA007E1800012F10793E00021BEA209061
:10611000805C693E00020BEA207F011E141E0450C1
:10612000034E2080908060693E00020BEA20BF0190
:106130002803026060229071D61BEA20793E00029B
:106140009071D21BEA00791E00027E346C807E249E
:1061500000FE7E1472137E04000174119AFD9F42AA
:106160009F119071E2793E00021BEA209071D26982
:106170003E00020BEA209071E6793E00021BEA2005
:106180009071D2693E00020BEA204D23681C907189
:10619000DA693E00020BEA204D23680E9071D66941
:1061A0003E00020BEA204D2378059F1102681E0273
:1061B00067D39071DA693E00020BEA207E1BB0BE05
:1061C000B02568539071DA693E00020BEA207E1B0D
:1061D000300B34793E00021BEA209071E6693E00E4
:1061E000020BEA207A1B309071E6693E00020BEA4E
:1061F000200B349071E6793E00021BEA209071E298
:10620000691E00020BEA007E1800012F10793E0083
:10621000021BEA200267D39071DA693E00020BEAA2
:10622000200B34793E00021BEA209071DA693E00AF
:10623000020BEA207E1BB0249D780302653D24F00A
:10624000780302646A24FB780302659A24146803C5
:106250000267799071DE693E00020BEA201B3579F6
:106260003E00021BEA209071DE693E00020BEA202C
:106270000B1A309071EC1BEA306D339071FE1BEA03
:10628000306D339072001BEA306D229071EC0BEA96
:1062900030BD32581C7E3400019072001BEA3090F1
:1062A00071EC0BEA306E34FFFF0B349071EC1BEA9B
:1062B000309071EC0BEA307E24000A9AFD9E6D7ED0
:1062C0005400302D529071FE0BEA207E3400012DD7
:1062D000321BEA307E3471EE2D327A71827A61831C
:1062E000F07E24000A9071EC0BEA309AFD9E6D1B43
:1062F000EA306D229071EC0BEA30BD32080E9071DD
:10630000FE0BEA207E34000FBD2348A59072000BDF
:10631000EA206D33BD23681E742D9071FE0BEA20B8
:106320007E3400012D321BEA307E3471EE2D327A3C
:1063300071827A6183F06D339071EA1BEA30807369
:106340009071EA0BEA207E3471EE2D327A71827AF6
:106350006183E0907224F09071EA0BEA309071FE54
:106360000BEA209D237E3471ED2D327A71827A61A1
:1063700083E09071EA0BEA207E3471EE2D327A715F
:10638000827A6183F0907224E09071EA0BEA309097
:1063900071FE0BEA209D237E3471ED2D327A7182DD
:1063A0007A6183F09071EA0BEA207E3400012D328D
:1063B0001BEA309071FE0BEA307E2400029AFD9EAB
:1063C0006D7D239071EA0BEA30BD325803026340C1
:1063D0006D339071EA1BEA30805C9071EA0BEA2021
:1063E0007E3471EE2D327A71827A6183E09071E6AB
:1063F000693E00020BEA207A1BB09071E6693E000C
:10640000020BEA200B349071E6793E00021BEA2071
:106410009071E2691E00020BEA007E1800012F1045
:10642000793E00021BEA209071EA0BEA207E3400DC
:10643000012D321BEA309071FE0BEA209071EA0BBD
:10644000EA30BD3258217E1800019071D6691E00D5
:10645000020BEA009F019071E2693E00020BEA2004
:10646000BF1050030263DA0267C09071DE693E001C
:10647000020BEA201B36793E00021BEA209071DEF7
:10648000691E00020BEA00693000020B0A209072BC
:1064900002793E00021BEA20907202693E00020B64
:1064A000EA204D2378127E346C3A7E2400FE9072EE
:1064B00002793E00021BEA208050907202693E0081
:1064C000020BEA207E1B300B34793E00021BEA20CF
:1064D0009071E6693E00020BEA207A1B309071E66B
:1064E000693E00020BEA200B349071E6793E00020F
:1064F0001BEA209071E2691E00020BEA007E180080
:10650000012F10793E00021BEA20907202693E00C2
:10651000020BEA207E1BB0BEB000681E7E18000190
:106520009071D6691E00020BEA009F019071E2692A
:106530003E00020BEA20BF1040800267C09071DE6F
:10654000693E00020BEA201B35793E00021BEA205F
:106550009071DE693E00020BEA200B1A109071E682
:10656000693E00020BEA207A1B309071E6693E001A
:10657000020BEA200B349071E6793E00021BEA2000
:106580009071E2691E00020BEA007E1800012F10D4
:10659000793E00021BEA200267C09071DE693E006E
:1065A000020BEA201B36793E00021BEA209071DEC6
:1065B000691E00020BEA00693000020B0A2090728B
:1065C00006793E00021BEA206D339071FE1BEA3013
:1065D000907206693E00020BEA207E24000F5D23C4
:1065E0007E3472132D327A71827A6183E09071FE6B
:1065F0000BEA207E3400012D321BEA307E34720A11
:106600002D327A71827A6183F07404907206693E49
:1066100000020BEA201E341E2450034E60801478C2
:10662000F4793E00021BEA20907206693E00020BDC
:10663000EA20BE180000280E9071FE0BEA207E347E
:106640000008BD23488A6D339071EA1BEA308073DD
:106650009071EA0BEA207E34720A2D327A71827AC6
:106660006183E0907224F09071EA0BEA309071FE41
:106670000BEA209D237E3472092D327A71827A6171
:1066800083E09071EA0BEA207E34720A2D327A712F
:10669000827A6183F0907224E09071EA0BEA309084
:1066A00071FE0BEA209D237E3472092D327A7182AD
:1066B0007A6183F09071EA0BEA207E3400012D327A
:1066C0001BEA309071FE0BEA307E2400029AFD9E98
:1066D0006D7D239071EA0BEA30BD3258030266509B
:1066E0006D339071EA1BEA30805C9071EA0BEA200E
:1066F0007E34720A2D327A71827A6183E09071E67B
:10670000693E00020BEA207A1BB09071E6693E00F8
:10671000020BEA200B349071E6793E00021BEA205E
:106720009071E2691E00020BEA007E1800012F1032
:10673000793E00021BEA209071EA0BEA207E3400C9
:10674000012D321BEA309071FE0BEA209071EA0BAA
:10675000EA30BD3258217E1800019071D6691E00C2
:10676000020BEA009F019071E2693E00020BEA20F1
:10677000BF1050030266EA80479071DA693E00025A
:106780000BEA207E1B309071E6693E00020BEA2086
:106790007A1B309071E6693E00020BEA200B3490C0
:1067A00071E6793E00021BEA209071E2691E000248
:1067B0000BEA007E1800012F10793E00021BEA2030
:1067C0009071DA693E00020BEA200B34793E000238
:1067D0001BEA209071DA693E00020BEA207E1BB0B2
:1067E000BEB00068217E1800019071D6691E0002BB
:1067F0000BEA009F019071E2693E00020BEA20BFA4
:106800001050030261B2E49071E6693E00020BEAA7
:10681000207A1BB09071E2693E00020BEA20AA9038
:1068200070ED1BEA20793E00029070E91BEA0079C6
:106830001E00029F119070F1793E00021BEA207E3B
:106840003470E97E2400019070F5793E00021BEA65
:10685000200271849070ED693E00020BEA207E1BDD
:10686000B09070F9F09070F9E0BEB0256803027145
:106870002D9070ED693E00020BEA200B34793E004A
:10688000021BEA207E1BB024DBBEB0544003027121
:10689000717EA003A4906899730270F20271710274
:1068A0007171027171027171027171027171027103
:1068B00071027171027171027171027171027171F3
:1068C0000271710271710271710271710271710252
:1068D00071710271710271710271710271710271D3
:1068E00071027171027171027171027171027171C3
:1068F000027171027171027171027171026AEA02B0
:1069000071710271710271710271710271710271A2
:106910007102717102717102717102717102717192
:1069200002717102717102717102717102717102F1
:106930007171026EF80271710271710271710271EE
:106940007102717102717102717102717102717162
:106950000271710269980269FE027171026AEA02AB
:1069600071710271710269FE0271710271710271BD
:1069700071027171027171026E4002704C0271718C
:10698000027171026FB0027171026D880271710241
:106990007171026EF80271719070F5693E00020B20
:1069A000EA201B36793E00021BEA209070F5693E12
:1069B00000020BEA20695100020B1A409070FAF0B5
:1069C0009070FAE09070E9693E00020BEA207A1BB1
:1069D000B09070E9693E00020BEA200B34793E006A
:1069E000021BEA209070F1691E00020BEA007E187B
:1069F00000012F10793E00021BEA20027171907095
:106A0000F5693E00020BEA201B36793E00021BEAC4
:106A1000209070F5691E00020BEA00693000020B3D
:106A20000A2090711B793E00021BEA20740A907CB8
:106A30007EF090711B693E00020BEA207E1470FA12
:106A40007E0400017401125EA290711FF090711B10
:106A5000693E00020BEA20BE18000058237EA02DDC
:106A600090711FE00A2B7E3470FA2D327A71827A8F
:106A700061837AEBA090711F7EEBA074012CBAF0B9
:106A80007E1470FA7E04000190711FE00A3B6D22B3
:106A900012603D90711FE00A3BCA397E3470FA7E65
:106AA0002400019070E9691E00020BEA009AFDFFC4
:106AB000BE1BFD90711FE00A1B9070E9693E000249
:106AC0000BEA202D31793E00021BEA2090711FE075
:106AD0000A1B6D009070F1693E00020BEA202F1036
:106AE000793E00021BEA200271719070F5693E0048
:106AF000020BEA209E340008793E00021BEA209037
:106B000070F5695E00020BEA400B2A006912000270
:106B1000692200046932000690711B1BEA00791E8D
:106B20000002792E0004793E0006740A907C7EF003
:106B300090711B0BEA00691E0002692E0004693E79
:106B400000069AFD932E7E1470FA7E0400017401F3
:106B5000125EA2907123F090711B0BEA80699E0077
:106B60000269AE000469BE00069F009F119AFD9263
:106B70007228237EA02D907123E00A2B7E3470FAB8
:106B80002D327A71827A61837AEBA09071237EEB49
:106B9000A074012CBAF07E1470FA7E04000190718A
:106BA00023E00A3B6D2212603D907123E00A3BCA4C
:106BB000397E3470FA7E2400019070E9691E00026B
:106BC0000BEA009AFDFFBE1BFD907123E00A1B90AB
:106BD00070E9693E00020BEA202D31793E00021B6C
:106BE000EA20907123E00A1B6D009070F1693E006D
:106BF000020BEA202F10793E00021BEA2090711B45
:106C00000BEA00691E0002692E0004693E00069A24
:106C1000FD932E7CB49AFD92E17F407F5190711BD1
:106C20000BEA00691E0002692E0004693E00069A04
:106C3000FD8FB07E84412E7E9484809F559AFD9076
:106C4000C390711B1BEA00791E0002792E000479A3
:106C50003E000690711B0BEA00691E0002692E00BF
:106C600004693E0006BE0800007804BE18000068F3
:106C70002F740A907C7EF090711B0BEA00691E0055
:106C800002692E0004693E00069AFD932E7E147060
:106C9000FA7E0400017401125EA2907123F0802A32
:106CA00074309070FFF074309070FEF0743090701B
:106CB000FDF074309070FCF074309070FBF0743024
:106CC0009070FAF07406907123F080237EA03090CB
:106CD0007123E00A2B7E3470FA2D327A71827A6148
:106CE000837AEBA09071237EEBA074012CBAF09014
:106CF00071237EEBA07406BCAB40D17EA02E9071B8
:106D000023E00A2B7E3470FA2D327A71827A618305
:106D10007AEBA09071237EEBA074012CBAF07E1464
:106D200070FA7E040001907123E00A3B6D2212602C
:106D30003D907123E00A3BCA397E3470FA7E24000C
:106D4000019070E9691E00020BEA009AFDFFBE1B6C
:106D5000FD907123E00A1B9070E9693E00020BEA86
:106D6000202D31793E00021BEA20907123E00A1B9E
:106D70006D009070F1693E00020BEA202F10793E01
:106D800000021BEA200271719070F5693E00020B4F
:106D9000EA201B36793E00021BEA209070F5691E3E
:106DA00000020BEA00693000020B0A2090711B7987
:106DB0003E00021BEA20740A907C7EF090711B69F1
:106DC0003E00020BEA207E1470FA7E040001E412F9
:106DD0005EA290711FF07E1470FA7E040001907123
:106DE0001FE00A3B6D2212603D90711FE00A3BCA12
:106DF000397E3470FA7E2400019070E9691E000229
:106E00000BEA009AFDFFBE1BFD90711FE00A1B906C
:106E100070E9693E00020BEA202D31793E00021B29
:106E2000EA2090711FE00A1B6D009070F1693E002E
:106E3000020BEA202F10793E00021BEA200271713A
:106E40009070F5693E00020BEA201B36793E000285
:106E50001BEA209070F5691E00020BEA0069300001
:106E6000020B0A2090711B793E00021BEA20740875
:106E7000907C7EF090711B693E00020BEA207E142C
:106E800070FA7E040001E4125EA290711FF07E147D
:106E900070FA7E04000190711FE00A3B6D221260BF
:106EA0003D90711FE00A3BCA397E3470FA7E24009F
:106EB000019070E9691E00020BEA009AFDFFBE1BFB
:106EC000FD90711FE00A1B9070E9693E00020BEA19
:106ED000202D31793E00021BEA2090711FE00A1B31
:106EE0006D009070F1693E00020BEA202F10793E90
:106EF00000021BEA200271719070F5693E00020BDE
:106F0000EA201B36793E00021BEA209070F5691ECC
:106F100000020BEA00693000020B0A2090711B7915
:106F20003E00021BEA207410907C7EF090711B6979
:106F30003E00020BEA207E1470FA7E040001E41287
:106F40005EA290711FF07E1470FA7E0400019071B1
:106F50001FE00A3B6D2212603D90711FE00A3BCAA0
:106F6000397E3470FA7E2400019070E9691E0002B7
:106F70000BEA009AFDFFBE1BFD90711FE00A1B90FB
:106F800070E9693E00020BEA202D31793E00021BB8
:106F9000EA2090711FE00A1B6D009070F1693E00BD
:106FA000020BEA202F10793E00021BEA20027171C9
:106FB0009070F5693E00020BEA201B36793E000214
:106FC0001BEA209070F5691E00020BEA0069300090
:106FD000020B0A209070FA793E00021BEA208057CB
:106FE0009070FA693E00020BEA207E1B309070E937
:106FF000693E00020BEA207A1B309070E9693E007E
:10700000020BEA200B34793E00021BEA209070F15B
:10701000691E00020BEA007E1800012F10793E0065
:10702000021BEA209070FA693E00020BEA200B3442
:10703000793E00021BEA209070FA693E00020BEADA
:10704000207E1BB0BEB00078970271719070F56918
:107050003E00020BEA201B36793E00021BEA20901C
:1070600070F5691E00020BEA00693000020B0A206D
:1070700090711B793E00021BEA207410907C7EF018
:1070800090711B693E00020BEA207E1470FA7E04A8
:107090000001E4125EA27E1470FA7E0400017E18E4
:1070A000000812603D7E340008CA397E3470FA7ED2
:1070B0002400019070E9691E00020BEA009AFDFFAE
:1070C000BE1BFD9070E9693E00020BEA202E3400E1
:1070D00008793E00021BEA207E0800089070F169E2
:1070E0003E00020BEA202F10793E00021BEA20022C
:1070F000717174259070E9693E00020BEA207A1BD9
:10710000B09070E9693E00020BEA200B34793E0032
:10711000021BEA209070F1691E00020BEA007E1843
:1071200000012F10793E00021BEA2080449070ED90
:10713000693E00020BEA207E1B309070E9693E0038
:10714000020BEA207A1B309070E9693E00020BEADC
:10715000200B34793E00021BEA209070F1691E007A
:10716000020BEA007E1800012F10793E00021BEA94
:10717000209070ED693E00020BEA200B34793E004E
:10718000021BEA209070ED693E00020BEA207E1B94
:10719000B0BEB00068030268549070F1693E00020E
:1071A0000BEA20AA9072271BEA00791E0002907257
:1071B000251BEA307E3467CD7E2400FE7E147233B8
:1071C0007E04000174409AFD9F426D339072731BE0
:1071D000EA306D339072751BEA30907227691E0099
:1071E000020BEA006D337E240080BF01500302745D
:1071F0004D02743990722F693E00020BEA20BE18CE
:10720000004028067E340040800A90722F693E00BC
:10721000020BEA209072731BEA309072730BEA3013
:10722000CA39907227693E00020BEA207E1472333D
:107230007E0400019AFDFFBE1BFD9072730BEA10E5
:107240006D0090722F693E00020BEA209F10793E7C
:1072500000021BEA209072730BEA10907227693EBD
:1072600000020BEA202D31793E00021BEA209072C9
:10727000730BEA007E1400019D017E1400FF5D1077
:107280009072250BEA301A261A242F112F117E54E2
:1072900068B97E4400FE2F21693200020B2A207A51
:1072A0001B309072730BEA207E3400019D237E34E4
:1072B000FF005D327D130A129072250BEA301A2608
:1072C0001A242F112F117E54684D7E4400FE2F2169
:1072D000693200020B2A207A1B307E3472337D1310
:1072E0000A129072250BEA301A261A242F112F1138
:1072F0007E5468657E4400FE2F21693200020B2A0D
:10730000207A1B307E1472339072250BEA301A26D5
:107310001A242F112F117E54687D7E4400FE2F21E8
:10732000693200020B2A207A1B309072750BEA102A
:1073300090722B693E00020BEA202D317D130A1258
:107340009072250BEA301A261A242F112F117E5421
:1073500068657E4400FE2F21693200020B2A207AE4
:107360001B309072750BEA1090722B693E00020B75
:10737000EA202D317D139072250BEA301A261A244B
:107380002F112F117E54687D7E4400FE2F2169321B
:1073900000020B2A207A1B3074409072250BEA30D1
:1073A0001A261A242F112F117E1468AD7E0400FEB8
:1073B0002F01693000020B0A207A1BB074C1907251
:1073C000250BEA301A261A242F112F117E1467B5C7
:1073D0007E0400FE2F01693000020B0A207A1BB0E8
:1073E0009072250BEA301A261A242F112F117E14C1
:1073F00068C57E0400FE2F01693000020B0A207E62
:107400001BB030E0DBE49072250BEA301A261A2418
:107410002F112F117E1468C57E0400FE2F016930E4
:1074200000020B0A207A1BB09072730BEA20907254
:10743000750BEA302D321BEA3090722F693E000244
:107440000BEA204D2368030271F402761390722F29
:10745000693E00020BEA207D037E1400019D017E3F
:107460001400FF5D106D009072250BEA301A261A89
:10747000242F112F117E5468B97E4400FE2F2169FC
:107480003200020B2A207A1B3090722F693E0002D4
:107490000BEA207D237E3400019D237E34FF005DB6
:1074A000326D227C369072250BEA301A261A242F70
:1074B000112F117E54684D7E4400FE2F2169320049
:1074C000020B2A207A1B30907227693E00020BEAD9
:1074D000207D130A129072250BEA301A261A242FE7
:1074E000112F117E5468657E4400FE2F2169320001
:1074F000020B2A207A1B30907227693E00020BEAA9
:10750000207D139072250BEA301A261A242F112F92
:10751000117E54687D7E4400FE2F21693200020BEB
:107520002A207A1B3090722B693E00020BEA207DE4
:10753000130A129072250BEA301A261A242F112FE3
:10754000117E5468597E4400FE2F21693200020BDF
:107550002A207A1B3090722B693E00020BEA207DB4
:10756000139072250BEA301A261A242F112F117E40
:107570005468717E4400FE2F21693200020B2A20DC
:107580007A1B3074609072250BEA301A261A242F69
:10759000112F117E1468AD7E0400FE2F01693000AA
:1075A000020B0A207A1BB074C19072250BEA301AC4
:1075B000261A242F112F117E1467B57E0400FE2F8A
:1075C00001693000020B0A207A1BB09072250BEA89
:1075D000301A261A242F112F117E1468C57E04003C
:1075E000FE2F01693000020B0A207E1BB030E0DB69
:1075F000E49072250BEA301A261A242F112F117EDF
:107600001468C57E0400FE2F01693000020B0A20B9
:107610007A1BB0AA9072C61BEA00791E0002907213
:10762000C41BEA307E34680D7E2400FE7E1472CEC8
:107630007E04000174409AFD9F426D3390730E1BCF
:10764000EA309072C6691E00020BEA006D337E2498
:107650000080BF0150030278360278229072CA6916
:107660003E00020BEA20BE18004028067E3400408F
:10767000800A9072CA693E00020BEA2090730E1BCA
:10768000EA3090730E0BEA30CA399072C6693E0038
:10769000020BEA207E1472CE7E0400019AFDFFBE2A
:1076A0001BFD90730E0BEA106D009072CA693E00CC
:1076B000020BEA209F10793E00021BEA2090730E15
:1076C0000BEA109072C6693E00020BEA202D317958
:1076D0003E00021BEA2090730E0BEA007E140001AC
:1076E0009D017E1400FF5D109072C40BEA301A26D3
:1076F0001A242F112F117E5468B97E4400FE2F21C9
:10770000693200020B2A207A1B3090730E0BEA209C
:107710007E3400019D237E34FF005D327D130A120A
:107720009072C40BEA301A261A242F112F117E549E
:10773000684D7E4400FE2F21693200020B2A207A18
:107740001B307E3472CE7D130A129072C40BEA3065
:107750001A261A242F112F117E5468657E4400FECC
:107760002F21693200020B2A207A1B307E1472CE40
:107770009072C40BEA301A261A242F112F117E544E
:10778000687D7E4400FE2F21693200020B2A207A98
:107790001B3074409072C40BEA301A261A242F1141
:1077A0002F117E1468AD7E0400FE2F0169300002A7
:1077B0000B0A207A1BB074C19072C40BEA301A26EF
:1077C0001A242F112F117E1467B57E0400FE2F019D
:1077D000693000020B0A207A1BB09072C40BEA30A9
:1077E0001A261A242F112F117E1468C57E0400FE5C
:1077F0002F01693000020B0A207E1BB030E0DBE471
:107800009072C40BEA301A261A242F112F117E14FD
:1078100068C57E0400FE2F01693000020B0A207A41
:107820001BB09072CA693E00020BEA204D23680328
:1078300002765C02799E9072CA693E00020BEA20D1
:107840007D037E1400019D017E1400FF5D106D001C
:107850009072C40BEA301A261A242F112F117E546D
:1078600068B97E4400FE2F21693200020B2A207A7B
:107870001B309072CA693E00020BEA207D237E34E1
:1078800000019D237E34FF005D326D227C369072B4
:10789000C40BEA301A261A242F112F117E54684D7A
:1078A0007E4400FE2F21693200020B2A207A1B3011
:1078B0009072C6693E00020BEA207D130A12907294
:1078C000C40BEA301A261A242F112F117E54686532
:1078D0007E4400FE2F21693200020B2A207A1B30E1
:1078E0009072C6693E00020BEA207D139072C40BB1
:1078F000EA301A261A242F112F117E54687D7E44F7
:1079000000FE2F21693200020B2A207A1B307440BE
:107910009072C40BEA301A261A242F112F117E14EC
:1079200068AD7E0400FE2F01693000020B0A207A48
:107930001BB074C19072C40BEA301A261A242F119E
:107940002F117E1467B57E0400FE2F0169300002FE
:107950000B0A207A1BB09072C40BEA301A261A2444
:107960002F112F117E1468C57E0400FE2F0169308F
:1079700000020B0A207E1BB030E0DBE49072C40BE7
:10798000EA301A261A242F112F117E1468C57E049E
:1079900000FE2F01693000020B0A207A1BB0AA906A
:1079A00082A41BEA00791E00029082A21BEA30909A
:1079B00082A8693E00020BEA207D037E1400019D2F
:1079C000017E1400FF5D106D009082A20BEA301A58
:1079D000261A242F112F117E5468B97E4400FE2FE1
:1079E00021693200020B2A207A1B309082A8693E5E
:1079F00000020BEA207D237E3400019D237E34FFAC
:107A0000005D326D227C369082A20BEA301A261A73
:107A1000242F112F117E54684D7E4400FE2F2169C2
:107A20003200020B2A207A1B309082A4693E0002A9
:107A30000BEA207D130A129082A20BEA301A261A52
:107A4000242F112F117E5468597E4400FE2F216986
:107A50003200020B2A207A1B309082A4693E000279
:107A60000BEA207D139082A20BEA301A261A242FEB
:107A7000112F117E5468717E4400FE2F216932005F
:107A8000020B2A207A1B3074209082A20BEA301A53
:107A9000261A242F112F117E1468AD7E0400FE2FAC
:107AA00001693000020B0A207A1BB074C19082A2D7
:107AB0000BEA301A261A242F112F117E1467B57E77
:107AC0000400FE2F01693000020B0A207A1BB090DF
:107AD00082A20BEA301A261A242F112F117E146865
:107AE000C57E0400FE2F01693000020B0A207E1BB8
:107AF000B030E0DBE49082A20BEA301A261A242F81
:107B0000112F117E1468C57E0400FE2F016930001C
:107B1000020B0A207A1BB0AA908732F09087301BA4
:107B2000EA307E1800019072CA793E00021BEA20FA
:107B30009087300BEA307E1487327E0400019AFC75
:107B40007614AA9082AE1BEA00791E00029082ACE5
:107B50001BEA309082B2693E00020BEA209072CAA2
:107B6000793E00021BEA209082AC0BEA309082AE94
:107B7000691E00020BEA009AFC7614AA9086A71BE5
:107B8000EA209086A51BEA307E1800029072CA791E
:107B90003E00021BEA209086A50BEA307E1486A7E1
:107BA0007E0400019AFC7614AA9082B81BEA007940
:107BB0001E00029082B61BEA309082BC693E000231
:107BC0000BEA202F119072CA793E00021BEA209026
:107BD00082B60BEA309082B8691E00020BEA009A66
:107BE000FC7614AA9086AC7AEB509086ABF0908627
:107BF000A91BEA307E1800019072CA793E00021B70
:107C0000EA209086A90BEA307E1486AB7E04000140
:107C10009AFC76147E1800019072CA793E00021B0D
:107C2000EA209086A90BEA307E1486AC7E0400011F
:107C30009AFC7614AA9082391BEA00791E00029001
:107C40008238F09082361BEA307E1800019072CAAA
:107C5000793E00021BEA209082360BEA307E1482C5
:107C6000387E0400019AFC761490823D693E000241
:107C70000BEA209072CA793E00021BEA20908236FD
:107C80000BEA30908239691E00020BEA009AFC76FA
:107C900014AA9085961BEA109085941BEA20908583
:107CA000921BEA307E1800029072CA793E00021BD5
:107CB000EA209085920BEA307E1485947E040001C0
:107CC0009AFC76147E1800029072CA793E00021B5C
:107CD000EA209085920BEA307E1485967E0400019E
:107CE0009AFC7614AA90810E1BEA00791E0002907D
:107CF000810C1BEA2090810A1BEA307E180002905A
:107D000072CA793E00021BEA2090810A0BEA307E9B
:107D100014810C7E0400019AFC7614908112693E55
:107D200000020BEA202F119072CA793E00021BEA72
:107D30002090810A0BEA3090810E691E00020BEA46
:107D4000009AFC7614AA9087331BEA30E4908735BA
:107D5000F07E1800019082A8793E00021BEA209074
:107D600087330BEA307E1487357E0400019AFC7954
:107D70009F908735E0AA9082C21BEA00791E00021C
:107D80009082C01BEA309082C6693E00020BEA2056
:107D90009082A8793E00021BEA209082C00BEA3054
:107DA0009082C2691E00020BEA009AFC799FAA9099
:107DB00086AD1BEA307E1800029082A8793E000250
:107DC0001BEA209086AD0BEA307E1486AF7E04005D
:107DD000019AFC799F9086AF0BEA30AA9082CC1B67
:107DE000EA00791E00029082CA1BEA309082D069B4
:107DF0003E00020BEA202F119082A8793E00021B60
:107E0000EA209082CA0BEA309082CC691E00020BF5
:107E1000EA009AFC799FAA9086B3F09086B11BEA9B
:107E200030E49086B4F07E1800019072CA793E006A
:107E3000021BEA209086B10BEA307E1486B37E04E2
:107E400000019AFC76147E1800019082A8793E0009
:107E5000021BEA209086B10BEA307E1486B47E04C1
:107E600000019AFC799F9086B4E0AA9082441BEAB4
:107E700000791E0002908243F09082411BEA307E1E
:107E80001800019072CA793E00021BEA20908241DC
:107E90000BEA307E1482437E0400019AFC76149033
:107EA0008248693E00020BEA209082A8793E0002D7
:107EB0001BEA209082410BEA30908244691E000246
:107EC0000BEA009AFC799FAA90859A1BEA2090857C
:107ED000981BEA307E1800029072CA793E00021B9D
:107EE000EA209085980BEA307E14859A7E04000182
:107EF0009AFC76147E1800029082A8793E00021B3C
:107F0000EA209085980BEA307E14859C7E0400015F
:107F10009AFC799F90859C0BEA30AA90811A1BEA03
:107F200000791E00029081181BEA209081161BEA3E
:107F3000307E1800029072CA793E00021BEA20903F
:107F400081160BEA307E1481187E0400019AFC76BB
:107F50001490811E693E00020BEA209082A8793EAF
:107F600000021BEA209081160BEA3090811A691EEC
:107F700000020BEA009AFC799FAA907FCE1BEA00D0
:107F8000791E0002907FCC1BEA30907FD2693E00C0
:107F9000020BEA2090722B793E00021BEA20907FB0
:107FA000D6693E00020BEA2090722F793E00021B38
:107FB000EA20907FCC0BEA30907FCE691E00020B46
:107FC000EA009AFC71A4AA907FDC1BEA00791E00EB
:107FD00002907FDA1BEA30907FE0693E00020BEAF4
:107FE0002090722B793E00021BEA20907FE4693ECC
:107FF00000020BEA202F1190722F793E00021BEA3B
:1080000020907FDA0BEA30907FDC691E00020BEAD9
:10801000009AFC71A4AA907CDD1BEA00791E000284
:10802000907CDB1BEA20907CD91BEA309F11907C6E
:10803000E9793E00021BEA20907CE30BEA307E24C3
:10804000FF005D23907CE10BEA107E34FF005D3180
:10805000BD326811E47E14678B7E0400FE7E34021C
:10806000519AFE2B31907CE10BEA207E3400FF5DBB
:10807000327E24000174017E1400109AFD5856903F
:108080007CE30BEA207E3400FF5D327E2400017425
:10809000017E1400109AFD5856907CE50BEA207E74
:1080A00034FFFFBD236818907CE50BEA207E340086
:1080B000FF5D326D2274017E1400039AFD585690C4
:1080C0007CE70BEA207E34FFFFBD236819907CE734
:1080D0000BEA207E3400FF5D327E240001E47E1432
:1080E00000109AFD5856907CDD693E00020BEA2094
:1080F000BE1896804064907CE10BEA207E3400FF3D
:108100005D326D229AFD515C907CE30BEA207E3457
:1081100000FF5D326D229AFD515C907CE50BEA20F8
:108120007E34FFFFBD236812907CE50BEA207E348D
:1081300000FF5D326D229AFD515C907CE70BEA20D6
:108140007E34FFFFBD236812907CE70BEA207E346B
:1081500000FF5D326D229AFD515C907CD90BEA30B4
:108160001B3468741B3478030283090B35680302DF
:10817000841553A2F3907CE10BEA307D231A247E10
:108180003400035D321B3468141B3468151B3468DB
:10819000162E3400037813E5A2F5A2800D43A20445
:1081A000800843A208800343A20CE4F5CE43CE909E
:1081B00043CE03907CDB0BEA301B35680D1B346823
:1081C0000E0B35780D43CE04800843CE0880034360
:1081D000CE0C43CE4002841574FC7E14FD6C7E04EC
:1081E000007E7E0B705C7B7A0B70907CE10BEA303A
:1081F0007D231A247E3400035D321B34681E1B3439
:10820000682E1B34683E2E340003784A7E14FD6CC1
:108210007E04007E7E0B707A0B70803A74017E14AF
:10822000FD6C7E04007E7E0B704C7B7A0B7080268A
:1082300074027E14FD6C7E04007E7E0B704C7B7A93
:108240000B70801274037E14FD6C7E04007E7E0B26
:10825000704C7B7A0B70E47E34F8007E24007E7ACA
:108260001BB074907E14F8007E04007E7E0B704C70
:108270007B7A0B70907CDD691E00020BEA00908611
:1082800061693E00020BEA209AFD9EBB907CE97971
:108290003E00021BEA2074037E14F8007E04007E78
:1082A0007E0B704C7B7A0B70907CDB0BEA301B35BD
:1082B000681C1B34682C0B35783A74047E14F80063
:1082C0007E04007E7E0B704C7B7A0B7080267408D7
:1082D0007E14F8007E04007E7E0B704C7B7A0B705F
:1082E0008012740C7E14F8007E04007E7E0B704CAD
:1082F0007B7A0B7074407E14F8007E04007E7E0B47
:10830000704C7B7A0B7002841574F37E14FD6C7EC6
:1083100004007E7E0B705C7B7A0B70907CE10BEA34
:10832000307D231A247E3400035D321B34681E1B0B
:1083300034682E1B34683E2E340003784A7E14FDC8
:108340006C7E04007E7E0B707A0B70803A74047E23
:1083500014FD6C7E04007E7E0B704C7B7A0B70806B
:108360002674087E14FD6C7E04007E7E0B704C7BB0
:108370007A0B708012740C7E14FD6C7E04007E7E7D
:108380000B704C7B7A0B70E47E34F8207E24007EE8
:108390007A1BB074907E14F8207E04007E7E0B70F1
:1083A0004C7B7A0B7074037E14F8207E04007E7E72
:1083B0000B704C7B7A0B70907CDB0BEA301B3568C2
:1083C0001C1B34682C0B35783A74047E14F8207E1C
:1083D00004007E7E0B704C7B7A0B70802674087EC6
:1083E00014F8207E04007E7E0B704C7B7A0B70802C
:1083F00012740C7E14F8207E04007E7E0B704C7B81
:108400007A0B7074407E14F8207E04007E7E0B7020
:108410004C7B7A0B70E4907CD90BEA301A261A2434
:108420002F112F117E1467C17E0400FE2F016930C9
:1084300000020B0A207A1BB07410907CD90BEA3032
:108440001A261A242F112F117E1468A17E0400FE13
:108450002F01693000020B0A207A1BB0907CDD6985
:108460001E00020BEA00908661693E00020BEA20C2
:108470009AFD9EBB4D0178046DFF80047EF40001DF
:108480007D3F1A361AE6907CDD691E00020BEA0079
:10849000908661693E00020BEA209AFD9EBB2F1771
:1084A000907CE9793E00021BEA20907CE9693E005D
:1084B000020BEA20BE1800FF280E7E1800FF907CF9
:1084C000E9793E00021BEA20907CE9691E00020B5C
:1084D000EA00907CD90BEA301A261A242F112F11AA
:1084E0007E5468D17E4400FE2F21693200020B2A9F
:1084F000207A1B30E4907CD90BEA301A261A242FFC
:10850000112F117E1468C57E0400FE2F0169300012
:10851000020B0A207A1BB0E4907CD90BEA301A26B1
:108520001A242F112F117E1468AD7E0400FE2F0136
:10853000693000020B0A207A1BB0E4907CD90BEA68
:10854000301A261A242F112F117E1468897E0400F8
:10855000FE2F01693000020B0A207A1BB0E4907CE8
:10856000D90BEA301A261A242F112F117E14689580
:108570007E0400FE2F01693000020B0A207A1BB036
:1085800074C1907CD90BEA301A261A242F112F11AE
:108590007E1467B57E0400FE2F01693000020B0ACD
:1085A000207A1BB0AA908738F09087361BEA30906B
:1085B00087360BEA301B3468191B3468410B357859
:1085C0006974C0F5CD908738E0F5CFE5CD30E7FB95
:1085D000806974C07E34F8017E24007E7A1BB090DE
:1085E0008738E07E34F8027E24007E7A1BB07E3429
:1085F000F8017E24007E7E1BB030E7F2803D74C01F
:108600007E34F8217E24007E7A1BB0908738E07E8D
:1086100034F8227E24007E7A1BB07E34F8217E243A
:10862000007E7E1BB030E7F28011E47E14678B7E03
:108630000400FE7E3402F79AFE2B31AA9086B7F032
:108640009086B51BEA3074FF9086B8F09086B50B23
:10865000EA301B3468231B34685A0B3568030286E2
:10866000EF74C0F5CD9086B7E0F5CFE5CD30E7FBF0
:10867000E5CF9086B8F002870074C07E34F8017EA2
:1086800024007E7A1BB09086B7E07E34F8027E2408
:10869000007E7A1BB07E34F8017E24007E7E1BB003
:1086A00030E7F27E34F8027E24007E7E1BB0908696
:1086B000B8F0804C74C07E34F8217E24007E7A1B92
:1086C000B09086B7E07E34F8227E24007E7A1BB01C
:1086D0007E34F8217E24007E7E1BB030E7F27E34AB
:1086E000F8227E24007E7E1BB09086B8F08011E4D4
:1086F0007E14678B7E0400FE7E3403159AFE2B31B8
:108700009086B8E0AA90873BF09087391BEA3090BA
:1087100087390BEA3090873BE09AFC85A5AA9082C6
:10872000D61BEA00791E00029082D41BEA3080201A
:108730009082D40BEA309082D6691E00020BEA00C8
:108740007E0BB00B14791E00021BEA009AFC85A573
:108750009082DA693E00020BEA207E2800017F0148
:108760009F02791E00021BEA004D2378C3AA90865F
:10877000BB1BEA209086B91BEA309086B90BEA3021
:108780009086BB0BEA107E24FF005D217D520A5AC1
:108790009AFC85A59086B90BEA309086BB0BEA203F
:1087A0007E5400FF5D529AFC85A5AA9082E01BEAE8
:1087B00000791E00029082DE1BEA3080479082DE44
:1087C0000BEA309082E0691E00020BEA000B0A10EF
:1087D0007E24FF005D217D520A5A9AFC85A5908275
:1087E000DE0BEA309082E0691E00020BEA000B0A01
:1087F000200B15791E00021BEA007E5400FF5D521B
:108800009AFC85A59082E4693E00020BEA207E284E
:1088100000017F019F02791E00021BEA004D2378B0
:108820009CAA9086C07AEB509086BFF09086BD1BC4
:10883000EA309086BD0BEA309086BFE09AFC85A5B1
:108840009086BD0BEA309086C0E09AFC85A5AA9080
:10885000824F1BEA00791E000290824EF090824CFB
:108860001BEA3090824C0BEA3090824EE09AFC85F5
:10887000A5802090824C0BEA3090824F691E000246
:108880000BEA007E0BB00B14791E00021BEA009A63
:10889000FC85A5908253693E00020BEA207E2800E9
:1088A000017F019F02791E00021BEA004D2378C35D
:1088B000AA9085A21BEA109085A01BEA2090859EB5
:1088C0001BEA3090859E0BEA309085A00BEA107E63
:1088D00024FF005D217D520A5A9AFC85A590859E51
:1088E0000BEA309085A00BEA207E5400FF5D529A7F
:1088F000FC85A590859E0BEA309085A20BEA107E40
:1089000024FF005D217D520A5A9AFC85A590859E20
:108910000BEA309085A20BEA207E5400FF5D529A4C
:10892000FC85A5AA9081261BEA00791E0002908191
:10893000241BEA209081221BEA309081220BEA302E
:108940009081240BEA107E24FF005D217D520A5A9B
:108950009AFC85A59081220BEA309081240BEA20B5
:108960007E5400FF5D529AFC85A59081220BEA306F
:10897000908126691E00020BEA000B0A107E24FF7C
:10898000005D217D520A5A9AFC85A59081220BEA4E
:1089900030908126691E00020BEA000B0A200B159D
:1089A000791E00021BEA007E5400FF5D529AFC858E
:1089B000A5AA90876A1BEA3090876A0BEA30E49A8E
:1089C000FC863CAA9082EA1BEA00791E0002908293
:1089D000E81BEA30802E9082E80BEA30E49AFC86AD
:1089E0003C9082EA693E00020BEA207A1BB090823A
:1089F000EA693E00020BEA200B349082EA793E00DD
:108A0000021BEA209082EE693E00020BEA207E28DB
:108A100000017F019F02791E00021BEA004D2378AE
:108A2000B5AA9086C11BEA306D339086C31BEA302D
:108A30009086C10BEA30E49AFC863C0A3B9086C3E0
:108A40001BEA309086C10BEA30E49AFC863C0A2B84
:108A50009086C30BEA307C676C774D329086C31BDF
:108A6000EA309086C30BEA30AA9082F41BEA0079C0
:108A70001E00029082F21BEA30805A9082F20BEACA
:108A800030E49AFC863C0A1B9082F4693E00020B9B
:108A9000EA201B1A109082F20BEA30E49AFC863C22
:108AA0000A0B9082F4693E00020BEA200B1A107C3C
:108AB000236C334D109082F4693E00020BEA201BB8
:108AC0001A109082F4693E00020BEA200B35793EC1
:108AD00000021BEA209082F8693E00020BEA207E29
:108AE0002800017F019F02791E00021BEA004D232E
:108AF0007889AA90873EF090873C1BEA3090873CAB
:108B00000BEA3090873EE09AFC85A590873C0BEA03
:108B100030E49AFC863CAA90825A1BEA00791E0037
:108B200002908259F09082571BEA309082570BEAEC
:108B300030908259E09AFC85A5802E9082570BEAEE
:108B400030E49AFC863C90825A693E00020BEA208F
:108B50007A1BB090825A693E00020BEA200B3490D7
:108B6000825A793E00021BEA2090825E693E000232
:108B70000BEA207E2800017F019F02791E00021B64
:108B8000EA004D2378B5AA9085A61BEA209085A41B
:108B90001BEA306D339085A81BEA309085A40BEA60
:108BA000309085A60BEA107E24FF005D217D520ADD
:108BB0005A9AFC85A59085A40BEA309085A60BEA0D
:108BC000207E5400FF5D529AFC85A59085A40BEA97
:108BD00030E49AFC863C0A3B9085A81BEA309085DD
:108BE000A40BEA30E49AFC863C0A2B9085A80BEA99
:108BF000307C676C774D329085A81BEA309085A851
:108C00000BEA30AA9081321BEA00791E00029081A3
:108C1000301BEA2090812E1BEA3090812E0BEA3027
:108C20009081300BEA107E24FF005D217D520A5AAC
:108C30009AFC85A590812E0BEA309081300BEA20BA
:108C40007E5400FF5D529AFC85A5805A90812E0BC0
:108C5000EA30E49AFC863C0A1B908132693E0002AD
:108C60000BEA201B1A1090812E0BEA30E49AFC8646
:108C70003C0A0B908132693E00020BEA200B1A106D
:108C80007C236C334D10908132693E00020BEA2048
:108C90001B1A10908132693E00020BEA200B3579D5
:108CA0003E00021BEA20908136693E00020BEA205A
:108CB0007E2800017F019F02791E00021BEA004D01
:108CC000237889AA907FEA1BEA00791E0002907F30
:108CD000E81BEA308073907FEE693E00020BEA20C9
:108CE0004D236845907FE80BEA30907FEA691E00CB
:108CF000020BEA007E0BB00B14791E00021BEA0087
:108D00009AFC863C907FEE693E00020BEA207A1BBB
:108D1000B0907FEE693E00020BEA200B34907FEEAC
:108D2000793E00021BEA208020907FE80BEA309019
:108D30007FEA691E00020BEA007E0BB00B14791E5D
:108D400000021BEA009AFC85A5907FF2693E0002B2
:108D50000BEA207E2800017F019F02791E00021B82
:108D6000EA004D236803028CD6AA907FF81BEA0024
:108D7000791E0002907FF61BEA30028E5D907FFC28
:108D8000693E00020BEA204D237803028E0C907F8F
:108D9000F60BEA30907FF8691E00020BEA000B0A1E
:108DA000107E24FF005D217D520A5A9AFC863C0AFF
:108DB0001B907FFC693E00020BEA201B1A10907F7B
:108DC000F60BEA30907FF8691E00020BEA000B0AEE
:108DD000509AFC863C0A0B907FFC693E00020BEA2D
:108DE000200B1A107C236C334D10907FFC693E00E1
:108DF000020BEA201B1A10907FFC693E00020BEA6E
:108E0000200B35793E00021BEA20803E907FF60B56
:108E1000EA30907FF8691E00020BEA000B0A107E10
:108E200024FF005D217D520A5A9AFC85A5907FF6A9
:108E30000BEA30907FF8691E00020BEA000B0A2053
:108E40007E5400FF5D529AFC85A5907FF8693E0034
:108E5000020BEA200B35793E00021BEA20908000CD
:108E6000693E00020BEA207E2800017F019F027903
:108E70001E00021BEA004D236803028D7DAA907C30
:108E8000F11BEA00791E0002907CEF1BEA20907C27
:108E9000ED1BEA309F11907CFD793E00021BEA2019
:108EA000907CF70BEA307E24FF005D23907CF50B6D
:108EB000EA107E34FF005D31BD326811E47E146734
:108EC0008B7E0400FE7E34046A9AFE2B31907CF582
:108ED0000BEA207E3400FF5D327E24000174017EA7
:108EE0001400109AFD5856907CF70BEA207E34004F
:108EF000FF5D327E24000174017E1400109AFD583B
:108F000056907CF90BEA207E34FFFFBD2368169053
:108F10007CF90BEA207E3400FF5D326D2274016D16
:108F2000119AFD5856907CFB0BEA207E34FFFFBD62
:108F3000236819907CFB0BEA207E3400FF5D327EB3
:108F4000240001E47E1400109AFD5856907CF169CB
:108F50003E00020BEA20BE1896804064907CF50B20
:108F6000EA207E3400FF5D326D229AFD515C907CD8
:108F7000F70BEA207E3400FF5D326D229AFD515CD2
:108F8000907CF90BEA207E34FFFFBD236812907CB1
:108F9000F90BEA207E3400FF5D326D229AFD515CB0
:108FA000907CFB0BEA207E34FFFFBD236812907C8F
:108FB000FB0BEA207E3400FF5D326D229AFD515C8E
:108FC000907CED0BEA301B3478030290841B3478DC
:108FD000030291C70B35680302930753A2F3907CF9
:108FE000F50BEA307D231A247E3400035D321B34F6
:108FF00068141B3468151B3468162E34000378136C
:10900000E5A2F5A2800D43A204800843A2088003D4
:1090100043A20CE4F5CE43CE90907CF1691E000291
:109020000BEA00908661693E00020BEA209AFD9EE1
:10903000BB907CFD793E00021BEA20907CFD693EDE
:1090400000020BEA201E341E2450034E60807E086E
:1090500000012F017E34FE907E24007E7A1B30902A
:109060007CEF0BEA301B35680D1B34680E0B35782E
:109070000D43CE04800843CE08800343CE0C43CE7C
:109080004002930774FC7E14FD6C7E04007E7E0B10
:10909000705C7B7A0B70907CF50BEA307D231A2490
:1090A0007E3400035D321B34681E1B34682E1B3473
:1090B000683E2E340003784A7E14FD6C7E04007EE8
:1090C0007E0B707A0B70803A74017E14FD6C7E0406
:1090D000007E7E0B704C7B7A0B70802674027E14AF
:1090E000FD6C7E04007E7E0B704C7B7A0B708012D0
:1090F00074037E14FD6C7E04007E7E0B704C7B7AC4
:109100000B70E47E34F8007E24007E7A1BB07490ED
:109110007E14F8007E04007E7E0B704C7B7A0B7010
:10912000907CF1691E00020BEA00908661693E00A6
:10913000020BEA209AFD9EBB907CFD793E00021B4B
:10914000EA20907CFD693E00020BEA201E341E24BA
:1091500050034E60807E0800012F017E34F8087EA7
:1091600024007E7A1B30907CEF0BEA301B35681CA4
:109170001B34682C0B35783A74047E14F8007E0496
:10918000007E7E0B704C7B7A0B70802674087E14F8
:10919000F8007E04007E7E0B704C7B7A0B70801290
:1091A000740C7E14F8007E04007E7E0B704C7B7A7B
:1091B0000B7074407E14F8007E04007E7E0B704CB1
:1091C0007B7A0B7002930774F37E14FD6C7E0400AF
:1091D0007E7E0B705C7B7A0B70907CF50BEA307DA9
:1091E000231A247E3400035D321B34681E1B34684E
:1091F0002E1B34683E2E340003784A7E14FD6C7EAC
:1092000004007E7E0B707A0B70803A74047E14FD2D
:109210006C7E04007E7E0B704C7B7A0B7080267413
:10922000087E14FD6C7E04007E7E0B704C7B7A0BF6
:10923000708012740C7E14FD6C7E04007E7E0B70B8
:109240004C7B7A0B70E47E34F8207E24007E7A1BFF
:10925000B074907E14F8207E04007E7E0B704C7BF0
:109260007A0B70907CF1691E00020BEA0090866117
:10927000693E00020BEA209AFD9EBB907CFD793E80
:1092800000021BEA20907CFD693E00020BEA201ED2
:10929000341E2450034E60807E0800012F017E346E
:1092A000F8287E24007E7A1B30907CEF0BEA301B7E
:1092B00035681C1B34682C0B35783A74047E14F81E
:1092C000207E04007E7E0B704C7B7A0B70802674AF
:1092D000087E14F8207E04007E7E0B704C7B7A0B97
:1092E000708012740C7E14F8207E04007E7E0B7059
:1092F0004C7B7A0B7074407E14F8207E04007E7ED6
:109300000B704C7B7A0B70AA9086E11BEA20793EA9
:1093100000027E1400649086E1693E00020BEA20A0
:109320009AFD9EB0793E00021BEA20801F7E180342
:10933000E89AFC48A69086E1693E00020BEA207E8E
:109340000800019F10793E00021BEA20A2F9E433D5
:10935000BEB000780E9086E1693E00020BEA204D17
:109360002378CA9086E1693E00020BEA204D2378FB
:109370000474018001E42290802CF09080241BEA88
:1093800020793E00029080201BEA00791E000274C2
:109390000190802DF0908028693E00020BEA204D5C
:1093A000236812908028693E00020BEA201293087D
:1093B000BEB0007858908024693E00020BEA20BEBF
:1093C0001810003848908020693E00020BEA204DBA
:1093D00023683AC3C2B5908024693E00020BEA209C
:1093E0009082B2793E00021BEA207E340001908018
:1093F00020691E00020BEA009AFC7B4390802CE05F
:10940000BEB0017803D3D2B5E490802DF090802DCA
:10941000E0AA9080901BEA20793E000290808C1B8D
:10942000EA00791E00027401908098F0908094699F
:109430003E00020BEA204D236812908094693E00A2
:10944000020BEA20129308BEB00078639080906906
:109450003E00020BEA20BE181000385390808C6941
:109460003E00020BEA204D236845C3C2B590808CB4
:10947000693E00020BEA20907FD2793E00021BEA8F
:1094800020908090693E00020BEA20907FD6793EC2
:1094900000021BEA207E34000190808C691E0002CD
:1094A0000BEA009AFC7F7AD3D2B5E4908098F090D2
:1094B0008098E0AA907A611BEA00791E0002907AF7
:1094C00060F0907A5E1BEA20907A5C1BEA307401AF
:1094D000907A71F0907A61693E00020BEA20907AEE
:1094E00072793E00021BEA20E4907A76F06D3390A8
:1094F0007A771BEA307E340008907A791BEA309044
:109500007A5C0BEA10907A61693E00020BEA207ADD
:109510001B30907A5E0BEA10907A61693E00020B74
:10952000EA200B347A1B30907A60E0907A61693ED1
:1095300000020BEA202E3400037A1BB0907A6D698A
:109540003E00020BEA20907A65691E00020BEA00D9
:109550002F01907A61693E00020BEA200B367911E7
:1095600000021B1A00907A61691E00020BEA000BD0
:1095700016693000020B0A207D237E34FF005D3225
:109580006D227C457C567C676C77907A61695E00C1
:10959000020BEA400B56691200020B2A007D017E85
:1095A0001400FF5D106D007C036C116D114D134DA7
:1095B00002907A61693E00020BEA200B3669510085
:1095C000020B1A406D337E2400FF5D355D247C76EE
:1095D0007C650A244D314D20907A61691E00020B92
:1095E000EA000B16695000020B0A406D117E04FF61
:1095F000005D155D040A100A024D134D02907A6158
:10960000693E00020BEA200B36791100021B1A009A
:10961000907A790BEA30907A771BEA30806F907AF3
:10962000770BEA10907A72693E00020BEA202D3126
:109630007E1BB0907A76F0907A770BEA10907A726F
:10964000693E00020BEA202D310B347E1B30907AEC
:10965000770BEA00907A72693E00020BEA202D3007
:109660007A1B30907A76E0907A770BEA10907A72D3
:10967000693E00020BEA202D310B347A1BB07E24A8
:109680000002907A770BEA302D321BEA30907A771D
:109690000BEA106D00907A65693E00020BEA20BF6C
:1096A00001500302961E7E180384908028793E00A4
:1096B000021BEA20907A61691E00020BEA00907A90
:1096C00065693E00020BEA20907A69695E00020B30
:1096D000EA404D45780474018001E49AFC93779048
:1096E0007A71F0907A71E0BEB0007848907A69693A
:1096F0003E00020BEA204D23683A907A6D693E00E5
:10970000020BEA204D23682C9F11908028793E009F
:10971000021BEA20907A69691E00020BEA00907A27
:109720006D693E00020BEA2074019AFC9377907AEF
:1097300071F08003D3D2B5907A71E0AA9084D3F00F
:109740009084CF1BEA00791E00029084CD1BEA3082
:1097500074029084CF693E00020BEA207A1BB0901D
:1097600084CD0BEA109084CF693E00020BEA200BF7
:10977000347A1B309084D3E00A1B6D009084CF694B
:109780003E00020BEA200B36791100021B1A007E04
:10979000180384908028793E00021BEA209084CF31
:1097A000691E00020BEA009084D3E00A3B6D22742C
:1097B000019AFC93779084D4F0E49084CF693E00C2
:1097C000020BEA207A1BB07E180384908094793EC5
:1097D00000021BEA209084CF691E00020BEA009071
:1097E00084D3E00A3B6D229AFC94129084D4F090CA
:1097F00084D4E0AA907E1B7AEB50907E1AF0907E83
:10980000181BEA30907E180BEA30907E251BEA3058
:10981000907E1BE00A2B7C456C55907E1AE00A3B3B
:109820004D32907E271BEA307E18000C907A6579C5
:109830003E00021BEA209F11907A69793E00021BCC
:10984000EA209F11907A6D793E00021BEA207E3457
:1098500000017E240001E47E147E1D7E0400019A36
:10986000FC94B4907E1CF0907E1CE0AA907EA27ABC
:10987000EB60907EA17AEB70907EA0F0907EA1E0EC
:109880000A2B7C456C55907EA0E00A3B4D32907EC1
:10989000AC1BEA30907EA2E00A3B907EAE1BEA3021
:1098A0007E18000C907A65793E00021BEA209F1119
:1098B000907A69793E00021BEA209F11907A6D79B7
:1098C0003E00021BEA207E3400017E240002E47E7A
:1098D000147EA47E0400019AFC94B4907EA3F090C0
:1098E0007EA3E0AA907E2B1BEA20907E291BEA3003
:1098F000907E290BEA30907E361BEA30907E2B0B4F
:10990000EA30907E381BEA307E18000C907A657938
:109910003E00021BEA209F11907A69793E00021BEB
:10992000EA209F11907A6D793E00021BEA207E3476
:1099300000017E240003E47E147E2E7E0400019A42
:10994000FC94B4907E2DF0907E2DE0AA9080991B1F
:10995000EA309080990BEA309080A41BEA307E18A0
:10996000000A907A65793E00021BEA209F11907AE6
:1099700069793E00021BEA209F11907A6D793E00C2
:10998000021BEA207E3400017E240004E47E148061
:109990009C7E0400019AFC94B490809BF090809B84
:1099A000E0AA90818EF090818EE00A3B9081981B16
:1099B000EA307E18000A907A65793E00021BEA20A0
:1099C0009F11907A69793E00021BEA209F11907ADC
:1099D0006D793E00021BEA207E3400017E240005E2
:1099E000E47E1481907E0400019AFC94B490818FEF
:1099F000F090818FE0AA9080A61BEA309080A60BA1
:109A0000EA309080B11BEA307E18000A907A6579BE
:109A10003E00021BEA209F11907A69793E00021BEA
:109A2000EA209F11907A6D793E00021BEA207E3475
:109A300000017E240006E47E1480A97E0400019AC1
:109A4000FC94B49080A8F09080A8E0AA90819AF04D
:109A500090819AE00A3B9081A41BEA307E18000AAC
:109A6000907A65793E00021BEA209F11907A69790D
:109A70003E00021BEA209F11907A6D793E00021B86
:109A8000EA207E3400017E240007E47E14819C7E5F
:109A90000400019AFC94B490819BF090819BE0AA11
:109AA0009080B31BEA309080B30BEA309080BE1BED
:109AB000EA307E18000A907A65793E00021BEA209F
:109AC0009F11907A69793E00021BEA209F11907ADB
:109AD0006D793E00021BEA207E3400017E240008DE
:109AE000E47E1480B67E0400019AFC94B49080B5A4
:109AF000F09080B5E0AA9081A6F09081A6E00A3BA4
:109B00009081B01BEA307E18000A907A65793E0099
:109B1000021BEA209F11907A69793E00021BEA201D
:109B20009F11907A6D793E00021BEA207E3400017D
:109B30007E240009E47E1481A87E0400019AFC942E
:109B4000B49081A7F09081A7E0AA907E3A1BEA002A
:109B5000791E00027E3400017E147E3F7E040001E7
:109B6000740C9AFC973C907E3EF0907E3EE0BEB036
:109B700000781E7E340004CA397E347E477E24007D
:109B800001907E3A691E00020BEA009AFDFFBE1B9F
:109B9000FD907E3EE0AA907E4B1BEA00791E0002FB
:109BA0007E3400027E147E507E040001740C9AFC08
:109BB000973C907E4FF0907E4FE0BEB00078207EC4
:109BC000340004CA397E347E587E240001907E4BD6
:109BD000691E00020BEA000B169AFDFFBE1BFD90EA
:109BE0007E4FE0AA907C4C1BEA00791E00027E3476
:109BF00000107E147C517E04000174109AFC973C86
:109C0000907C50F0907C50E0BEB0007833907C5453
:109C1000E0907C4C693E00020BEA202E3400067A6C
:109C20001BB07E340008CA397E347C597E24000182
:109C3000907C4C691E00020BEA009AFDFFBE1BFDE2
:109C4000907C50E0AA907E5C1BEA00791E00027EA8
:109C50003400117E147E617E040001740C9AFC971E
:109C60003C907E60F0907E60E0BEB00078207E3454
:109C70007E697E240001691100020B1A00907E5C4F
:109C8000693E00020BEA20791100021B1A00907E47
:109C900060E0AA907B8C1BEA00907B8A1BEA109004
:109CA0007B881BEA20907B861BEA307401907B90B6
:109CB000F0907B880BEA30907B991BEA30907B8A8E
:109CC0000BEA30907B9B1BEA30907B8C0BEA309048
:109CD0007B9D1BEA30907B8E0BEA30907B9F1BEACA
:109CE000309072BBE0BEB0007812907B860BEA30F9
:109CF0007D230A247E340010BD2378487E1800108E
:109D0000907A65793E00021BEA209F11907A69796A
:109D10003E00021BEA209F11907A6D793E00021BE3
:109D2000EA20907B860BEA300A367E240001907B85
:109D3000860BEA507E147B917E0400019AFC94B459
:109D4000907B90F0907B90E0AA90826D1BEA307E31
:109D5000180008907A65793E00021BEA209F119056
:109D60007A69793E00021BEA209F11907A6D793E54
:109D700000021BEA2090826D0BEA300A367E240036
:109D80000290826D0BEA507E1482707E0400019A6C
:109D9000FC94B490826FF090826FE0AA907F111BC8
:109DA000EA20907F0F1BEA30907F110BEA30907F02
:109DB0001C1BEA307E18000A907A65793E00021B6F
:109DC000EA209F11907A69793E00021BEA209F11D8
:109DD000907A6D793E00021BEA20907F0F0BEA30EB
:109DE0000A367E240003907F0F0BEA507E147F1406
:109DF0007E0400019AFC94B4907F13F0907F13E0EE
:109E0000AA907D401BEA10907D3E1BEA20907D3C8D
:109E10001BEA30907D3E0BEA30907D4B1BEA309080
:109E20007D400BEA30907D4D1BEA307E18000C908F
:109E30007A65793E00021BEA209F11907A69793E8B
:109E400000021BEA209F11907A6D793E00021BEA06
:109E500020907D3C0BEA300A367E240004907D3C45
:109E60000BEA507E147D437E0400019AFC94B4906A
:109E70007D42F0907D42E0AA907D531BEA10907DD8
:109E8000511BEA20907D4F1BEA30907D510BEA3048
:109E9000907D5E1BEA30907D530BEA30907D601B15
:109EA000EA307E18000C907A65793E00021BEA20A9
:109EB0009F11907A69793E00021BEA209F11907AE7
:109EC0006D793E00021BEA20907D4F0BEA300A3686
:109ED0007E240006907D4F0BEA507E147D567E0452
:109EE00000019AFC94B4907D55F0907D55E0AA90C5
:109EF0008030F090802E1BEA30908030E00A3B905A
:109F0000803A1BEA307E18000A907A65793E00029A
:109F10001BEA209F11907A69793E00021BEA209F7C
:109F200011907A6D793E00021BEA2090802E0BEA98
:109F3000300A367E24000790802E0BEA507E148073
:109F4000327E0400019AFC94B4908031F09080310C
:109F5000E0AA9086481BEA00791E000274019086F0
:109F60004CF09072BB7EEBA0740ABCAB506A6D33B0
:109F7000907B8E1BEA309072BB7EEB7074012C7B61
:109F80007AEB700A277E3410004D326D226D116D10
:109F9000009AFC9C9390864CF090864CE0BEB001F9
:109FA00078109072BB7EEBA07E70017CBA9CB7F0FB
:109FB0008026908648693E00020BEA204D236818EF
:109FC0009072BBE00A3B908648691E00020BEA00D3
:109FD0009AFCA08A90864CF090864CE0BEB0017846
:109FE000046D33800C9072BBE00A2B7E3410004D60
:109FF00032AA907F201BEA20907F1E1BEA30907FC0
:10A00000200BEA30907F2B1BEA307E18000A907AF2
:10A0100065793E00021BEA209F11907A69793E0023
:10A02000021BEA209F11907A6D793E00021BEA2004
:10A030007E3400107E240010907F1E0BEA507E14A8
:10A040007F237E0400019AFC94B4907F22F0907FDD
:10A0500022E0AA9086E7F09086E51BEA306D229018
:10A0600086E50BEA30BD32780A7E3410009086E532
:10A070001BEA309086E50BEA309086E7E09AFC9E7A
:10A08000EF9086E8F09086E8E0AA907F2F1BEA0028
:10A09000791E0002907F2D1BEA30907F2F691E00F1
:10A0A000020BEA009AFE38EF7DF36DEE7E18000891
:10A0B000907A65793E00021BEA20907F2F693E006E
:10A0C000020BEA20907A69793E00021BEA207E3476
:10A0D00000107E240005907F2D0BEA507E147F3403
:10A0E0007E040001907A6D79FE00021BEAE09AFC82
:10A0F00094B4907F33F0907F33E0AA907EB2F090DA
:10A100007EB01BEA30907EB00BEA30907EBC1BEA3A
:10A1100030907EB2E00A3B907EBE1BEA307E180093
:10A120000C907A65793E00021BEA209F11907A69B3
:10A13000793E00021BEA209F11907A6D793E000261
:10A140001BEA207E3400107E24001174017E147EF0
:10A15000B47E0400019AFC94B4907EB3F0907EB378
:10A16000E0AA90839A1BEA009083981BEA109083E0
:10A17000961BEA209083941BEA30740190839CF034
:10A180009072BC7EEBA07432BCAB505290839A0BA1
:10A19000EA30907B8E1BEA309072BC7EEB707401CB
:10A1A0002C7B7AEB700A277E3411004D3290839419
:10A1B0000BEA209083960BEA109083980BEA009AA2
:10A1C000FC9C9390839CF090839CE0BEB001780E41
:10A1D0009072BC7EEBA07E70017CBA9CB7F090833D
:10A1E0009CE0BEB00178046D33800C9072BCE00A34
:10A1F0002B7E3411004D32AA9074981BEA00791E10
:10A2000000029074961BEA3074019074A0F07E34C2
:10A2100074967E2400019074A9793E00021BEA2006
:10A22000907498693E00020BEA209071DA793E0042
:10A23000021BEA209074A9693E00020BEA2090718B
:10A24000DE793E00021BEA207E1472777E04000154
:10A250007E1800329AFC613690749C793E00021B95
:10A26000EA2090749C693E00020BEA20BE180000B0
:10A27000486690749C693E00020BEA209074A579B0
:10A280003E00021BEA207E180008907A65793E00A5
:10A29000021BEA207E3472777E240001907A69796D
:10A2A0003E00021BEA209074A5693E00020BEA20E2
:10A2B000907A6D793E00021BEA207E3400117E24E4
:10A2C00000059074960BEA507E1474A17E04000180
:10A2D0009AFC94B49074A0F09074A0E0AA907F3E91
:10A2E0001BEA00791E0002907F3C1BEA30907F3E03
:10A2F000691E00020BEA009AFE38EF6D22907F473C
:10A30000793E00021BEA207E180008907A65793EAB
:10A3100000021BEA20907F3E693E00020BEA20907B
:10A320007A69793E00021BEA20907F47693E00026D
:10A330000BEA20907A6D793E00021BEA207E340001
:10A34000117E240005907F3C0BEA507E147F437EF3
:10A350000400019AFC94B4907F42F0907F42E0AAFE
:10A36000907F4D1BEA20907F4B1BEA30907F4D0B76
:10A37000EA30907F581BEA307E18000A907A65799F
:10A380003E00021BEA209F11907A69793E00021B71
:10A39000EA209F11907A6D793E00021BEA207E34FC
:10A3A00000117E240010907F4B0BEA507E147F50EA
:10A3B0007E0400019AFC94B4907F4FF0907F4FE0B0
:10A3C000AA9083A31BEA009083A11BEA1090839FAD
:10A3D0001BEA2090839D1BEA3074019083A5F090C6
:10A3E00072BD7EEBA07414BCAB50529083A30BEAF9
:10A3F00030907B8E1BEA309072BD7EEB7074012C26
:10A400007B7AEB700A277E3412004D3290839D0BCD
:10A41000EA2090839F0BEA109083A10BEA009AFC3C
:10A420009C939083A5F09083A5E0BEB001780E9038
:10A4300072BD7EEBA07E70017CBA9CB7F09083A5C4
:10A44000E0BEB00178046D33800C9072BDE00A2B41
:10A450007E3412004D32AA9073D11BEA00791E009F
:10A46000029073D07AEB509073CFF09073CD1BEACB
:10A47000309F119073D5793E00021BEA2074019041
:10A4800073D9F07E3473CD7E2400019073DA793E67
:10A4900000021BEA209073D1693E00020BEA209073
:10A4A00071DA793E00021BEA209073DA693E0002FD
:10A4B0000BEA209071DE793E00021BEA207E1472C6
:10A4C000777E0400017E1800329AFC61369073D5C5
:10A4D000793E00021BEA209073D5693E00020BEA28
:10A4E00020BE180000580302A5689073D5693E008D
:10A4F000020BEA209073E2793E00021BEA2090737F
:10A50000CFE00A3B9073E61BEA309073D0E00A3B41
:10A510009073E81BEA307E18000C907A65793E0053
:10A52000021BEA207E3472777E240001907A6979DA
:10A530003E00021BEA209073E2693E00020BEA2013
:10A54000907A6D793E00021BEA207E3400127E2450
:10A5500000059073CD0BEA507E1473DE7E0400017B
:10A560009AFC94B49073D9F09073D9E0AA907DC20C
:10A570001BEA20907DC1F0907DBF1BEA30907DC228
:10A580000BEA30907DCD1BEA30907DC1E00A3B9014
:10A590007DCF1BEA307E18000C907A65793E000270
:10A5A0001BEA209F11907A69793E00021BEA209FE6
:10A5B00011907A6D793E00021BEA207E3400127EF3
:10A5C000240010907DBF0BEA507E147DC57E0400F0
:10A5D000019AFC94B4907DC4F0907DC4E0AA907E72
:10A5E000707AEB50907E6FF0907E6D1BEA30907E1B
:10A5F0006FE00A3B907E7A1BEA30907E70E00A3B67
:10A60000907E7C1BEA307E18000C907A65793E00C3
:10A61000021BEA209F11907A69793E00021BEA2012
:10A620009F11907A6D793E00021BEA207E34001261
:10A630007E240011907E6D0BEA507E147E727E04A3
:10A6400000019AFC94B4907E71F0907E71E0AA9023
:10A6500083AC1BEA009083AA1BEA109083A81BEA34
:10A66000209083A61BEA3074019083AEF09072BEF6
:10A670007EEBA07402BCAB50529083AC0BEA3090DE
:10A680007B8E1BEA309072BE7EEB7074012C7B7A5D
:10A69000EB700A277E3413004D329083A60BEA201C
:10A6A0009083A80BEA109083AA0BEA009AFC9C9373
:10A6B0009083AEF09083AEE0BEB001780E9072BE93
:10A6C0007EEBA07E70017CBA9CB7F09083AEE0BEBA
:10A6D000B00178046D33800C9072BEE00A2B7E349A
:10A6E00013004D32AA907F5C1BEA20907F5A1BEA30
:10A6F00030907F5C0BEA30907F671BEA307E180059
:10A700000A907A65793E00021BEA209F11907A69CF
:10A71000793E00021BEA209F11907A6D793E00027B
:10A720001BEA207E3400137E240005907F5A0BEA3A
:10A73000507E147F5F7E0400019AFC94B4907F5E8B
:10A74000F0907F5EE0AA9083B51BEA009083B31B74
:10A75000EA109083B11BEA209083AF1BEA307401AA
:10A760009083B7F09072BF7EEBA07401BCAB5052E7
:10A770009083B50BEA30907B8E1BEA309072BF7EDF
:10A78000EB7074012C7B7AEB700A277E3414004D39
:10A79000329083AF0BEA209083B10BEA109083B321
:10A7A0000BEA009AFC9C939083B7F09083B7E0BECD
:10A7B000B001780E9072BF7EEBA07E70017CBA9CD7
:10A7C000B7F09083B7E0BEB00178046D33800C9091
:10A7D00072BFE00A2B7E3414004D32AA9083BE1B58
:10A7E000EA009083BC1BEA109083BA1BEA20908396
:10A7F000B81BEA3074019083C0F09072C07EEBA069
:10A80000740ABCAB50529083BE0BEA30907B8E1B17
:10A81000EA309072C07EEB7074012C7B7AEB700A88
:10A82000277E3415004D329083B80BEA209083BA0E
:10A830000BEA109083BC0BEA009AFC9C939083C0B7
:10A84000F09083C0E0BEB001780E9072C07EEBA0A5
:10A850007E70017CBA9CB7F09083C0E0BEB00178F6
:10A86000046D33800C9072C0E00A2B7E3415004DCD
:10A8700032AA907E817AEB50907E80F0907E7E1B93
:10A88000EA30907E80E00A3B907E8B1BEA30907E1F
:10A8900081E00A3B907E8D1BEA307E18000C907A96
:10A8A00065793E00021BEA209F11907A69793E008B
:10A8B000021BEA209F11907A6D793E00021BEA206C
:10A8C0007E3400157E240005907E7E0BEA507E14B7
:10A8D0007E837E0400019AFC94B4907E82F0907E88
:10A8E00082E0AA9083C71BEA009083C51BEA109000
:10A8F00083C31BEA209083C11BEA309083C70BEA15
:10A9000030907B8E1BEA307E3416019083C10BEAB7
:10A91000209083C30BEA109083C50BEA009AFC9C3D
:10A92000939083C9F09083C9E0BEB00178046D3381
:10A9300080047E341601AA907DD41BEA20907DD33A
:10A94000F0907DD11BEA30907DD10BEA30907DDF15
:10A950001BEA30907DD40BEA207C456C55907DD36A
:10A96000E00A3B4D32907DE11BEA307E18000C90EE
:10A970007A65793E00021BEA209F11907A69793E40
:10A9800000021BEA209F11907A6D793E00021BEABB
:10A99000207E3400167E24000574017E147DD77E4F
:10A9A0000400019AFC94B4907DD6F0907DD6E0AA84
:10A9B0009083D01BEA009083CE1BEA109083CC1BBF
:10A9C000EA209083CA1BEA3074019083D2F090721F
:10A9D000C17EEBA07405BCAB50529083D00BEA3023
:10A9E000907B8E1BEA309072C17EEB7074012C7BE1
:10A9F0007AEB700A277E3417004D329083CA0BEA37
:10AA0000209083CC0BEA109083CE0BEA009AFC9C3A
:10AA1000939083D2F09083D2E0BEB001780E907212
:10AA2000C17EEBA07E70017CBA9CB7F09083D2E02F
:10AA3000BEB00178046D33800C9072C1E00A2B7EA9
:10AA40003417004D32AA907BA81BEA20907BA41BF0
:10AA5000EA00791E0002907BA3F0907BA11BEA30F4
:10AA6000907BA3E00A3B907BB71BEA30907BAA0B5C
:10AA7000EA30907BB91BEA306D33907BAD1BEA3036
:10AA80008068907BAD0BEA103E14907BA4693E0079
:10AA9000020BEA202D310B1A107E0400FF5D017CB1
:10AAA000016C11907BAD0BEA103E14907BA4693EC3
:10AAB00000020BEA202D310B1A307E14FF005D13CB
:10AAC0000A124D10907BAD0BEA003E04907BA46906
:10AAD0003E00020BEA202D301B1A10907BAD0BEAD2
:10AAE000207E3400012D321BEA30907BA80BEA2037
:10AAF000907BAD0BEA30BD3240887E18000C907A16
:10AB000065793E00021BEA20907BA4693E00020B9F
:10AB1000EA20907A69793E00021BEA20907BA80B1C
:10AB2000EA303E346D22907A6D793E00021BEA20B5
:10AB30007E3400177E240005907BA10BEA507E1422
:10AB40007BAF7E0400019AFC94B4907BACF0907BC8
:10AB5000ACE0AA907D661BEA10907D641BEA209011
:10AB60007D621BEA30907D640BEA30907D711BEAB8
:10AB700030907D660BEA30907D731BEA307E1800C2
:10AB80000C907A65793E00021BEA209F11907A6949
:10AB9000793E00021BEA209F11907A6D793E0002F7
:10ABA0001BEA207E3400177E240010907D620BEAA1
:10ABB000507E147D697E0400019AFC94B4907D68F7
:10ABC000F0907D68E0AA90803EF090803C1BEA30D7
:10ABD00090803EE00A3B9080481BEA307E18000AD5
:10ABE000907A65793E00021BEA209F11907A69797C
:10ABF0003E00021BEA209F11907A6D793E00021BF5
:10AC0000EA207E3400177E24001190803C0BEA502D
:10AC10007E1480407E0400019AFC94B490803FF042
:10AC200090803FE0AA9082781BEA307E180008905E
:10AC30007A65793E00021BEA209F11907A69793E7D
:10AC400000021BEA209F11907A6D793E00021BEAF8
:10AC5000207E3400177E2400129082780BEA507E0A
:10AC600014827B7E0400019AFC94B490827AF09066
:10AC7000827AE0AA9083D91BEA009083D71BEA105E
:10AC80009083D51BEA209083D31BEA307401908314
:10AC9000DBF09072C27EEBA07405BCAB5052908387
:10ACA000D90BEA30907B8E1BEA309072C27EEB703B
:10ACB00074012C7B7AEB700A277E3418004D329099
:10ACC00083D30BEA209083D50BEA109083D70BEA4D
:10ACD000009AFC9C939083DBF09083DBE0BEB00194
:10ACE000780E9072C27EEBA07E70017CBA9CB7F0A9
:10ACF0009083DBE0BEB00178046D33800C9072C2AB
:10AD0000E00A2B7E3418004D32AA907827F0907814
:10AD1000211BEA2090781D1BEA00791E0002907822
:10AD20001B1BEA30E4907828F090781D693E000201
:10AD30000BEA2090782F793E00021BEA20907823BE
:10AD40000BEA309078210BEA20AD329078250BEA9F
:10AD5000107E240004BD1278067E24000280047E4A
:10AD6000240001AD326D2290782B793E00021BEA5F
:10AD70002090781D693E00020BEA204D2368249044
:10AD800078210BEA206D33BD2368189078230BEAF5
:10AD9000206D33BD23680C6D229078250BEA30BD01
:10ADA00032781C6D3390783B1BEA306D3390783DE0
:10ADB0001BEA307E34000190783F1BEA30802E90F1
:10ADC00078210BEA3090783B1BEA309078230BEA2D
:10ADD0003090783D1BEA309078250BEA207C456C5A
:10ADE000557E3400014D3290783F1BEA3090782731
:10ADF000E00A3B9078411BEA3090782B693E0002D4
:10AE00000BEA20BE180FF028067E340FF0800A905F
:10AE1000782B693E00020BEA209078291BEA307EED
:10AE2000180010907A65793E00021BEA2090782F76
:10AE3000693E00020BEA20907A69793E00021BEA23
:10AE4000209078290BEA306D22907A6D793E0002CD
:10AE50001BEA207E3400187E24000590781B0BEA44
:10AE6000507E1478337E0400019AFC94B47CAB903D
:10AE70007828E02CBAF09078290BEA1090782F69A6
:10AE80003E00020BEA202D31793E00021BEA2090A1
:10AE900078290BEA106D0090782B693E00020BEACE
:10AEA000209F10793E00021BEA2090781D693E0029
:10AEB000020BEA204D2368249078210BEA206D33A1
:10AEC000BD2368189078230BEA206D33BD23680CEE
:10AED0006D229078250BEA30BD32781A6D33907868
:10AEE0003B1BEA306D3390783D1BEA306D33907830
:10AEF0003F1BEA3080289078210BEA3090783B1B8A
:10AF0000EA309078230BEA3090783D1BEA30907855
:10AF1000250BEA307C676C7790783F1BEA3090789D
:10AF20002B693E00020BEA204D23680302ADF99025
:10AF30007828E0AA907A821BEA20907A7E1BEA00A9
:10AF4000791E0002907A7DF0907A7B1BEA307401C2
:10AF5000907A88F0E4907A89F0907A7E693E0002D7
:10AF60000BEA20907A8A793E00021BEA20907A7DD3
:10AF70007EEBA0740ABCAB280302B01A907A840B53
:10AF8000EA20907A820BEA30AD327D233E247E3473
:10AF9000000C2D326D22907A92793E00021BEA203D
:10AFA000907A7DE00A2B7E3401004D32907A961B18
:10AFB000EA30907A860BEA30907A981BEA307E1855
:10AFC000000C907A65793E00021BEA20907A7E6937
:10AFD0003E00020BEA20907A69793E00021BEA20CB
:10AFE000907A840BEA20907A820BEA30AD323E34BC
:10AFF0006D22907A6D793E00021BEA207E340018A3
:10B000007E240010907A7B0BEA507E147A8E7E04A8
:10B0100000019AFC94B4907A88F0907A88E0AA9023
:10B02000799D1BEA0090799B1BEA109079991BEAA5
:10B0300020907998F09079961BEA3074019079A36A
:10B04000F09079987EEBA07405BCAB280302B0DCCD
:10B05000907998E00A3B9079AC1BEA309079990B93
:10B06000EA309079AE1BEA3090799B0BEA30907908
:10B07000B01BEA3090799D0BEA309079B21BEA3030
:10B0800090799F0BEA309079B41BEA309079A10B4C
:10B09000EA309079B61BEA307E180014907A657910
:10B0A0003E00021BEA209F11907A69793E00021B44
:10B0B000EA209F11907A6D793E00021BEA207E34CF
:10B0C00000187E2400119079960BEA507E1479A422
:10B0D0007E0400019AFC94B49079A3F09079A3E0E7
:10B0E000AA9083E21BEA009083E01BEA109083DEC3
:10B0F0001BEA209083DC1BEA3074019083E4F0901B
:10B1000072C37EEBA07405BCAB50529083E20BEA95
:10B1100030907B8E1BEA309072C37EEB7074012CF2
:10B120007B7AEB700A277E3419004D329083DC0B5A
:10B13000EA209083DE0BEA109083E00BEA009AFC91
:10B140009C939083E4F09083E4E0BEB001780E908D
:10B1500072C37EEBA07E70017CBA9CB7F09083E452
:10B16000E0BEB00178046D33800C9072C3E00A2B0E
:10B170007E3419004D32AA907D791BEA10907D77BC
:10B180001BEA20907D751BEA30907D770BEA3090AA
:10B190007D841BEA30907D790BEA30907D861BEA36
:10B1A000307E18000C907A65793E00021BEA209FE1
:10B1B00011907A69793E00021BEA209F11907A6D06
:10B1C000793E00021BEA207E3400197E240005909F
:10B1D0007D750BEA507E147D7C7E0400019AFC9400
:10B1E000B4907D7BF0907D7BE0AA9083EBF0908320
:10B1F000E91BEA309083E51BEA00791E00026D33FB
:10B200009083EC1BEA307E341393907CE11BEA3090
:10B210007E341391907CE31BEA307E341392907C51
:10B22000E51BEA307E34FFFF907CE71BEA307E347A
:10B2300000016D227E146C007E0402DC9AFC8016F4
:10B240007E3400807E24000174017E1400109AFD7B
:10B2500058567E3400457E24000174017E1400108F
:10B260009AFD58567E3400816D2274017E140003CD
:10B270009AFD58567E340080E49AFD54B07E140343
:10B28000E8908661693E00020BEA209AFD9EB97E35
:10B290001400059AFD9EB09AFE33FF7E3400807440
:10B2A000019AFD54B07E1403E8908661693E000265
:10B2B0000BEA209AFD9EB97E1400149AFD9EB09A66
:10B2C000FE33FF9083E90BEA309083EBE09AFCA019
:10B2D000FB7E3400019AFC994C7E3400029AFC9A61
:10B2E000A074019AFC9AF69083E5693E00020BEA8D
:10B2F000204D2368149083E5691E00020BEA009A32
:10B30000FC9F529083EC1BEA309083EC0BEA30AA4E
:10B310009084651BEA20793E0002908465693E00B6
:10B32000020BEA20908469793E00021BEA20908497
:10B3300069693E00020BEA207E2800017F019F021E
:10B34000791E00021BEA004D2378E3AA90869D1B1C
:10B35000EA00791E000290869D693E00020BEA20F9
:10B360004D23680474018001E47E146D957E040011
:10B37000FE7E3400439AFE2B3190869D693E00028A
:10B380000BEA200B1A3074019AFD54B090869D6927
:10B390003E00020BEA200B350B1A3074019AFD5463
:10B3A000B090869D691E00020BEA002E140005690C
:10B3B0003000020B0A209AFCB31090869D693E0073
:10B3C000020BEA200B350B1A30E49AFD54B090863C
:10B3D0009D691E00020BEA002E1400056930000270
:10B3E0000B0A209AFCB31090869D693E00020BEA7E
:10B3F000200B1A30E49AFD54B0AA9086A11BEA00F3
:10B40000791E00029086A1693E00020BEA204D23BE
:10B41000680474018001E47E146D957E0400FE7E54
:10B420003400569AFE2B319086A1693E00020BEA49
:10B43000200B350B1A30E49AFD54B09086A1693E7A
:10B4400000020BEA200B1A30E49AFD54B09086A15A
:10B45000691E00020BEA002E140005693000020B81
:10B460000A209AFCB3109086A1693E00020BEA20E4
:10B470000B1A3074019AFD54B09086A1691E000227
:10B480000BEA002E140005693000020B0A209AFC1A
:10B49000B3109086A1693E00020BEA200B350B1A0F
:10B4A0003074019AFD54B09086A1691E00020BEA27
:10B4B000002E140005693000020B0A209AFCB3101C
:10B4C000AA908633F090862F1BEA00791E00029026
:10B4D000862F693E00020BEA204D23680474018028
:10B4E00001E47E146D957E0400FE7E34006B9AFEAE
:10B4F0002B3190862F693E00020BEA200B1A30E4B4
:10B500009AFD54B0908633E0BEB000681790862F45
:10B51000693E00020BEA200B350B1A3074019AFDCC
:10B5200054B0801490862F693E00020BEA200B3540
:10B530000B1A30E49AFD54B090862F691E00020B5E
:10B54000EA002E140005693000020B0A209AFCB3B1
:10B550001090862F693E00020BEA200B1A3074010E
:10B560009AFD54B090862F691E00020BEA002E143B
:10B570000005693000020B0A209AFCB31090862F58
:10B58000693E00020BEA200B1A30E49AFD54B09099
:10B59000862F693E00020BEA200B350B1A3074012E
:10B5A0009AFD54B0AA9086341BEA00791E0002E48A
:10B5B000908638F0908634693E00020BEA204D23D5
:10B5C000680474018001E47E146D957E0400FE7EA3
:10B5D0003400889AFE2B31908634693E00020BEAD3
:10B5E000200B1A30E49AFD54B0908634693E000274
:10B5F0000BEA200B350B1A3074019AFD54B090867B
:10B6000034691E00020BEA002E14000569300002A6
:10B610000B0A209AFCB310908634693E00020BEAB4
:10B62000200B1A3074019AFD54B0908634691E00C4
:10B63000020BEA002E140005693000020B0A209A62
:10B64000FCB310908634693E00020BEA200B350BE8
:10B650001A309AFD52B3BEB0006806740190863865
:10B66000F0908634693E00020BEA200B1A30E49A0F
:10B67000FD54B0908634691E00020BEA002E1400BF
:10B6800005693000020B0A209AFCB310908638E05E
:10B69000AA90856CF09085681BEA00791E00027400
:10B6A0008090856DF0908568693E00020BEA204D20
:10B6B00023680474018001E47E146D957E0400FE0D
:10B6C0007E3400AC9AFE2B3102B76890856DE09015
:10B6D000856C7EEB705C7B0A276D33BD2368179009
:10B6E0008568693E00020BEA200B350B1A307401A5
:10B6F0009AFD54B08014908568693E00020BEA20E0
:10B700000B350B1A30E49AFD54B090856DE01EB0F5
:10B71000F0908568691E00020BEA002E140005698E
:10B720003000020B0A209AFCB310908568693E0035
:10B73000020BEA200B1A3074019AFD54B090856810
:10B74000691E00020BEA002E140005693000020B8E
:10B750000A209AFCB310908568693E00020BEA202B
:10B760000B1A30E49AFD54B090856DE0BEB00068CD
:10B770000302B6CB908568691E00020BEA009AFCB2
:10B78000B5A5BEB0017803E480027401AA908508D3
:10B79000F09085041BEA00791E0002E4908509F010
:10B7A000740890850AF0908504693E00020BEA2037
:10B7B0004D23680474018001E47E146D957E0400BD
:10B7C000FE7E3400C79AFE2B31908504693E00024C
:10B7D0000BEA200B1A30E49AFD54B0908504691EE0
:10B7E00000020BEA002E140005693000020B0A204B
:10B7F0009AFCB310908504693E00020BEA200B35D9
:10B800000B1A3074019AFD54B08078908504693E1B
:10B8100000020BEA200B1A30E49AFD54B090850424
:10B82000691E00020BEA002E140005693000020BAD
:10B830000A209AFCB310908504693E00020BEA20AE
:10B840000B1A3074019AFD54B0908504691E0002F1
:10B850000BEA002E140005693000020B0A209AFC46
:10B86000B310908504693E00020BEA200B350B1AD9
:10B87000309AFD52B37CAB908509E03EB04CBA9053
:10B880008509F090850A7EEBA07E70017CBA9CB79A
:10B89000F0BEA000680302B80B908504693E000268
:10B8A0000BEA200B1A30E49AFD54B0908504691E0F
:10B8B00000020BEA002E140005693000020B0A207A
:10B8C0009AFCB310908504691E00020BEA00908573
:10B8D00008E09AFCB4C1908509E0AA90863DF090FA
:10B8E00086391BEA00791E0002908639693E000203
:10B8F0000BEA204D23680474018001E47E146D95E9
:10B900007E0400FE7E3400EA9AFE2B31908639696F
:10B910001E00020BEA009AFCB34C908639691E00A7
:10B92000020BEA00908639693E00020BEA200B36D2
:10B930007E1BB03EB09AFCB691908639691E00021B
:10B940000BEA0090863DE09AFCB691908639691E1C
:10B9500000020BEA009AFCB3FAAA9080DE1BEA20F0
:10B96000793E00029080DA1BEA00791E0002908086
:10B97000DA693E00020BEA204D236804740180015D
:10B98000E47E146D957E0400FE7E3400FC9AFE2B4E
:10B99000319080DE693E00020BEA204D236804747A
:10B9A000018001E47E146D957E0400FE7E3400FD6E
:10B9B0009AFE2B319080DA691E00020BEA009AFC95
:10B9C000B34C9080DA691E00020BEA009080DA69BD
:10B9D0003E00020BEA200B367E1BB03EB09AFCB64E
:10B9E0009180249080DA691E00020BEA009080DECC
:10B9F000693E00020BEA207E1BB00B34793E000248
:10BA00001BEA209AFCB6919080E2693E00020BEAA4
:10BA1000207E2800017F019F02791E00021BEA00A0
:10BA20004D2378BF9080DA691E00020BEA009AFC71
:10BA3000B3FAAA9085721BEA3090856E1BEA0079F2
:10BA40001E000290856E693E00020BEA204D2368BD
:10BA50000474018001E47E146D957E0400FE7E3442
:10BA600001119AFE2B3190856E691E00020BEA00CF
:10BA70009AFCB34C90856E691E00020BEA0090851B
:10BA80006E693E00020BEA200B367E1BB03EB09A78
:10BA9000FCB69190856E691E00020BEA00908572DB
:10BAA0000BEA207E34FF005D327D530A5A9AFCB6C1
:10BAB0009190856E691E00020BEA009085720BEA78
:10BAC000407E5400FF5D549AFCB69190856E691ECD
:10BAD00000020BEA009AFCB3FAAA9080EA1BEA2063
:10BAE000793E00029080E61BEA00791E00029080F9
:10BAF000E6693E00020BEA204D23680474018001D0
:10BB0000E47E146D957E0400FE7E3401249AFE2BA3
:10BB1000319080EA693E00020BEA204D23680474EC
:10BB2000018001E47E146D957E0400FE7E340125C3
:10BB30009AFE2B319080E6691E00020BEA009AFC07
:10BB4000B34C9080E6691E00020BEA009080E66923
:10BB50003E00020BEA200B367E1BB03EB09AFCB6CC
:10BB600091804F9080E6691E00020BEA009080EA07
:10BB7000693E00020BEA200B1A207E34FF005D3282
:10BB80007D530A5A9AFCB6919080E6691E00020B1A
:10BB9000EA009080EA693E00020BEA200B1A400B93
:10BBA00035793E00021BEA207E5400FF5D549AFC6A
:10BBB000B6919080EE693E00020BEA207E280001DB
:10BBC0007F019F02791E00021BEA004D23789490AA
:10BBD00080E6691E00020BEA009AFCB3FAAA90857F
:10BBE000797AEB70908578F09085741BEA00791E65
:10BBF0000002908574693E00020BEA204D23680420
:10BC000074018001E47E146D957E0400FE7E340193
:10BC10003B9AFE2B31908574691E00020BEA009A54
:10BC2000FCB34C908574691E00020BEA0090857489
:10BC3000693E00020BEA200B367E1BB03EB09AFC38
:10BC4000B691908574691E00020BEA00908578E039
:10BC50009AFCB691908574691E00020BEA009085EB
:10BC600079E09AFCB691908574691E00020BEA0097
:10BC70009AFCB3FAAA90806A1BEA20793E000290EF
:10BC80008069F09080651BEA00791E000290806553
:10BC9000693E00020BEA204D23680474018001E430
:10BCA0007E146D957E0400FE7E34014F9AFE2B318A
:10BCB00090806A693E00020BEA204D2368047401FB
:10BCC0008001E47E146D957E0400FE7E3401509A5E
:10BCD000FE2B31908065691E00020BEA009AFCB3CE
:10BCE0004C908065691E00020BEA00908065693EF9
:10BCF00000020BEA200B367E1BB03EB09AFCB691D8
:10BD0000908065691E00020BEA00908069E09AFC51
:10BD1000B6918024908065691E00020BEA00908035
:10BD20006A693E00020BEA207E1BB00B34793E00AC
:10BD3000021BEA209AFCB69190806E693E00020BCD
:10BD4000EA207E2800017F019F02791E00021BEA83
:10BD5000004D2378BF908065691E00020BEA009AAF
:10BD6000FCB3FAAA9084731BEA209084711BEA301A
:10BD700090846D1BEA00791E000290846D693E007C
:10BD8000020BEA204D23680474018001E47E146DE7
:10BD9000957E0400FE7E3401669AFE2B3190846D00
:10BDA000691E00020BEA009AFCB34C90846D691E78
:10BDB00000020BEA0090846D693E00020BEA200B42
:10BDC000367E1BB03EB09AFCB69190846D691E0021
:10BDD000020BEA009084710BEA207E34FF005D3292
:10BDE0007D530A5A9AFCB69190846D691E00020B2D
:10BDF000EA009084710BEA407E5400FF5D549AFC87
:10BE0000B69190846D691E00020BEA009084730B5A
:10BE1000EA207E34FF005D327D530A5A9AFCB691C7
:10BE200090846D691E00020BEA009084730BEA4057
:10BE30007E5400FF5D549AFCB69190846D691E009B
:10BE4000020BEA009AFCB3FAAA907FB41BEA309086
:10BE50007FB01BEA00791E0002907FB0693E0002AD
:10BE60000BEA204D23680474018001E47E146D9573
:10BE70007E0400FE7E34017C9AFE2B31907FB669F1
:10BE80003E00020BEA204D23680474018001E47E29
:10BE9000146D957E0400FE7E34017D9AFE2B319058
:10BEA0007FB0691E00020BEA009AFCB34C907FB091
:10BEB000691E00020BEA00907FB0693E00020BEAA7
:10BEC000200B367E1BB03EB09AFCB691907FB069D5
:10BED0001E00020BEA00907FB40BEA207E34FF00C4
:10BEE0005D327D530A5A9AFCB691907FB0691E006C
:10BEF000020BEA00907FB40BEA407E5400FF5D54D1
:10BF00009AFCB691804F907FB0691E00020BEA0048
:10BF1000907FB6693E00020BEA200B1A207E34FFA8
:10BF2000005D327D530A5A9AFCB691907FB0691E2B
:10BF300000020BEA00907FB6693E00020BEA200B7C
:10BF40001A400B35793E00021BEA207E5400FF5D4B
:10BF5000549AFCB691907FBA693E00020BEA207EAB
:10BF60002800017F019F02791E00021BEA004D2379
:10BF70007894907FB0691E00020BEA009AFCB3FA35
:10BF8000AA90863E1BEA00791E0002E4908642F0E9
:10BF900090863E693E00020BEA204D23680474013E
:10BFA0008001E47E146D957E0400FE7E3401949A37
:10BFB000FE2B3190863E691E00020BEA009AFCB30C
:10BFC0004C90863E691E00020BEA0090863E693E58
:10BFD00000020BEA200B367E1BA03EA074014CBA77
:10BFE0009AFCB69190863E691E00020BEA0074012D
:10BFF0009AFCB78D908642F090863E691E00020B37
:10C00000EA009AFCB3FA908642E0AA9080F61BEA16
:10C0100020793E00029080F21BEA00791E00029017
:10C0200080F2693E00020BEA204D2368047401800F
:10C0300001E47E146D957E0400FE7E3401A89AFE14
:10C040002B319080F6693E00020BEA204D236804F4
:10C0500074018001E47E146D957E0400FE7E34013F
:10C06000A99AFE2B319080F2691E00020BEA009A19
:10C07000FCB34C9080F2691E00020BEA009080F243
:10C08000693E00020BEA200B367E1BA03EA0740125
:10C090004CBA9AFCB69180449080F2691E00020B63
:10C0A000EA009080FA693E00020BEA204D237804F2
:10C0B00074018001E49AFCB78D9080F6693E00021D
:10C0C0000BEA207A1BB09080F6693E00020BEA2052
:10C0D0000B349080F6793E00021BEA209080FA69CA
:10C0E0003E00020BEA207E2800017F019F02791E9C
:10C0F00000021BEA004D23789F9080F2691E000227
:10C100000BEA009AFCB3FAAA90857A1BEA00791E22
:10C1100000026D3390857E1BEA3090857A693E007F
:10C12000020BEA204D23680474018001E47E146D43
:10C13000957E0400FE7E3401BE9AFE2B3190857AF6
:10C14000691E00020BEA009AFCB34C90857A691EC6
:10C1500000020BEA0090857A693E00020BEA200B90
:10C16000367E1BA03EA074014CBA9AFCB691908515
:10C170007A691E00020BEA00E49AFCB78D0A3B9034
:10C18000857E1BEA3090857A691E00020BEA0074F6
:10C19000019AFCB78D0A2B90857E0BEA307C676C88
:10C1A000774D3290857E1BEA3090857A691E0002B9
:10C1B0000BEA009AFCB3FA90857E0BEA30AA9081D4
:10C1C000021BEA20793E00029080FE1BEA00791EE5
:10C1D00000029080FE693E00020BEA204D236804B5
:10C1E00074018001E47E146D957E0400FE7E3401AE
:10C1F000D29AFE2B31908102693E00020BEA204D5B
:10C2000023680474018001E47E146D957E0400FEB1
:10C210007E3401D39AFE2B319080FE691E00020B02
:10C22000EA009AFCB34C9080FE691E00020BEA0003
:10C230009080FE693E00020BEA200B367E1BA03E7A
:10C24000A074014CBA9AFCB69180749080FE691E6D
:10C2500000020BEA00E49AFCB78D0A1B9081026988
:10C260003E00020BEA201B1A109080FE691E00029D
:10C270000BEA00908106693E00020BEA204D23780C
:10C280000474018001E49AFCB78D0A0B9081026965
:10C290003E00020BEA200B1A107C236C334D1090E9
:10C2A0008102693E00020BEA201B1A10908102698C
:10C2B0003E00020BEA200B35793E00021BEA20907B
:10C2C0008106693E00020BEA207E2800017F019F63
:10C2D00002791E00021BEA004D23680302C24B9044
:10C2E00080FE691E00020BEA009AFCB3FAAA908550
:10C2F00084F09085801BEA00791E0002E490858519
:10C30000F0908580693E00020BEA204D236804749A
:10C31000018001E47E146D957E0400FE7E3401EA06
:10C320009AFE2B31908580691E00020BEA009AFC70
:10C33000B34C908580691E00020BEA0090858069ED
:10C340003E00020BEA200B367E1BB03EB09AFCB6D4
:10C3500091908580691E00020BEA00908584E09A26
:10C36000FCB691908580691E00020BEA009AFCB32E
:10C370004C908580691E00020BEA00908580693E22
:10C3800000020BEA200B367E1BA03EA074014CBAC3
:10C390009AFCB691908580691E00020BEA00740138
:10C3A0009AFCB78D908585F0908580691E00020B00
:10C3B000EA009AFCB3FA908585E0AA9080771BEAA0
:10C3C00020793E0002908076F09080721BEA00791E
:10C3D0001E0002908072693E00020BEA204D236825
:10C3E0000474018001E47E146D957E0400FE7E34A9
:10C3F00002019AFE2B31908077693E00020BEA2001
:10C400004D23680474018001E47E146D957E040060
:10C41000FE7E3402029AFE2B31908072691E000269
:10C420000BEA009AFCB34C908072691E00020BEA82
:10C4300000908072693E00020BEA200B367E1BB032
:10C440003EB09AFCB691908072691E00020BEA0021
:10C45000908076E09AFCB691908072691E00020B83
:10C46000EA009AFCB34C908072691E00020BEA004D
:10C47000908072693E00020BEA200B367E1BA03EC4
:10C48000A074014CBA9AFCB6918044908072691EE7
:10C4900000020BEA0090807B693E00020BEA204D0F
:10C4A00023780474018001E49AFCB78D9080776949
:10C4B0003E00020BEA207A1BB0908077693E0002B2
:10C4C0000BEA200B34908077793E00021BEA209023
:10C4D000807B693E00020BEA207E2800017F019FDD
:10C4E00002791E00021BEA004D23789F908072693A
:10C4F0001E00020BEA009AFCB3FAAA9084791BEAA8
:10C50000309084751BEA00791E00026D3390847BA5
:10C510001BEA30908475693E00020BEA204D2368C7
:10C520000474018001E47E146D957E0400FE7E3467
:10C53000021A9AFE2B31908475691E00020BEA00E4
:10C540009AFCB34C908475691E00020BEA0090843B
:10C5500075693E00020BEA200B367E1BB03EB09A96
:10C56000FCB691908475691E00020BEA00908479F4
:10C570000BEA207E34FF005D327D530A5A9AFCB6E6
:10C5800091908475691E00020BEA009084790BEA91
:10C59000407E5400FF5D549AFCB691908475691EEC
:10C5A00000020BEA009AFCB34C908475691E0002ED
:10C5B0000BEA00908475693E00020BEA200B367E80
:10C5C0001BA03EA074014CBA9AFCB6919084756988
:10C5D0001E00020BEA00E49AFCB78D0A3B90847BB4
:10C5E0001BEA30908475691E00020BEA0074019A00
:10C5F000FCB78D0A2B90847B0BEA307C676C774DFF
:10C600003290847B1BEA30908475691E00020BEA2D
:10C61000009AFCB3FA90847B0BEA30AA907FC21B8D
:10C62000EA30907FBE1BEA00791E0002907FBE694F
:10C630003E00020BEA204D23680474018001E47E71
:10C64000146D957E0400FE7E3402339AFE2B3190E9
:10C650007FC4693E00020BEA204D23680474018008
:10C6600001E47E146D957E0400FE7E3402349AFE51
:10C670002B31907FBE691E00020BEA009AFCB34C7E
:10C68000907FBE691E00020BEA00907FBE693E00EB
:10C69000020BEA200B367E1BB03EB09AFCB691909E
:10C6A0007FBE691E00020BEA00907FC20BEA207E6B
:10C6B00034FF005D327D530A5A9AFCB691907FBEDA
:10C6C000691E00020BEA00907FC20BEA407E540014
:10C6D000FF5D549AFCB691907FBE691E00020BEA82
:10C6E000009AFCB34C907FBE691E00020BEA0090DA
:10C6F0007FBE693E00020BEA200B367E1BA03EA0E7
:10C7000074014CBA9AFCB6918074907FBE691E0089
:10C71000020BEA00E49AFCB78D0A1B907FC4693EC5
:10C7200000020BEA201B1A10907FBE691E00020B4C
:10C73000EA00907FC8693E00020BEA204D2378048E
:10C7400074018001E49AFCB78D0A0B907FC4693EA6
:10C7500000020BEA200B1A107C236C334D10907FE3
:10C76000C4693E00020BEA201B1A10907FC4693E88
:10C7700000020BEA200B35793E00021BEA20907F75
:10C78000C8693E00020BEA207E2800017F019F025B
:10C79000791E00021BEA004D23680302C70A907F3E
:10C7A000BE691E00020BEA009AFCB3FAAA907CB59F
:10C7B0001BEA20793E0002907CB11BEA00791E0042
:10C7C00002907CB1693E00020BEA204D236804749C
:10C7D000018001E47E146D957E0400FE7E340251DA
:10C7E0009AFE2B31907CB5693E00020BEA204D2366
:10C7F000680474018001E47E146D957E0400FE7E61
:10C800003402529AFE2B31907CBD693E00020BEA45
:10C81000204D23680474018001E47E146D957E042C
:10C8200000FE7E3402539AFE2B31907CB1691E00CB
:10C83000020BEA009AFCB34C907CB1691E00020B1B
:10C84000EA00907CB1693E00020BEA200B367E1BA9
:10C85000B03EB09AFCB6918024907CB1691E000273
:10C860000BEA00907CB5693E00020BEA207E1BB00B
:10C870000B34793E00021BEA209AFCB691907CB9F9
:10C88000693E00020BEA207E2800017F019F0279A9
:10C890001E00021BEA004D2378BF907CC1693E0058
:10C8A000020BEA204D23780302C93F907CB1691E38
:10C8B00000020BEA009AFCB34C907CB1691E0002A6
:10C8C0000BEA00907CB1693E00020BEA200B367E39
:10C8D0001BA03EA074014CBA9AFCB6918044907C97
:10C8E000B1691E00020BEA00907CC1693E00020B98
:10C8F000EA204D23780474018001E49AFCB78D90FE
:10C900007CBD693E00020BEA207A1BB0907CBD69B9
:10C910003E00020BEA200B34907CBD793E00021BE6
:10C92000EA20907CC1693E00020BEA207E280001CB
:10C930007F019F02791E00021BEA004D23789F9021
:10C940007CB1691E00020BEA009AFCB3FAAA907C43
:10C95000C91BEA20793E0002907CC51BEA00791EC3
:10C960000002907CC5693E00020BEA204D2368045A
:10C9700074018001E47E146D957E0400FE7E340215
:10C98000749AFE2B31907CC9693E00020BEA204D5F
:10C9900023680474018001E47E146D957E0400FE1A
:10C9A0007E3402759AFE2B31907CD1693E00020BD9
:10C9B000EA204D23680474018001E47E146D957EA5
:10C9C0000400FE7E3402769AFE2B31907CC5691EEF
:10C9D00000020BEA009AFCB34C907CC5691E000271
:10C9E0000BEA00907CC5693E00020BEA200B367E04
:10C9F0001BB03EB09AFCB691804F907CC5691E007A
:10CA0000020BEA00907CC9693E00020BEA200B1A77
:10CA1000207E34FF005D327D530A5A9AFCB6919015
:10CA20007CC5691E00020BEA00907CC9693E0002C9
:10CA30000BEA200B1A400B35793E00021BEA207EE0
:10CA40005400FF5D549AFCB691907CCD693E000283
:10CA50000BEA207E2800017F019F02791E00021B45
:10CA6000EA004D237894907CD5693E00020BEA20C1
:10CA70004D23780302CB3E907CC5691E00020BEA71
:10CA8000009AFCB34C907CC5691E00020BEA009032
:10CA90007CC5693E00020BEA200B367E1BA03EA03F
:10CAA00074014CBA9AFCB6918074907CC5691E00E2
:10CAB000020BEA00E49AFCB78D0A1B907CD1693E18
:10CAC00000020BEA201B1A10907CC5691E00020BA5
:10CAD000EA00907CD5693E00020BEA204D237804E1
:10CAE00074018001E49AFCB78D0A0B907CD1693EF9
:10CAF00000020BEA200B1A107C236C334D10907C43
:10CB0000D1693E00020BEA201B1A10907CD1693ECD
:10CB100000020BEA200B35793E00021BEA20907CD4
:10CB2000D5693E00020BEA207E2800017F019F02AA
:10CB3000791E00021BEA004D23680302CAAA907CFA
:10CB4000C5691E00020BEA009AFCB3FAAA90858B15
:10CB50007AEB7090858AF09085861BEA00791E003A
:10CB600002908586693E00020BEA204D236804741A
:10CB7000018001E47E146D957E0400FE7E340297F0
:10CB80009AFE2B31908586691E00020BEA009AFC02
:10CB9000B34C908586691E00020BEA009085866979
:10CBA0003E00020BEA200B367E1BB03EB09AFCB66C
:10CBB00091908586691E00020BEA0090858AE09AB2
:10CBC000FCB691908586691E00020BEA0090858B69
:10CBD000E09AFCB691908586691E00020BEA009AE5
:10CBE000FCB3FAAA908590F090858C1BEA00791E20
:10CBF0000002E4908591F090858C693E00020BEA7A
:10CC0000204D23680474018001E47E146D957E0438
:10CC100000FE7E3402AA9AFE2B3190858C691E009C
:10CC2000020BEA009AFCB34C90858C691E00020B43
:10CC3000EA0090858C693E00020BEA200B367E1BD1
:10CC4000B03EB09AFCB69190858C691E00020BEA4A
:10CC500000908590E09AFCB69190858C691E000248
:10CC60000BEA009AFCB3FA90858C691E00020BEA6D
:10CC7000009AFCB34C90858C691E00020BEA009070
:10CC8000858C693E00020BEA200B367E1BA03EA07D
:10CC900074014CBA9AFCB69190858C691E00020B07
:10CCA000EA0074019AFCB78D908591F090858C69AB
:10CCB0001E00020BEA009AFCB3FA908591E0AA905C
:10CCC00080841BEA20793E0002908083F090807F70
:10CCD0001BEA00791E000290807F693E00020BEA89
:10CCE000204D23680474018001E47E146D957E0458
:10CCF00000FE7E3402C49AFE2B3190808A0BEA201B
:10CD00009080880BEA30BD32680474018001E47EB3
:10CD1000146D957E0400FE7E3402C59AFE2B319080
:10CD200080880BEA1090807F693E00020BEA201B8E
:10CD30001A1090808A0BEA1090807F693E00020BE7
:10CD4000EA200B351B1A10908083E090807F693EAB
:10CD500000020BEA200B367A1BB0908084691E001B
:10CD6000020BEA0090807F693E00020BEA202E341D
:10CD70000005791100021B1A009080880BEA307EB2
:10CD800024000174017E1400119AFD585690808A87
:10CD90000BEA307E24000174017E1400119AFD58C4
:10CDA00056AA9073611BEA2090735D1BEA00791EFE
:10CDB000000290735B1BEA307E346BF27E2400FE2F
:10CDC0007E1473637E04000174409AFD9F426D33AC
:10CDD0009073A31BEA3002D1829073610BEA207E2C
:10CDE000340040BD2328067E3400408006907361E5
:10CDF0000BEA309073A31BEA309073A30BEA30CA9E
:10CE00003990735D693E00020BEA207E1473637EE5
:10CE10000400019AFDFFBE1BFD9073A30BEA209056
:10CE200073610BEA309D321BEA309073A30BEA105A
:10CE300090735D693E00020BEA202D31793E0002BD
:10CE40001BEA206CAA6D2290735B0BEA30BD32485E
:10CE50002B90735B0BEA207E340003BD23181D90DA
:10CE6000735B0BEA101A021A0074042F001478FB8B
:10CE70007E34FA307E24007E2F10801C90735B0B72
:10CE8000EA301A261A247E1400309AFD9EB07E14D1
:10CE9000F6907E04007E2F107A1BA06CAA6D229063
:10CEA000735B0BEA30BD32482B90735B0BEA207E3C
:10CEB000340003BD23181D90735B0BEA101A021A8D
:10CEC0000074042F001478FB7E34FA327E24007E36
:10CED0002F10801C90735B0BEA301A261A247E14E4
:10CEE00000309AFD9EB07E14F6927E04007E2F10D4
:10CEF0007A1BA09073A30BEA507E4400019D547CE2
:10CF0000AB6D2290735B0BEA30BD32482B90735BA4
:10CF10000BEA207E340003BD23181D90735B0BEADF
:10CF2000101A021A0074042F001478FB7E34FA33AE
:10CF30007E24007E2F10801C90735B0BEA301A2633
:10CF40001A247E1400309AFD9EB07E14F6957E045D
:10CF5000007E2F107A1BA09073A30BEA307E240072
:10CF6000019D327D530A5A6D2290735B0BEA30BDEE
:10CF700032482A90735B0BEA207E340003BD2318ED
:10CF80001C90735B0BEA301A261A247F012F002FA6
:10CF9000007E34FA887E24007E2F10801C90735B04
:10CFA0000BEA301A261A247E1400309AFD9EB07EB9
:10CFB00014F6947E04007E2F107A1BB07E347363C7
:10CFC0007D530A5A7CAB6D2290735B0BEA30BD3205
:10CFD000482B90735B0BEA207E340003BD23181DA1
:10CFE00090735B0BEA101A021A0074042F00147875
:10CFF000FB7E34FA357E24007E2F10801C90735BFC
:10D000000BEA301A261A247E1400309AFD9EB07E58
:10D0100014F6987E04007E2F107A1BA07E54736352
:10D020007CAB6D2290735B0BEA30BD32482B907362
:10D030005B0BEA207E340003BD23181D90735B0B4D
:10D04000EA101A021A0074042F001478FB7E34FAD6
:10D05000367E24007E2F10801C90735B0BEA301A02
:10D06000261A247E1400309AFD9EB07E14F6997E16
:10D0700004007E2F107A1BA07EA0C06D2290735BEF
:10D080000BEA30BD32482B90735B0BEA207E3400F4
:10D0900003BD23181D90735B0BEA101A021A00746B
:10D0A000042F001478FB7E34FA317E24007E2F108A
:10D0B000801C90735B0BEA301A261A247E14003011
:10D0C0009AFD9EB07E14F6917E04007E2F107A1B8E
:10D0D000A06D2290735B0BEA30BD32482B90735BDE
:10D0E0000BEA207E340003BD23181D90735B0BEA0E
:10D0F000101A021A0074042F001478FB7E34FA32DE
:10D100007E24007E2F10801C90735B0BEA301A2661
:10D110001A247E1400309AFD9EB07E14F6927E048E
:10D12000007E2F107E1BB030E0A76CAA6D2290739A
:10D130005B0BEA30BD32482B90735B0BEA207E34E8
:10D140000003BD23181D90735B0BEA101A021A002E
:10D1500074042F001478FB7E34FA317E24007E2F75
:10D1600010801C90735B0BEA301A261A247E140080
:10D17000309AFD9EB07E14F6917E04007E2F107AC8
:10D180001BA09073610BEA206D33BD23680302CDB1
:10D19000D9AA90847F1BEA00791E000290847D1B2F
:10D1A000EA3090847F691E00020BEA009AFE38EF95
:10D1B0009084831BEA3090847D0BEA3090847F69F1
:10D1C0001E00020BEA009084830BEA209AFCCDA299
:10D1D000AA908741F090873F1BEA3090873F0BEA87
:10D1E000307E1487417E0400017E2400019AFCCD2C
:10D1F000A2AA90876C1BEA306CAA6D2290876C0BF8
:10D20000EA30BD32482B90876C0BEA207E34000355
:10D21000BD23181D90876C0BEA101A021A007404C3
:10D220002F001478FB7E34FA3B7E24007E2F108082
:10D230001C90876C0BEA301A261A247E1400309A50
:10D24000FD9EB07E14F6A57E04007E2F107A1BA0F2
:10D25000E46D2290876C0BEA30BD32482A90876CCF
:10D260000BEA207E340003BD23181C90876C0BEA68
:10D27000301A261A247F012F002F007E34FA8A7E6E
:10D2800024007E2F10801C90876C0BEA301A261A1F
:10D29000247E1400309AFD9EB07E14F6A47E040015
:10D2A0007E2F107A1BB090876C0BEA407E5477F388
:10D2B0002D547CAB6D2290876C0BEA30BD32482B2D
:10D2C00090876C0BEA207E340003BD23181D9087E5
:10D2D0006C0BEA101A021A0074042F001478FB7EFB
:10D2E00034FA3E7E24007E2F10801C90876C0BEA5F
:10D2F000301A261A247E1400309AFD9EB07E14F651
:10D30000A97E04007E2F107A1BA090876C0BEA2068
:10D310007E3477F32D327D530A5A7CAB6D22908791
:10D320006C0BEA30BD32482B90876C0BEA207E34C0
:10D330000003BD23181D90876C0BEA101A021A0017
:10D3400074042F001478FB7E34FA3D7E24007E2F77
:10D3500010801C90876C0BEA301A261A247E140069
:10D36000309AFD9EB07E14F6A87E04007E2F107ABF
:10D370001BA07EA0A16D2290876C0BEA30BD3248C5
:10D380002B90876C0BEA207E340003BD23181D9080
:10D39000876C0BEA101A021A0074042F001478FB31
:10D3A0007E34FA397E24007E2F10801C90876C0B0F
:10D3B000EA301A261A247E1400309AFD9EB07E149C
:10D3C000F6A17E04007E2F107A1BA0AA90850E1B6A
:10D3D000EA00791E000290850DF090850B1BEA3063
:10D3E00090850DE0BEB00068607EA0806D229085C3
:10D3F0000B0BEA30BD32482B90850B0BEA207E34B4
:10D400000003BD23181D90850B0BEA301A261A2441
:10D4100074042F111478FB7E14FA387E04007E2FDA
:10D4200001801C90850B0BEA301A261A247E14000A
:10D43000309AFD9EB07E14F6A07E04007E2F017E01
:10D440000B704C7A7A0B70805E7EA07F6D22908587
:10D450000B0BEA30BD32482B90850B0BEA207E3453
:10D460000003BD23181D90850B0BEA301A261A24E1
:10D4700074042F111478FB7E14FA387E04007E2F7A
:10D4800001801C90850B0BEA301A261A247E1400AA
:10D49000309AFD9EB07E14F6A07E04007E2F017EA1
:10D4A0000B705C7A7A0B7090850E691E00020BEA95
:10D4B0000090850B0BEA203E243E247E3477FB2D22
:10D4C000327A71827A6183791E00021BEA00AA9087
:10D4D00087421BEA306D229087420BEA30BD32480A
:10D4E0002B9087420BEA207E340003BD23181D9049
:10D4F00087420BEA101A021A0074042F001478FBFA
:10D500007E34FA3A7E24007E2F10801C9087420BD6
:10D51000EA301A261A247E1400309AFD9EB07E143A
:10D52000F6A27E04007E2F107E1BA074035CBABEA0
:10D53000B00068A19087420BEA207E3477F32D3249
:10D540007A71827A6183E0908744F06CAA6D2290B0
:10D5500087420BEA30BD32482B9087420BEA207E8F
:10D56000340003BD23181D9087420BEA101A021ADB
:10D570000074042F001478FB7E34FA3A7E24007E77
:10D580002F10801C9087420BEA301A261A247E1432
:10D5900000309AFD9EB07E14F6A27E04007E2F100D
:10D5A0007A1BA09087420BEA309AFCD1F290874414
:10D5B000E0AA9085141BEA00791E00029085121BD8
:10D5C000EA30E4908518F09085120BEA207E3477DB
:10D5D000F32D327A71827A6183E0908514693E007E
:10D5E000020BEA207A1BB06D229085120BEA30BD47
:10D5F00032482B9085120BEA207E340003BD23189D
:10D600001D9085120BEA101A021A0074042F0014E0
:10D6100078FB7E34FA3A7E24007E2F10801C9085A1
:10D62000120BEA301A261A247E1400309AFD9EB09E
:10D630007E14F6A27E04007E2F107E1BA074035C75
:10D64000BABEB00068667401908518F07EA0FC6DCB
:10D65000229085120BEA30BD32482B9085120BEADE
:10D66000207E340003BD23181D9085120BEA301A6A
:10D67000261A2474042F111478FB7E14FA3A7E04BF
:10D68000007E2F01801C9085120BEA301A261A2486
:10D690007E1400309AFD9EB07E14F6A27E04007EB9
:10D6A0002F017E0B705C7A7A0B708005E4908518F0
:10D6B000F09085120BEA309AFCD1F2908518E0AA1E
:10D6C00090876E1BEA306CAA6D2290876E0BEA3051
:10D6D000BD32482B90876E0BEA207E340003BD23B9
:10D6E000181D90876E0BEA101A021A0074042F009E
:10D6F0001478FB7E34FA307E24007E2F10801C903C
:10D70000876E0BEA301A261A247E1400309AFD9E8A
:10D71000B07E14F6907E04007E2F107A1BA06CAAB7
:10D720006D2290876E0BEA30BD32482B90876E0BCE
:10D73000EA207E340003BD23181D90876E0BEA108B
:10D740001A021A0074042F001478FB7E34FA327E19
:10D7500024007E2F10801C90876E0BEA301A261A48
:10D76000247E1400309AFD9EB07E14F6927E040052
:10D770007E2F107A1BA06CAA6D2290876E0BEA3068
:10D78000BD32482B90876E0BEA207E340003BD2308
:10D79000181D90876E0BEA101A021A0074042F00ED
:10D7A0001478FB7E34FA317E24007E2F10801C908A
:10D7B000876E0BEA301A261A247E1400309AFD9EDA
:10D7C000B07E14F6917E04007E2F107A1BA06CAA06
:10D7D0006D2290876E0BEA30BD32482B90876E0B1E
:10D7E000EA207E340003BD23181D90876E0BEA10DB
:10D7F0001A021A0074042F001478FB7E34FA387E63
:10D8000024007E2F10801C90876E0BEA301A261A97
:10D81000247E1400309AFD9EB07E14F6A07E040093
:10D820007E2F107A1BA06CAA6D2290876E0BEA30B7
:10D83000BD32482B90876E0BEA207E340003BD2357
:10D84000181D90876E0BEA101A021A0074042F003C
:10D850001478FB7E34FA3A7E24007E2F10801C90D0
:10D86000876E0BEA301A261A247E1400309AFD9E29
:10D87000B07E14F6A27E04007E2F107A1BA06CAA44
:10D880006D2290876E0BEA30BD32482B90876E0B6D
:10D89000EA207E340003BD23181D90876E0BEA102A
:10D8A0001A021A0074042F001478FB7E34FA397EB1
:10D8B00024007E2F10801C90876E0BEA301A261AE7
:10D8C000247E1400309AFD9EB07E14F6A17E0400E2
:10D8D0007E2F107A1BA06CAA6D2290876E0BEA3007
:10D8E000BD32482B90876E0BEA207E340003BD23A7
:10D8F000181D90876E0BEA101A021A0074042F008C
:10D900001478FB7E34FA3B7E24007E2F10801C901E
:10D91000876E0BEA301A261A247E1400309AFD9E78
:10D92000B07E14F6A57E04007E2F107A1BA0E46D55
:10D930002290876E0BEA30BD32482A90876E0BEA40
:10D94000207E340003BD23181C90876E0BEA301A2A
:10D95000261A247F012F002F007E34FA8A7E2400AD
:10D960007E2F10801C90876E0BEA301A261A247EB8
:10D970001400309AFD9EB07E14F6A47E04007E2F23
:10D98000107A1BB090876E0BEA407E5477F32D54CB
:10D990007CAB6D2290876E0BEA30BD32482B9087AE
:10D9A0006E0BEA207E340003BD23181D90876E0B9A
:10D9B000EA101A021A0074042F001478FB7E34FA5D
:10D9C0003E7E24007E2F10801C90876E0BEA301A5A
:10D9D000261A247E1400309AFD9EB07E14F6A97E8D
:10D9E00004007E2F107A1BA090876E0BEA207E34F5
:10D9F00077F32D327D530A5A7CAB6D2290876E0BE4
:10DA0000EA30BD32482B90876E0BEA207E3400034B
:10DA1000BD23181D90876E0BEA101A021A007404B9
:10DA20002F001478FB7E34FA3D7E24007E2F108078
:10DA30001C90876E0BEA301A261A247E1400309A46
:10DA4000FD9EB07E14F6A87E04007E2F107A1BA0E7
:10DA50007EA00F6D2290876E0BEA30BD32482B906E
:10DA6000876E0BEA207E340003BD23181D90876E5D
:10DA70000BEA101A021A0074042F001478FB7E348B
:10DA8000FA387E24007E2F10801C90876E0BEA30BF
:10DA90001A261A247E1400309AFD9EB07E14F6A039
:10DAA0007E04007E2F107A1BA07EA0A16D2290879D
:10DAB0006E0BEA30BD32482B90876E0BEA207E3425
:10DAC0000003BD23181D90876E0BEA101A021A007E
:10DAD00074042F001478FB7E34FA397E24007E2FE4
:10DAE00010801C90876E0BEA301A261A247E1400D0
:10DAF000309AFD9EB07E14F6A17E04007E2F107A2F
:10DB00001BA0AA90800A1BEA209080061BEA0079DD
:10DB10001E00029080041BEA3090800E0BEA307EDB
:10DB20002400049AFE37337E146BC77E0400FE7E09
:10DB300034017A9AFE2B3190800C0BEA301A367E33
:10DB400024000F5D2390800A0BEA307D131A127EA9
:10DB500034000F5D31BD32780474018001E47E141D
:10DB60006BC77E0400FE7E34017F9AFE2B319080CD
:10DB70000A0BEA307D231A240E240E240E240E24D0
:10DB80009080040BEA30BD3278057EA00180026CE3
:10DB9000AA740F5CBA7E146BC77E0400FE7E34014B
:10DBA000849AFE2B3190800A0BEA307D231A240ED2
:10DBB000240E240E240E249080040BEA30BD32780B
:10DBC000057EA00180026CAA740F5CBA7E146BC73C
:10DBD0007E0400FE7E3401859AFE2B3190800A0B74
:10DBE000EA207E3400FF5D327E24000174017E1441
:10DBF00000109AFD585690800C0BEA207E3400FFEE
:10DC00005D326D2274017E1400039AFD5856908097
:10DC100006691E00020BEA00908661693E00020B55
:10DC2000EA209AFD9EBB74027F011E141E0450035D
:10DC30004E20801478F46D337E2400019F10908074
:10DC4000101BEA309080040BEA50BE5400084003D9
:10DC500002E6D77EA003A490DC5B7302DC7302DDD6
:10DC60005D02DE6A02DF9E02E0F602E27102E3EC90
:10DC700002E56790800E0BEA207E340001BD237818
:10DC8000224398505389F09080100BEA50F58B9006
:10DC900080100BEA307D530A5AF58D438E40D3D263
:10DCA0008E802890800E0BEA207E340002BD2378FF
:10DCB0001A4398509080100BEA50F5D79080100BC3
:10DCC000EA307D530A5AF5D6438E1553A23F908011
:10DCD0000C0BEA207E340040BD23781590800A0B9F
:10DCE000EA207E340041BD237807E5A2F5A202E6D2
:10DCF000D790800C0BEA207E340146BD2378149027
:10DD0000800A0BEA207E340147BD23780643A240F7
:10DD100002E6D790800C0BEA207E340226BD2378E1
:10DD20001490800A0BEA207E340227BD2378064334
:10DD3000A28002E6D790800C0BEA207E340353BD0C
:10DD400023680302E6D790800A0BEA207E3403544E
:10DD5000BD23680302E6D743A2C002E6D790800E37
:10DD60000BEA207E340002BD23781A439A5090803B
:10DD7000100BEA50F5D79080100BEA307D530A5A09
:10DD8000F5D6438E1453BAFE74DF7E14FD697E040B
:10DD9000007E7E0B705C7B7A0B7090800C0BEA200F
:10DDA0007E341020BD23782390800A0BEA207E3435
:10DDB0001021BD237815E5BAF5BA7E14FD697E04FD
:10DDC000007E7E0B707A0B7002E6D790800C0BEA17
:10DDD000207E341156BD23782290800A0BEA207EE3
:10DDE000341157BD23781443BA017E14FD697E04B3
:10DDF000007E7E0B707A0B7002E6D790800C0BEAE7
:10DE0000207E341156BD23782790800A0BEA207EAD
:10DE1000341157BD237819E5BAF5BA74207E14FD84
:10DE2000697E04007E7E0B704C7B7A0B7002E6D715
:10DE300090800C0BEA207E341156BD23680302E665
:10DE4000D790800A0BEA207E341157BD2368030265
:10DE5000E6D743BA0174207E14FD697E04007E7EFD
:10DE60000B704C7B7A0B7002E6D790800E0BEA2089
:10DE70007E340002BD2378199080100BEA50F5D74C
:10DE80009080100BEA307D530A5AF5D6438E1480E9
:10DE90002590800E0BEA207E340003BD2378179076
:10DEA00080100BEA50F5D59080100BEA307D530AB4
:10DEB0005AF5D443DD0A43AC5053BAFD74BF7E1407
:10DEC000FD697E04007E7E0B705C7B7A0B70908017
:10DED0000C0BEA207E342010BD23782390800A0B9F
:10DEE000EA207E342011BD237815E5BAF5BA7E14F8
:10DEF000FD697E04007E7E0B707A0B7002E6D7907F
:10DF0000800C0BEA207E342160BD23782290800AA9
:10DF10000BEA207E342161BD23781443BA027E14BB
:10DF2000FD697E04007E7E0B707A0B7002E6D7904E
:10DF3000800C0BEA207E342296BD23782790800A3D
:10DF40000BEA207E342297BD237819E5BAF5BA741E
:10DF5000407E14FD697E04007E7E0B704C7B7A0B44
:10DF60007002E6D790800C0BEA207E342360BD233C
:10DF7000680302E6D790800A0BEA207E3423C7BDEF
:10DF800023680302E6D743BA0274407E14FD697E1B
:10DF900004007E7E0B704C7B7A0B7002E6D790807B
:10DFA0000E0BEA207E340002BD23782B9080100BEC
:10DFB000EA50F5D79080100BEA307D530A5AF5D617
:10DFC000438E1474FE7E14FDBC7E04007E7E0B70B6
:10DFD0005C7B7A0B70803790800E0BEA207E3400D9
:10DFE00004BD2378299080100BEA50F5D39080105F
:10DFF0000BEA307D530A5AF5D243DDA074017E143A
:10E00000FDBC7E04007E7E0B704C7B7A0B7043FD62
:10E010005053BAFB747F7E14FD697E04007E7E0B34
:10E02000705C7B7A0B7090800C0BEA207E3430128F
:10E03000BD23782390800A0BEA207E343013BD2361
:10E040007815E5BAF5BA7E14FD697E04007E7E0B74
:10E05000707A0B7002E6D790800C0BEA207E343188
:10E0600062BD23782290800A0BEA207E343163BDA2
:10E0700023781443BA047E14FD697E04007E7E0B6F
:10E08000707A0B7002E6D790800C0BEA207E343257
:10E09000B2BD23782790800A0BEA207E3432B3BDCC
:10E0A000237819E5BAF5BA74807E14FD697E040000
:10E0B0007E7E0B704C7B7A0B7002E6D790800C0B47
:10E0C000EA207E343362BD23680302E6D790800ADB
:10E0D0000BEA207E3433D1BD23680302E6D743BA6E
:10E0E0000474807E14FD697E04007E7E0B704C7B80
:10E0F0007A0B7002E6D790800E0BEA207E34000285
:10E10000BD23782B9080100BEA50F5D79080100B30
:10E11000EA307D530A5AF5D6438E1474FE7E14F706
:10E120006D7E04007E7E0B705C7B7A0B7080589055
:10E13000800E0BEA207E340005BD23784A908010C3
:10E140000BEA107E34FBB77E24007E7A1B30908071
:10E15000100BEA307D130A127E34FBB67E24007E5B
:10E160007A1B30740A7E14FBB37E04007E7E0B7033
:10E170004C7B7A0B7074017E14F76D7E04007E7EFA
:10E180000B704C7B7A0B7074507E14F7407E040049
:10E190007E7E0B704C7B7A0B7074FC7E14FD6A7E65
:10E1A00004007E7E0B705C7B7A0B7090800C0BEA17
:10E1B000207E344014BD23781F90800A0BEA207E15
:10E1C000344015BD2378117E14FD6A7E04007E7EE6
:10E1D0000B707A0B7002E6D790800C0BEA207E342D
:10E1E0004150BD23782390800A0BEA207E344151B0
:10E1F000BD23781574017E14FD6A7E04007E7E0BBB
:10E20000704C7B7A0B7002E6D790800C0BEA207E74
:10E21000344224BD23782390800A0BEA207E3442C6
:10E2200025BD23781574027E14FD6A7E04007E7E6F
:10E230000B704C7B7A0B7002E6D790800C0BEA20B7
:10E240007E344330BD23680302E6D790800A0BEA90
:10E25000207E344331BD23680302E6D774037E1465
:10E26000FD6A7E04007E7E0B704C7B7A0B7002E6AA
:10E27000D790800E0BEA207E340002BD23782B90CD
:10E2800080100BEA50F5D79080100BEA307D530ACE
:10E290005AF5D6438E1474FE7E14F79D7E04007EDC
:10E2A0007E0B705C7B7A0B70805890800E0BEA209E
:10E2B0007E340006BD23784A9080100BEA107E342D
:10E2C000FBB57E24007E7A1B309080100BEA307DF7
:10E2D000130A127E34FBB47E24007E7A1B3074A0B5
:10E2E0007E14FBB37E04007E7E0B704C7B7A0B7039
:10E2F00074017E14F79D7E04007E7E0B704C7B7A49
:10E300000B7074507E14F7707E04007E7E0B704C90
:10E310007B7A0B7074F37E14FD6A7E04007E7E0BA4
:10E32000705C7B7A0B7090800C0BEA207E34501668
:10E33000BD23781F90800A0BEA207E345017BD233E
:10E3400078117E14FD6A7E04007E7E0B707A0B705D
:10E3500002E6D790800C0BEA207E345172BD237800
:10E360002390800A0BEA207E345173BD2378157404
:10E37000047E14FD6A7E04007E7E0B704C7B7A0B5B
:10E380007002E6D790800C0BEA207E345242BD2307
:10E39000782390800A0BEA207E345243BD237815FF
:10E3A00074087E14FD6A7E04007E7E0B704C7B7ABE
:10E3B0000B7002E6D790800C0BEA207E345336BDFA
:10E3C00023680302E6D790800A0BEA207E34533795
:10E3D000BD23680302E6D7740C7E14FD6A7E040038
:10E3E0007E7E0B704C7B7A0B7002E6D790800E0B12
:10E3F000EA207E340002BD23782B9080100BEA5077
:10E40000F5D79080100BEA307D530A5AF5D6438E2B
:10E410001474FE7E14F7CD7E04007E7E0B705C7B50
:10E420007A0B70805890800E0BEA207E340007BD76
:10E4300023784A9080100BEA107E34FBBF7E2400C4
:10E440007E7A1B309080100BEA307D130A127E34E6
:10E45000FBBE7E24007E7A1B30740A7E14FBBB7EDA
:10E4600004007E7E0B704C7B7A0B7074017E14F777
:10E47000CD7E04007E7E0B704C7B7A0B7074507ED8
:10E4800014F7A07E04007E7E0B704C7B7A0B7074B8
:10E49000CF7E14FD6D7E04007E7E0B705C7B7A0B5C
:10E4A0007090800C0BEA207E346060BD23781F9052
:10E4B000800A0BEA207E346061BD2378117E14FD52
:10E4C0006D7E04007E7E0B707A0B7002E6D7908022
:10E4D0000C0BEA207E3461B4BD23782390800A0BB4
:10E4E000EA207E3461B5BD23781574107E14FD6D6D
:10E4F0007E04007E7E0B704C7B7A0B7002E6D79018
:10E50000800C0BEA207E3462A0BD23782390800A21
:10E510000BEA207E3462A1BD23781574207E14FDA1
:10E520006D7E04007E7E0B704C7B7A0B7002E6D70A
:10E5300090800C0BEA207E346322BD23680302E640
:10E54000D790800A0BEA207E346323BD2368030240
:10E55000E6D774307E14FD6D7E04007E7E0B704C19
:10E560007B7A0B7002E6D790800E0BEA207E340097
:10E5700002BD23782B9080100BEA50F5D7908010C5
:10E580000BEA307D530A5AF5D6438E1474FE7E147E
:10E59000F7CD7E04007E7E0B705C7B7A0B7080581A
:10E5A00090800E0BEA207E340008BD23784A9080CC
:10E5B000100BEA107E34FBBD7E24007E7A1B309067
:10E5C00080100BEA307D130A127E34FBBC7E2400DF
:10E5D0007E7A1B3074A07E14FBBB7E04007E7E0B13
:10E5E000704C7B7A0B7074017E14F7FD7E04007E04
:10E5F0007E0B704C7B7A0B7074507E14F7D07E04C7
:10E60000007E7E0B704C7B7A0B70743F7E14FD6D28
:10E610007E04007E7E0B705C7B7A0B7090800C0B0E
:10E62000EA207E347062BD23781F90800A0BEA20B6
:10E630007E347063BD2378117E14FD6D7E04007EF0
:10E640007E0B707A0B7002E6D790800C0BEA207E6E
:10E650003471B6BD23782290800A0BEA207E347193
:10E66000B7BD23781474407E14FD6D7E04007E7E59
:10E670000B704C7B7A0B70805E90800C0BEA207ED6
:10E680003472A2BD23782290800A0BEA207E347275
:10E69000A3BD23781474807E14FD6D7E04007E7EFD
:10E6A0000B704C7B7A0B70802E90800C0BEA207ED6
:10E6B000347370BD23782090800A0BEA207E347377
:10E6C00071BD23781274C07E14FD6D7E04007E7EC1
:10E6D0000B704C7B7A0B709080040BEA309AFCD65E
:10E6E000C0AA907D2F1BEA20907D2B1BEA00791E8B
:10E6F0000002907D291BEA307E346C327E2400FEBD
:10E700007E147D337E04000174089AFD9F42907D43
:10E71000290BEA207E347D332D327A71827A61832F
:10E72000E0907D3BF06D22907D290BEA30BD3248B0
:10E7300012907D290BEA207E340007BD2318047453
:10E74000018001E47E146BC77E0400FE7E3402E388
:10E750009AFE2B31907D310BEA3090800C1BEA3011
:10E76000907D3BE00A3B90800E1BEA30907D290BA8
:10E77000EA30907D2B691E00020BEA00907D2F0B82
:10E78000EA209AFCDB03AA90879FF0D3D2B5C3C2DC
:10E79000B5C3C2F97E34000190879FE09AFC7B18D4
:10E7A000D3D2F9D3D2B5C3C2B5229084C31BEA0039
:10E7B0009084C11BEA109084BF1BEA209084BD1B8B
:10E7C000EA309083200BEA209084BD0BEA30BD3202
:10E7D000500474018001E47E146D687E0400FE7EA6
:10E7E00034006B9AFE2B319083220BEA209084BF79
:10E7F0000BEA30BD32500474018001E47E146D6870
:10E800007E0400FE7E34006C9AFE2B319083200B38
:10E81000EA209084C10BEA30BD32500474018001BB
:10E82000E47E146D687E0400FE7E34006D9AFE2B3B
:10E83000319083220BEA209084C30BEA30BD325022
:10E840000474018001E47E146D687E0400FE7E3451
:10E85000006E9AFE2B31742A12E7877E34000190F5
:10E8600084BD0BEA209AFC7B7C7E3400019084C13D
:10E870000BEA209AFC7B7C742B12E7877E34000124
:10E880009084BF0BEA209AFC7B7C7E34000190844C
:10E89000C30BEA209AFC7B7C742C12E787229068D9
:10E8A000CF1BEA306D336D229083200BEA107E047B
:10E8B00000019D109083220BEA007E5400019D050B
:10E8C00012E7AA6D339068D11BEA30802C9068CF94
:10E8D0000BEA209068D10BEA103E147E3468D32DE9
:10E8E000317A71827A61831BEA209068D10BEA2029
:10E8F0007E3400012D321BEA309068D10BEA207E75
:10E900003400F0BD2340C66D339068D11BEA3080DF
:10E910002D7E1800F09082BC793E00021BEA207E1A
:10E920003400017E1468D37E0400019AFC7BA99018
:10E9300068D10BEA207E3400012D321BEA3090684A
:10E94000D10BEA207E340140BD2340C5AA908776D2
:10E950001BEA309087760BEA3090831E1BEA3090DA
:10E96000831E0BEA301B34680E1B3468201B34688E
:10E970001C2E340003782A7E3400F09083201BEA9A
:10E98000307E3401409083221BEA3080147E3401B3
:10E99000409083201BEA307E3400F09083221BEAF3
:10E9A00030AA9086DF1BEA209086DD1BEA30908635
:10E9B000DD0BEA3090831A1BEA309086DF0BEA30D9
:10E9C00090831C1BEA30AA9085CC1BEA109085CA64
:10E9D0001BEA209085C81BEA309083200BEA209028
:10E9E00085C80BEA30BD32500474018001E47E1406
:10E9F0006D687E0400FE7E3400C59AFE2B31908344
:10EA0000220BEA209085CA0BEA30BD325004740113
:10EA10008001E47E146D687E0400FE7E3400C69A98
:10EA2000FE2B319085C80BEA309085CA0BEA209006
:10EA300085C80BEA109085CA0BEA0012E7AA7E345B
:10EA400000019085CC0BEA209AFC7B7CAA9084C9BB
:10EA5000F09084C71BEA209084C51BEA3090832085
:10EA60000BEA209084C50BEA30BD3250047401805B
:10EA700001E47E146D687E0400FE7E3400D99AFEA7
:10EA80002B319083220BEA209084C70BEA30BD32F1
:10EA9000500474018001E47E146D687E0400FE7EE3
:10EAA0003400DA9AFE2B31E49084CAF002EB5C90D9
:10EAB00084C50BEA309084CAE00A1B9084C70BEA35
:10EAC000202D219084C50BEA007E1400072D1090A4
:10EAD00084CAE00A5B9084C70BEA002D0512E7AAFE
:10EAE0009084C9E01A3B3E343E343E343E34908438
:10EAF000CAE00A2B2D237E34011F2D327E2400FF15
:10EB00007E1BB09084CCF0E49084CBF0803790846E
:10EB1000CCE030E0107E34000190831A0BEA209A9A
:10EB2000FC7B7C800E7E34000190831C0BEA209AD3
:10EB3000FC7B7C9084CCE01EB0F09084CB7EEBA07C
:10EB400074012CBAF09084CB7EEBA07408BCAB406F
:10EB5000BD9084CA7EEBA074012CBAF09084CA7E6A
:10EB6000EBA07410BCAB500302EAAFAA9083281B41
:10EB7000EA00791E00029083261BEA209083241B62
:10EB8000EA306D3390832C1BEA309083200BEA200F
:10EB90009083240BEA30BD32500474018001E47E7E
:10EBA000146D687E0400FE7E3400F79AFE2B3190CF
:10EBB00083220BEA209083260BEA30BD3250047486
:10EBC000018001E47E146D687E0400FE7E3400F84E
:10EBD0009AFE2B31804290832C0BEA203E243E2467
:10EBE0003E249083240BEA302D329083260BEA20BA
:10EBF00090832C0BEA50908328691E00020BEA00D8
:10EC00002D157E0BB09AFCEA4D90832C0BEA207EEA
:10EC10003400012D321BEA3090832C0BEA109083D4
:10EC200028693E00020BEA202D317E1BB0BEB000E9
:10EC300078A4AA908386F09083841BEA2090838234
:10EC40001BEA309083200BEA209083820BEA30BDD0
:10EC500032500474018001E47E146D687E0400FE6D
:10EC60007E34010E9AFE2B319083220BEA20908392
:10EC7000840BEA30BD32500474018001E47E146DCF
:10EC8000687E0400FE7E34010F9AFE2B316CAA9040
:10EC90008386E0BCBA581F9083820BEA309083844D
:10ECA0000BEA20742D9AFCEA4D908386E064FF0401
:10ECB000908386F080129083820BEA309083840BDD
:10ECC000EA2074209AFCEA4D908386E01A3B7E2469
:10ECD00000649AFD9E6D7CB7908387F0908386E0F8
:10ECE0001A3B7E24000A9AFD9E6D7E24000A9AFD3E
:10ECF0009E6D7CB5908388F0908386E01A3B7E24DD
:10ED0000000A9AFD9E6D7CB5908389F0E490838A19
:10ED1000F0804A90838AE00A3B7E2400012D233E46
:10ED2000243E243E249083820BEA302D329083844B
:10ED30000BEA2090838AE00A0B7E1483872D107AD9
:10ED400031827A2183E00A4B7E5400302D549AFCA4
:10ED5000EA4D90838A7EEBA074012CBAF090838AEE
:10ED60007EEBA07403BCAB40AAAA90838FF0908383
:10ED70008D1BEA2090838B1BEA309083200BEA20C6
:10ED800090838B0BEA30BD32500474018001E47E25
:10ED9000146D687E0400FE7E3401329AFE2B3190A1
:10EDA00083220BEA2090838D0BEA30BD325004742D
:10EDB000018001E47E146D687E0400FE7E34013320
:10EDC0009AFE2B3190838FE00A5B7E4400648D5461
:10EDD000908390F090838FE00A3B7E24000A8D326E
:10EDE0007E24000A9AFD9E6D7CB5908391F09083FD
:10EDF0008FE00A3B7E24000A9AFD9E6D7CB59083CD
:10EE000092F0E4908393F080429083937EEB707451
:10EE100008ACB790838B0BEA302D3590838D0BEACD
:10EE200020908393E00A0B7E1483902D107A318218
:10EE30007A2183E00A4B7E5400302D549AFCEA4D2F
:10EE40009083937EEBA074012CBAF09083937EEBB9
:10EE5000A07403BCAB40B2AA90817A1BEA109081E7
:10EE6000781BEA209081761BEA309083200BEA2001
:10EE70009081760BEA30BD32500474018001E47E4B
:10EE8000146D687E0400FE7E34014E9AFE2B319094
:10EE900083220BEA209081780BEA30BD3250047453
:10EEA000018001E47E146D687E0400FE7E34014F13
:10EEB0009AFE2B316D2290817A0BEA30BD325826B2
:10EEC0009081760BEA309081780BEA20742D9AFCC1
:10EED000EA4D90817A0BEA306E34FFFF0B3490815B
:10EEE0007A1BEA3080129081760BEA309081780BA1
:10EEF000EA2074209AFCEA4D90817A0BEA307E2455
:10EF000027109AFD9E6D7CB790817CF090817A0BE2
:10EF1000EA307E2403E89AFD9E6D7E24000A9AFD65
:10EF20009E6D7CB590817DF090817A0BEA307E24D5
:10EF300000649AFD9E6D7E24000A9AFD9E6D7CB54C
:10EF400090817EF090817A0BEA307E24000A9AFD4F
:10EF50009E6D7E24000A9AFD9E6D7CB590817FF0A7
:10EF600090817A0BEA307E24000A9AFD9E6D7CB572
:10EF7000908180F0E4908181F0804A908181E00A64
:10EF80003B7E2400012D233E243E243E24908176A6
:10EF90000BEA302D329081780BEA20908181E00AD3
:10EFA0000B7E14817C2D107A31827A2183E00A4B0A
:10EFB0007E5400302D549AFCEA4D9081817EEBA066
:10EFC00074012CBAF09081817EEBA07405BCAB403B
:10EFD000AAAA9081861BEA109081841BEA20908166
:10EFE000821BEA309083200BEA209081820BEA306A
:10EFF000BD32500474018001E47E146D687E04000B
:10F00000FE7E3401739AFE2B319083220BEA20900E
:10F0100081840BEA30BD32500474018001E47E1417
:10F020006D687E0400FE7E3401749AFE2B3190815F
:10F03000860BEA507E4427108D54908188F0908191
:10F04000860BEA307E2403E88D327E24000A8D325E
:10F050007CB5908189F09081860BEA307E24006433
:10F060008D327E24000A8D327CB590818AF09081A9
:10F07000860BEA307E24000A8D327E24000A8D320F
:10F080007CB590818BF09081860BEA307E24000A5B
:10F090008D327CB590818CF0E490818DF08042902F
:10F0A000818D7EEB707408ACB79081820BEA302DB5
:10F0B000359081840BEA2090818DE00A0B7E1481CB
:10F0C000882D107A31827A2183E00A4B7E540030F9
:10F0D0002D549AFCEA4D90818D7EEBA074012CBAE0
:10F0E000F090818D7EEBA07405BCAB40B2AA907706
:10F0F0007BF09077771BEA00791E00029077751BF2
:10F10000EA209077731BEA309083200BEA209077F7
:10F11000730BEA30BD32500474018001E47E146D3B
:10F12000687E0400FE7E3401939AFE2B3190832288
:10F130000BEA209077750BEA30BD325004740180E1
:10F1400001E47E146D687E0400FE7E3401949AFE14
:10F150002B3190777B7EEBA0740ABCAB2806740A37
:10F1600090777BF090777B7EEBA074012CBAF090C7
:10F170007777693E00020BEA20BE180000583090F5
:10F180007777693E00020BEA209070E5793E000235
:10F190001BEA207E14777C7E0400017E346D657E40
:10F1A0002400FE9AFC681F7CB790779EF0803F7425
:10F1B0002090777CF0907777693E00020BEA2090F0
:10F1C00070E5793E00021BEA207E14777D7E040004
:10F1D000017E346D657E2400FE9AFC681F7CB7902A
:10F1E000779EF090779E7EEBA074012CBAF080237E
:10F1F0007EA02090779EE00A2B7E34777C2D327A99
:10F2000071827A61837AEBA090779E7EEBA0740185
:10F210002CBAF090777B7EEBA090779EE0BCBA4052
:10F22000CF6CAA90777BE00A2B7E34777C2D327AE4
:10F2300071827A61837AEBA09077730BEA309077D2
:10F24000750BEA207E14777C7E0400019AFCEB6C3F
:10F25000AA9075D27AEB309075D1F09075C71BEA01
:10F26000209075C51BEA309083200BEA209075C56D
:10F270000BEA30BD32500474018001E47E146D68E5
:10F280007E0400FE7E3401BE9AFE2B319083220B59
:10F29000EA209075C70BEA30BD325004740180013A
:10F2A000E47E146D687E0400FE7E3401BF9AFE2B5E
:10F2B000319075D27EEBA07406BCAB280674069024
:10F2C00075D2F09075D17EEBA0740ABCAB280674A1
:10F2D0000A9075D1F09075C90BEA80699E000269A9
:10F2E000AE000469BE00069F009F119AFD9272282D
:10F2F000409075C90BEA00691E0002692E0004697E
:10F300003E00069070E11BEA00791E0002792E0093
:10F3100004793E00067E1475D47E0400017E346DAF
:10F32000627E2400FE9AFC681F7CB79075D3F08043
:10F33000499075C90BEA00691E0002692E00046934
:10F340003E00069070E11BEA00791E0002792E0053
:10F3500004793E00067E1475D57E0400017E346D6E
:10F36000627E2400FE9AFC681F7CB79075D3F090F3
:10F3700075D37EEBA074012CBAF09075D3E00A5BD4
:10F380007E4400079D549075F8F09075D1E00A4BCB
:10F390009075F8E01A5B9D547E4400019D54907571
:10F3A000F6F09075D2E00A3B9075F8E01A4B2D43C9
:10F3B0007E5400012D549075F7F0802E7EA0209091
:10F3C00075F7E01A2B7E3475D42D327A71827A610A
:10F3D000837AEBA09075F77EEBA074012CBAF090C5
:10F3E00075F67EEBA074012CBAF09075F67EEBA05A
:10F3F000E4BCAB48C79075C90BEA80699E000269FE
:10F40000AE000469BE00069F009F119AFD9272280B
:10F410001A7EA02D9075F6E01A2B7E3475D42D320D
:10F420007A71827A61837AEBA080187EA020907531
:10F43000F6E01A2B7E3475D42D327A71827A61838C
:10F440007AEBA06CAA9075F7E01A2B7E3475D42D58
:10F45000327A71827A61837AEBA09075C50BEA30BB
:10F460009075C70BEA207E1475D47E0400019AFCC7
:10F47000EB6CAA907A401BEA00791E0002907A3E5B
:10F480001BEA20907A3C1BEA309F11907A4C793E1F
:10F4900000021BEA209F11907A50793E00021BEA7D
:10F4A000209083200BEA20907A3C0BEA30BD32504A
:10F4B0000474018001E47E146D687E0400FE7E34D5
:10F4C00001EE9AFE2B319083220BEA20907A3E0BBC
:10F4D000EA30BD32500474018001E47E146D687E10
:10F4E0000400FE7E3401EF9AFE2B31907A3C0BEA49
:10F4F00030907A3E0BEA20907A480BEA00907A3CF2
:10F500000BEA102D107E0400019D10907A4A0BEA40
:10F5100050907A3E0BEA002D057E5400019D0512A5
:10F52000E7AA9F11907A4C793E00021BEA20806086
:10F530009F11907A50793E00021BEA2080257E348C
:10F54000000190831C0BEA209AFC7B7C907A506926
:10F550001E00020BEA007E1800012F10793E000207
:10F560001BEA20907A480BEA106D00907A50693EB1
:10F5700000020BEA20BF1040C5907A4C691E0002C1
:10F580000BEA007E1800012F10793E00021BEA20D2
:10F59000907A4A0BEA106D00907A4C693E00020B9B
:10F5A000EA20BF10408A9F11907A4C793E00021BDE
:10F5B000EA2002F673907A440BEA10907A4C693E86
:10F5C00000020BEA209AFD9EB0907A480BEA109A4E
:10F5D000FD9EB9907A54793E00021BEA20907A543D
:10F5E000693E00020BEA207D13907A40693E0002DA
:10F5F0000BEA202D317E1B700A27907A4A0BEA30E5
:10F600007E1400019D31AD32907A460BEA208D3296
:10F610006D22907A58793E00021BEA20907A4C695C
:10F620003E00020BEA207D23907A3C0BEA302D321B
:10F63000907A4A0BEA107E2400019D126D00907AA8
:10F6400058695E00020BEA409F02907A3E0BEA2066
:10F650002D2190831A0BEA109AFCE9C7907A4C6925
:10F660001E00020BEA007E1800012F10793E0002F6
:10F670001BEA20907A480BEA106D00907A4C693EA4
:10F6800000020BEA20BF10500302F5B5AA907BF2EE
:10F690001BEA00791E0002907BF1F0907BEF1BEAE1
:10F6A00020907BED1BEA309083200BEA20907BEDCD
:10F6B0000BEA30BD32500474018001E47E146D68A1
:10F6C0007E0400FE7E3402149AFE2B319083220BBE
:10F6D000EA20907BEF0BEA30BD32500474018001C8
:10F6E000E47E146D687E0400FE7E3402159AFE2BC3
:10F6F00031907BF1E00A5B1E541E541E54907C0135
:10F70000F0907BED0BEA30907BEF0BEA20907BF1E1
:10F71000E0907BF67EEB10AC1B7E1400019D019007
:10F720007BED0BEA102D10907BF1E00A5B907BEFF4
:10F730000BEA002D057E5400019D0512E7AA6D33EA
:10F74000907BF91BEA3002F87D907BF6E0907C001C
:10F75000F0907C01E00A1B907BF90BEA00AD109061
:10F760007BF2693E00020BEA202D31907C02793E4B
:10F7700000021BEA2002F8586D33907BFD1BEA3033
:10F7800002F81B7E340008907BFB1BEA30805E9001
:10F790007BFB0BEA507E4400019D54907C02693E45
:10F7A00000020BEA207E1BA060051EA01478FB74EB
:10F7B000015CBA907BFFF0907BFFE0BEB000681068
:10F7C0007E340001907BF70BEA209AFC7B7C800E54
:10F7D0007E34000190831C0BEA209AFC7B7C907B9A
:10F7E000FB0BEA307E2400019D321BEA306D229033
:10F7F0007BFB0BEA30BD321896907C02693E00021A
:10F800000BEA200B34793E00021BEA20907BFD0BB3
:10F81000EA207E3400012D321BEA30907C01E00AA0
:10F820002B907BFD0BEA30BD32580302F783907BAF
:10F83000F1E0907C017EEB30AC3B907C02693E00B5
:10F84000020BEA20907C01E00A0B9D302D31907C68
:10F8500002793E00021BEA20907C007EEBA07E70C5
:10F86000017CBA9CB7F0BEA000680302F778907BD9
:10F87000F90BEA207E3400012D321BEA30907BF137
:10F88000E00A2B907BF90BEA30BD32580302F749AE
:10F89000AA9064FAF09064EE1BEA00791E000290D0
:10F8A00064EC1BEA209064EA1BEA309F119064FB31
:10F8B000793E00021BEA209F119064FF793E00020E
:10F8C0001BEA209083200BEA209064EA0BEA30BD0B
:10F8D00032500474018001E47E146D687E0400FEE1
:10F8E0007E34024B9AFE2B319083220BEA209064E7
:10F8F000EC0BEA30BD32500474018001E47E146DDB
:10F90000687E0400FE7E34024C9AFE2B319064EE39
:10F91000693E00020BEA204D23680474018001E473
:10F920007E146D687E0400FE7E34024D9AFE2B31FB
:10F93000C3C2B59064EA0BEA309064EC0BEA209005
:10F9400064F60BEA009064EA0BEA102D107E0400C6
:10F95000019D109064F80BEA509064EC0BEA002DC6
:10F96000057E5400019D0512E7AA9F119064FF795E
:10F970003E00021BEA2002FB469064F40BEA109062
:10F9800064FF693E00020BEA209AFD9EB09064F885
:10F990000BEA109AFD9EB99064F20BEA109AFD9E54
:10F9A000B07D139064EE693E00020BEA202D319089
:10F9B00066E7793E00021BEA209F119064FB793EC6
:10F9C00000021BEA2002FAF49064F20BEA10906441
:10F9D000FB693E00020BEA209AFD9EB09064F60B94
:10F9E000EA109AFD9EB97D139066E7693E00020B0E
:10F9F000EA202D317E1B700A379065051BEA309096
:10FA000064FAE0BEB000680302FA8F9065050BEA65
:10FA1000201E241E241E247E34001F5D327C676C51
:10FA2000773E343E343E349065031BEA30906505E2
:10FA30000BEA301E341E347E24003F5D2374053EE5
:10FA4000241478FB9065030BEA304D321BEA3090AA
:10FA500065050BEA301E341E341E347E24001F5D03
:10FA6000239065030BEA304D321BEA309065030B9F
:10FA7000EA209064FB691E00020BEA003E147E340B
:10FA800065072D317A71827A61831BEA20804E905E
:10FA900064FAE00A2B9065050BEA30BD32501F6D09
:10FAA000229064FB691E00020BEA003E147E34655E
:10FAB000072D317A71827A61831BEA20801F7E24B0
:10FAC000FFFF9064FB691E00020BEA003E147E34C7
:10FAD00065072D317A71827A61831BEA209064FB7D
:10FAE000691E00020BEA007E1800012F10793E000B
:10FAF000021BEA209064F60BEA106D009064FB692B
:10FB00003E00020BEA20BF10500302F9C89064F6D1
:10FB10000BEA306D229082BC793E00021BEA207E07
:10FB20003400017E1465077E0400019AFC7BA990D5
:10FB300064FF691E00020BEA007E1800012F107995
:10FB40003E00021BEA209064F80BEA106D009064FE
:10FB5000FF693E00020BEA20BF10500302F979D37F
:10FB6000D2B5AA7E341393907CE11BEA307E341325
:10FB700091907CE31BEA307E34FFFF907CE51BEA2A
:10FB8000307E34FFFF907CE71BEA307E3400016D4D
:10FB9000227E146C007E0402DC9AFC80167E340007
:10FBA000817E240001E47E1400109AFD58567E34B4
:10FBB00000807E240001E47E1400109AFD58567ED9
:10FBC0003400457E240001E47E1400109AFD58564E
:10FBD0007E3400927E24000174017E1400109AFD90
:10FBE000585690831E0BEA309AFCE94D90831A0B0D
:10FBF000EA3090831C0BEA209AFCE9A2C3C2F87E8B
:10FC00001403E8908661693E00020BEA209AFD9E8B
:10FC1000B97E1400C89AFD9EB09AFE33FFD3D2F885
:10FC20007E1403E8908661693E00020BEA209AFD8B
:10FC30009EB97E1400649AFD9EB09AFE33FF74361E
:10FC400012E7877E1403E8908661693E00020BEAA2
:10FC5000209AFD9EB97E1400649AFD9EB09AFE33F0
:10FC6000FF6D2290831E0BEA30BD32780B7E34008C
:10FC700001E49AFC7B18803E90831E0BEA207E34C0
:10FC80000001BD23780C7E34000174C09AFC7B18FF
:10FC9000802490831E0BEA207E340002BD23780C62
:10FCA0007E34000174709AFC7B18800A7E34000157
:10FCB00074A09AFC7B18743A12E7877E34000174B2
:10FCC000059AFC7B1874B212E7877E340001740C2D
:10FCD0009AFC7B187E340001740C9AFC7B187E34ED
:10FCE0000001E49AFC7B187E34000174339AFC7B9B
:10FCF000187E34000174339AFC7B1874B712E787BE
:10FD00007E34000174359AFC7B1874BB12E7877E41
:10FD100034000174379AFC7B1874C012E7877E3474
:10FD20000001742C9AFC7B1874C212E7877E3400A1
:10FD30000174019AFC7B1874C312E7877E340001BA
:10FD400074129AFC7B1874C412E7877E3400017425
:10FD5000209AFC7B1874C612E7877E340001740F6A
:10FD60009AFC7B1874D012E7877E34000174A49A41
:10FD7000FC7B187E34000174A19AFC7B1874E0129D
:10FD8000E7877E34000174D09AFC7B187E34000132
:10FD900074049AFC7B187E340001740D9AFC7B1865
:10FDA0007E34000174119AFC7B187E3400017413B8
:10FDB0009AFC7B187E340001742B9AFC7B187E34ED
:10FDC0000001743F9AFC7B187E34000174549AFC45
:10FDD0007B187E340001744C9AFC7B187E34000141
:10FDE00074189AFC7B187E340001740D9AFC7B1801
:10FDF0007E340001740B9AFC7B187E340001741F62
:10FE00009AFC7B187E34000174239AFC7B1874E101
:10FE100012E7877E34000174D09AFC7B187E340090
:10FE20000174049AFC7B187E340001740C9AFC7BEC
:10FE3000187E34000174119AFC7B187E3400017422
:10FE4000139AFC7B187E340001742C9AFC7B187E7C
:10FE5000340001743F9AFC7B187E34000174449A8C
:10FE6000FC7B187E34000174519AFC7B187E3400B0
:10FE700001742F9AFC7B187E340001741F9AFC7B5E
:10FE8000187E340001741F9AFC7B187E34000174C4
:10FE9000209AFC7B187E34000174239AFC7B187432
:10FEA0002112E787741112E7877E1403E8908661B8
:10FEB000693E00020BEA209AFD9EB97E1400789AF2
:10FEC000FD9EB09AFE33FF742912E78790831C0BC6
:10FED000EA309AFCE89EAA907DE4E024DF680D14E5
:10FEE00068100BB178129AFCFEFD80109AFCFF3866
:10FEF000800A9AFCFF7380049AFE08A2AA907DEB08
:10FF0000E0BEB0047809907DE3E0BEB02168069AB7
:10FF1000FE08A280227E34853C7E240001907DEF85
:10FF2000793E00021BEA20907DE90BEA30907DEDDE
:10FF30001BEA309AFE08C6AA907DEBE0BEB00478BA
:10FF400009907DE3E0BEB0A168069AFE08A2802277
:10FF50007E34853C7E240001907DEF793E00021BBB
:10FF6000EA20907DE90BEA30907DED1BEA309AFEA5
:10FF700008B2AA907DEBE0BEB0047809907DE3E082
:10FF8000BEB02168069AFE08A280049AFE08D6AA8E
:10FF9000907DE4E0BEB020780BE4908540F07408DA
:10FFA000908542F0AA7F617F7080177E7BB0600CE5
:10FFB000693FFFFC1B34793FFFFC7802E4AA0BF495
:10FFC0000BD47E6B607E7B70BC7668DF7E6B607E60
:10FFD0007B70BC7628037401AA74FFAACAF87DF36B
:10FFE0007CFB7F207F1080071BF47A2BF00B544D95
:0FFFF000FF78F5DAF8AA9AFE08A2AA28302900AD
:0200000400FDFD
:1000000090879DF0D3D2B5C3C2B5C3C2F97E340088
:100010000190879DE09AFC7B18D3D2F9D3D2B5C367
:10002000C2B52290849B1BEA009084991BEA109031
:1000300084971BEA209084951BEA30908493E00A11
:100040002B9084950BEA30BD32500474018001E49A
:100050007E146D027E0400FE7E34006A9AFE2B310F
:10006000908494E00A2B9084970BEA30BD325004C0
:1000700074018001E47E146D027E0400FE7E340073
:100080006B9AFE2B31908493E00A2B9084990BEAB3
:1000900030BD32500474018001E47E146D027E0490
:1000A00000FE7E34006C9AFE2B31908494E00A2B83
:1000B00090849B0BEA30BD32500474018001E47ED1
:1000C000146D027E0400FE7E34006D9AFE2B316DAD
:1000D000229084910BEA30BD327862742A120000BB
:1000E0007E3400019084950BEA107E2400342D218B
:1000F0009AFC7B7C7E3400019084990BEA107E246C
:1001000000342D219AFC7B7C742B1200007E34007D
:10011000019084970BEA107E2400282D219AFC7B05
:100120007C7E34000190849B0BEA107E2400282DF5
:10013000219AFC7B7C742C12000002027B9084913B
:100140000BEA207E340001BD237862742A1200007D
:100150007E3400019084950BEA107E2400352D2119
:100160009AFC7B7C7E3400019084990BEA107E24FB
:1001700000352D219AFC7B7C742B1200007E34000C
:10018000019084970BEA107E2400282D219AFC7B95
:100190007C7E34000190849B0BEA107E2400282D85
:1001A000219AFC7B7C742C12000002027B908491CB
:1001B0000BEA207E340002BD237861742A1200000D
:1001C0007E3400019084950BEA107E2400282D21B6
:1001D0009AFC7B7C7E3400019084990BEA107E248B
:1001E00000282D219AFC7B7C742B1200007E3400A9
:1001F000019084970BEA107E2400352D219AFC7B18
:100200007C7E34000190849B0BEA107E2400352D07
:10021000219AFC7B7C742C120000805F742A1200EF
:10022000007E3400019084950BEA107E2400282D76
:10023000219AFC7B7C7E3400019084990BEA107E2D
:100240002400282D219AFC7B7C742B1200007E3424
:1002500000019084970BEA107E2400342D219AFC33
:100260007B7C7E34000190849B0BEA107E2400345A
:100270002D219AFC7B7C742C120000229066EB1BD3
:10028000EA306D336D22908493E00A1B7E040001F6
:100290009D10908494E00A0B7E5400019D0512008D
:1002A000236D339066ED1BEA30802C9066EB0BEAF1
:1002B000209066ED0BEA103E147E3466EF2D317A05
:1002C00071827A61831BEA209066ED0BEA207E340E
:1002D00000012D321BEA309066ED0BEA207E3400DF
:1002E000F0BD2340C66D339066ED1BEA30802D7E55
:1002F0001800F09082BC793E00021BEA207E340098
:10030000017E1466EF7E0400019AFC7BA99066EDE5
:100310000BEA207E3400012D321BEA309066ED0B93
:10032000EA207E340087BD2340C5AA9087721BEA6D
:10033000309087720BEA309084911BEA3090849160
:100340000BEA301B34680E1B3468181B3468142EFB
:10035000340003781A7487908493F074F090849436
:10036000F0800C74F0908493F07487908494F0AAD9
:100370009086D71BEA209086D51BEA309086D50B55
:10038000EA3090848D1BEA309086D70BEA30908457
:100390008F1BEA30AA9085C01BEA109085BE1BEA2D
:1003A000209085BC1BEA30908493E00A2B9085BC9A
:1003B0000BEA30BD32500474018001E47E146D02FA
:1003C0007E0400FE7E3400E19AFE2B31908494E09E
:1003D0000A2B9085BE0BEA30BD32500474018001B7
:1003E000E47E146D027E0400FE7E3400E29AFE2B51
:1003F000319085BC0BEA309085BE0BEA209085BC1D
:100400000BEA109085BE0BEA001200237E34000137
:100410009085C00BEA209AFC7B7CAA9084A1F09086
:10042000849F1BEA2090849D1BEA30908493E00A0D
:100430002B90849D0BEA30BD32500474018001E49E
:100440007E146D027E0400FE7E3400F59AFE2B3190
:10045000908494E00A2B90849F0BEA30BD325004C4
:1004600074018001E47E146D027E0400FE7E34007F
:10047000F69AFE2B31E49084A2F002052A90849D26
:100480000BEA309084A2E00A1B90849F0BEA202D97
:100490002190849D0BEA007E1400072D109084A209
:1004A000E00A5B90849F0BEA002D051200239084E4
:1004B000A1E01A3B3E343E343E343E349084A2E008
:1004C0000A2B2D237E34011F2D327E2400FF7E1B3C
:1004D000B09084A4F0E49084A3F080379084A4E0EA
:1004E00030E0107E34000190848D0BEA209AFC7B72
:1004F0007C800E7E34000190848F0BEA209AFC7B76
:100500007C9084A4E01EB0F09084A37EEBA07401E4
:100510002CBAF09084A37EEBA07408BCAB40BD90D5
:1005200084A27EEBA074012CBAF09084A27EEBA092
:100530007410BCAB500302047DAA90830A1BEA002E
:10054000791E00029083081BEA209083061BEA3084
:100550006D3390830E1BEA30908493E00A2B9083D6
:10056000060BEA30BD32500474018001E47E146D44
:10057000027E0400FE7E3401139AFE2B3190849497
:10058000E00A2B9083080BEA30BD325004740180DE
:1005900001E47E146D027E0400FE7E3401149AFE96
:1005A0002B31804290830E0BEA203E243E243E24D1
:1005B0009083060BEA302D329083080BEA2090835B
:1005C0000E0BEA5090830A691E00020BEA002D15FB
:1005D0007E0BB09AFD041B90830E0BEA207E340044
:1005E000012D321BEA3090830E0BEA1090830A69CA
:1005F0003E00020BEA202D317E1BB0BEB00078A475
:10060000AA908362F09083601BEA2090835E1BEACD
:1006100030908493E00A2B90835E0BEA30BD325019
:100620000474018001E47E146D027E0400FE7E34B9
:10063000012A9AFE2B31908494E00A2B9083600B60
:10064000EA30BD32500474018001E47E146D027EF4
:100650000400FE7E34012B9AFE2B316CAA9083623B
:10066000E0BCBA581F90835E0BEA309083600BEABF
:1006700020742D9AFD041B908362E064FF04908334
:1006800062F0801290835E0BEA309083600BEA2068
:1006900074209AFD041B908362E01A3B7E24006460
:1006A0009AFD9E6D7CB7908363F0908362E01A3B65
:1006B0007E24000A9AFD9E6D7E24000A9AFD9E6D9E
:1006C0007CB5908364F0908362E01A3B7E24000A3C
:1006D0009AFD9E6D7CB5908365F0E4908366F08012
:1006E0004A908366E00A3B7E2400012D233E243E8F
:1006F000243E2490835E0BEA302D329083600BEA17
:1007000020908366E00A0B7E1483632D107A318279
:100710007A2183E00A4B7E5400302D549AFD041B4D
:100720009083667EEBA074012CBAF09083667EEB1A
:10073000A07403BCAB40AAAA90836BF09083691BA2
:10074000EA209083671BEA30908493E00A2B908321
:10075000670BEA30BD32500474018001E47E146DF1
:10076000027E0400FE7E34014D9AFE2B319084946B
:10077000E00A2B9083690BEA30BD3250047401808B
:1007800001E47E146D027E0400FE7E34014E9AFE6A
:100790002B3190836BE00A5B7E4400648D54908320
:1007A0006CF090836BE00A3B7E24000A8D327E243D
:1007B000000A9AFD9E6D7CB590836DF090836BE08E
:1007C0000A3B7E24000A9AFD9E6D7CB590836EF0F4
:1007D000E490836FF0804290836F7EEB707408AC7E
:1007E000B79083670BEA302D359083690BEA209030
:1007F000836FE00A0B7E14836C2D107A31827A218C
:1008000083E00A4B7E5400302D549AFD041B9083E4
:100810006F7EEBA074012CBAF090836F7EEBA07416
:1008200003BCAB40B2AA90814A1BEA109081481BDE
:10083000EA209081461BEA30908493E00A2B908155
:10084000460BEA30BD32500474018001E47E146D21
:10085000027E0400FE7E3401699AFE2B319084945E
:10086000E00A2B9081480BEA30BD325004740180BD
:1008700001E47E146D027E0400FE7E34016A9AFE5D
:100880002B316D2290814A0BEA30BD32582690817F
:10089000460BEA309081480BEA20742D9AFD041B28
:1008A00090814A0BEA306E34FFFF0B3490814A1B73
:1008B000EA3080129081460BEA309081480BEA20A2
:1008C00074209AFD041B90814A0BEA307E24271085
:1008D0009AFD9E6D7CB790814CF090814A0BEA3076
:1008E0007E2403E89AFD9E6D7E24000A9AFD9E6D8B
:1008F0007CB590814DF090814A0BEA307E240064F3
:100900009AFD9E6D7E24000A9AFD9E6D7CB59081B5
:100910004EF090814A0BEA307E24000A9AFD9E6DCB
:100920007E24000A9AFD9E6D7CB590814FF09081E7
:100930004A0BEA307E24000A9AFD9E6D7CB59081B8
:1009400050F0E4908151F0804A908151E00A3B7E62
:100950002400012D233E243E243E249081460BEAB0
:10096000302D329081480BEA20908151E00A0B7EB5
:1009700014814C2D107A31827A2183E00A4B7E5407
:1009800000302D549AFD041B9081517EEBA0740120
:100990002CBAF09081517EEBA07405BCAB40AAAAA2
:1009A0009081561BEA109081541BEA209081521BC3
:1009B000EA30908493E00A2B9081520BEA30BD32EA
:1009C000500474018001E47E146D027E0400FE7EFA
:1009D00034018E9AFE2B31908494E00A2B9081543E
:1009E0000BEA30BD32500474018001E47E146D02C4
:1009F0007E0400FE7E34018F9AFE2B319081560BCF
:100A0000EA507E4427108D54908158F09081560B07
:100A1000EA307E2403E88D327E24000A8D327CB5D4
:100A2000908159F09081560BEA307E2400648D321B
:100A30007E24000A8D327CB590815AF09081560B4D
:100A4000EA307E24000A8D327E24000A8D327CB585
:100A500090815BF09081560BEA307E24000A8D3243
:100A60007CB590815CF0E490815DF0804290815D86
:100A70007EEB707408ACB79081520BEA302D359044
:100A800081540BEA2090815DE00A0B7E1481582D81
:100A9000107A31827A2183E00A4B7E5400302D5443
:100AA0009AFD041B90815D7EEBA074012CBAF0903E
:100AB000815D7EEBA07405BCAB40B2AA907723F0B9
:100AC00090771F1BEA00791E000290771D1BEA2019
:100AD00090771B1BEA30908493E00A2B90771B0BD6
:100AE000EA30BD32500474018001E47E146D027E50
:100AF0000400FE7E3401AF9AFE2B31908494E00A0C
:100B00002B90771D0BEA30BD32500474018001E454
:100B10007E146D027E0400FE7E3401B09AFE2B31FD
:100B20009077237EEBA0740ABCAB2806740A9077FA
:100B300023F09077237EEBA074012CBAF090771FFE
:100B4000693E00020BEA20BE180000583090771F63
:100B5000693E00020BEA209070E5793E00021BEA34
:100B6000207E1477247E0400017E346CFF7E2400F6
:100B7000FE9AFC681F7CB7907746F0803F74209007
:100B80007724F090771F693E00020BEA209070E511
:100B9000793E00021BEA207E1477257E0400017E48
:100BA000346CFF7E2400FE9AFC681F7CB790774669
:100BB000F09077467EEBA074012CBAF080237EA0E3
:100BC00020907746E00A2B7E3477242D327A71828A
:100BD0007A61837AEBA09077467EEBA074012CBA01
:100BE000F09077237EEBA0907746E0BCBA40CF6CC4
:100BF000AA907723E00A2B7E3477242D327A7182F3
:100C00007A61837AEBA090771B0BEA3090771D0B0B
:100C1000EA207E1477247E0400019AFD053AAA900A
:100C2000756A7AEB30907569F090755F1BEA2090D9
:100C3000755D1BEA30908493E00A2B90755D0BEA9A
:100C400030BD32500474018001E47E146D027E04D4
:100C500000FE7E3401DA9AFE2B31908494E00A2B58
:100C600090755F0BEA30BD32500474018001E47E60
:100C7000146D027E0400FE7E3401DB9AFE2B31905F
:100C8000756A7EEBA07406BCAB2806740690756A84
:100C9000F09075697EEBA0740ABCAB2806740A90CC
:100CA0007569F09075610BEA80699E000269AE007B
:100CB0000469BE00069F009F119AFD927228409021
:100CC00075610BEA00691E0002692E0004693E008E
:100CD000069070E11BEA00791E0002792E0004796B
:100CE0003E00067E14756C7E0400017E346CFC7E32
:100CF0002400FE9AFC681F7CB790756BF0804990C9
:100D000075610BEA00691E0002692E0004693E004D
:100D1000069070E11BEA00791E0002792E0004792A
:100D20003E00067E14756D7E0400017E346CFC7EF0
:100D30002400FE9AFC681F7CB790756BF090756B71
:100D40007EEBA074012CBAF090756BE00A5B7E44D8
:100D500000079D54907590F0907569E00A4B90756E
:100D600090E01A5B9D547E4400019D5490758EF076
:100D700090756AE00A3B907590E01A4B2D437E54C3
:100D800000012D5490758FF0802E7EA02090758FDD
:100D9000E01A2B7E34756C2D327A71827A61837AF7
:100DA000EBA090758F7EEBA074012CBAF090758E3D
:100DB0007EEBA074012CBAF090758E7EEBA0E4BCA3
:100DC000AB48C79075610BEA80699E000269AE006E
:100DD0000469BE00069F009F119AFD9272281A7E38
:100DE000A02D90758EE01A2B7E34756C2D327A71A1
:100DF000827A61837AEBA080187EA02090758EE0C5
:100E00001A2B7E34756C2D327A71827A61837AEB7B
:100E1000A06CAA90758FE01A2B7E34756C2D327AF7
:100E200071827A61837AEBA090755D0BEA309075E0
:100E30005F0BEA207E14756C7E0400019AFD053A72
:100E4000AA907A001BEA00791E00029079FE1BEA44
:100E5000209079FC1BEA309F11907A0C793E0002B9
:100E60001BEA209F11907A10793E00021BEA209025
:100E70008493E00A2B9079FC0BEA30BD3250047465
:100E8000018001E47E146D027E0400FE7E34020ABD
:100E90009AFE2B31908494E00A2B9079FE0BEA3075
:100EA000BD32500474018001E47E146D027E0400A2
:100EB000FE7E34020B9AFE2B319079FC0BEA3090C7
:100EC00079FE0BEA20907A080BEA009079FC0BEA95
:100ED000102D107E0400019D10907A0A0BEA5090AC
:100EE00079FE0BEA002D057E5400019D05120023BA
:100EF0009F11907A0C793E00021BEA2080609F11BE
:100F0000907A10793E00021BEA2080257E34000191
:100F100090848F0BEA209AFC7B7C907A10691E00EB
:100F2000020BEA007E1800012F10793E00021BEA36
:100F300020907A080BEA106D00907A10693E00024A
:100F40000BEA20BF1040C5907A0C691E00020BEA24
:100F5000007E1800012F10793E00021BEA20907AD3
:100F60000A0BEA106D00907A0C693E00020BEA2031
:100F7000BF10408A9F11907A0C793E00021BEA2034
:100F8000021041907A040BEA10907A0C693E00023C
:100F90000BEA209AFD9EB0907A080BEA109AFD9E0B
:100FA000B9907A14793E00021BEA20907A14693EC7
:100FB00000020BEA207D13907A00693E00020BEAE2
:100FC000202D317E1B700A27907A0A0BEA307E149E
:100FD00000019D31AD32907A060BEA208D326D22F0
:100FE000907A18793E00021BEA20907A0C693E0044
:100FF000020BEA207D239079FC0BEA302D32907AA7
:101000000A0BEA107E2400019D126D00907A186987
:101010005E00020BEA409F029079FE0BEA202D2130
:1010200090848D0BEA109AFD0395907A0C691E004E
:10103000020BEA007E1800012F10793E00021BEA25
:1010400020907A080BEA106D00907A0C693E00023D
:101050000BEA20BF105003020F83AA9062F9F090B0
:1010600062ED1BEA00791E00029062EB1BEA209001
:1010700062E91BEA309F119062FA793E00021BEA96
:10108000209F119062FE793E00021BEA209084931B
:10109000E00A2B9062E90BEA30BD32500474018003
:1010A00001E47E146D027E0400FE7E3402389AFE56
:1010B0002B31908494E00A2B9062EB0BEA30BD3226
:1010C000500474018001E47E146D027E0400FE7EF3
:1010D0003402399AFE2B319062ED693E00020BEA30
:1010E000204D23680474018001E47E146D027E04A7
:1010F00000FE7E34023A9AFE2B31C3C2B59062E9FB
:101100000BEA309062EB0BEA209062F50BEA00905C
:1011100062E90BEA102D107E0400019D109062F729
:101120000BEA509062EB0BEA002D057E5400019D06
:10113000051200239F119062FE793E00021BEA20F7
:101140000213109062F30BEA109062FE693E0002F7
:101150000BEA209AFD9EB09062F70BEA109AFD9E72
:10116000B99062F10BEA109AFD9EB07D139062ED8A
:10117000693E00020BEA202D319064E6793E0002C0
:101180001BEA209F119062FA793E00021BEA2002BE
:1011900012BE9062F10BEA109062FA693E00020BF7
:1011A000EA209AFD9EB09062F50BEA109AFD9EB976
:1011B0007D139064E6693E00020BEA202D317E1B10
:1011C000700A379063041BEA309062F9E0BEB00009
:1011D00068030212599063040BEA201E241E241E89
:1011E000247E34001F5D327C676C773E343E343E93
:1011F000349063021BEA309063040BEA301E341E05
:10120000347E24003F5D2374053E241478FB9063F4
:10121000020BEA304D321BEA309063040BEA301EB9
:10122000341E341E347E24001F5D239063020BEABB
:10123000304D321BEA309063020BEA209062FA696B
:101240001E00020BEA003E147E3463062D317A71D3
:10125000827A61831BEA20804E9062F9E00A2B902B
:1012600063040BEA30BD32501F6D229062FA691E92
:1012700000020BEA003E147E3463062D317A71823F
:101280007A61831BEA20801F7E24FFFF9062FA6947
:101290001E00020BEA003E147E3463062D317A7183
:1012A000827A61831BEA209062FA691E00020BEACF
:1012B000007E1800012F10793E00021BEA20906288
:1012C000F50BEA106D009062FA693E00020BEA200D
:1012D000BF1050030211929062F50BEA306D22901C
:1012E00082BC793E00021BEA207E3400017E14633A
:1012F000067E0400019AFC7BA99062FE691E000232
:101300000BEA007E1800012F10793E00021BEA2034
:101310009062F70BEA106D009062FE693E00020BCE
:10132000EA20BF105003021143D3D2B5AA907BD953
:101330001BEA00791E0002907BD8F0907BD61BEA56
:1013400020907BD41BEA30908493E00A2B907BD4CE
:101350000BEA30BD32500474018001E47E146D024A
:101360007E0400FE7E34026D9AFE2B31908494E060
:101370000A2B907BD60BEA30BD32500474018001F9
:10138000E47E146D027E0400FE7E34026E9AFE2B13
:1013900031907BD8E00A5B1E541E541E54907BE8AB
:1013A000F0907BD40BEA30907BD60BEA20907BD870
:1013B000E0907BDD7EEB10AC1B7E1400019D019064
:1013C0007BD40BEA102D10907BD8E00A5B907BD683
:1013D0000BEA002D057E5400019D051200236D339C
:1013E000907BE01BEA3002151D907BDDE0907BE7EF
:1013F000F0907BE8E00A1B907BE00BEA00AD1090D8
:101400007BD9693E00020BEA202D31907BE9793EC1
:1014100000021BEA200214F86D33907BE41BEA30D3
:101420000214BB7E340008907BE21BEA30805E90A1
:101430007BE20BEA507E4400019D54907BE9693EBB
:1014400000020BEA207E1BA060051EA01478FB742E
:10145000015CBA907BE6F0907BE6E0BEB0006810DD
:101460007E340001907BDE0BEA209AFC7B7C800EB0
:101470007E34000190848F0BEA209AFC7B7C907B69
:10148000E20BEA307E2400019D321BEA306D22908F
:101490007BE20BEA30BD321896907BE9693E000290
:1014A0000BEA200B34793E00021BEA20907BE40B10
:1014B000EA207E3400012D321BEA30907BE8E00AFE
:1014C0002B907BE40BEA30BD325803021423907B4F
:1014D000D8E0907BE87EEB30AC3B907BE9693E0046
:1014E000020BEA20907BE8E00A0B9D302D31907BC7
:1014F000E9793E00021BEA20907BE77EEBA07E703C
:10150000017CBA9CB7F0BEA0006803021418907B5F
:10151000E00BEA207E3400012D321BEA30907BD8AC
:10152000E00A2B907BE00BEA30BD3258030213E94E
:10153000AA7E341393907CE11BEA307E34139190A1
:101540007CE31BEA307E34FFFF907CE51BEA307EB3
:1015500034FFFF907CE71BEA307E3400016D227E71
:10156000146C007E0402DC9AFC80167E3400817EBE
:10157000240001E47E1400109AFD58567E34008049
:101580007E240001E47E1400109AFD58567E34003B
:10159000457E240001E47E1400109AFD58567E34E6
:1015A00000927E24000174017E1400109AFD5856AA
:1015B0009084910BEA309AFD032B90848D0BEA30D6
:1015C00090848F0BEA209AFD0370C3C2F87E140347
:1015D000E8908661693E00020BEA209AFD9EB97E82
:1015E0001400C89AFD9EB09AFE33FFD3D2F87E1441
:1015F00003E8908661693E00020BEA209AFD9EB9DD
:101600007E1400649AFD9EB09AFE33FF7436120079
:10161000007E1403E8908661693E00020BEA209A7E
:10162000FD9EB97E1400649AFD9EB09AFE33FF6D54
:10163000229084910BEA30BD32780B7E340001E4B5
:101640009AFC7B18803E9084910BEA207E34000146
:10165000BD23780C7E34000174C09AFC7B18802472
:101660009084910BEA207E340002BD23780C7E34F6
:10167000000174709AFC7B18800A7E34000174A00B
:101680009AFC7B18743A1200007E34000174059AAB
:10169000FC7B1874B21200007E340001740C9AFCBA
:1016A0007B187E340001740C9AFC7B187E34000198
:1016B000E49AFC7B187E34000174339AFC7B187E1C
:1016C00034000174339AFC7B1874B71200007E3426
:1016D000000174359AFC7B1874BB1200007E340044
:1016E0000174379AFC7B1874C01200007E3400012C
:1016F000742C9AFC7B1874C21200007E34000174B2
:10170000019AFC7B1874C31200007E34000174122D
:101710009AFC7B1874C41200007E34000174209A75
:10172000FC7B1874C61200007E340001740F9AFC12
:101730007B1874D01200007E34000174A49AFC7BE4
:10174000187E34000174A19AFC7B1874E01200002A
:101750007E34000174D09AFC7B187E34000174043E
:101760009AFC7B187E340001740D9AFC7B187E3441
:10177000000174119AFC7B187E34000174139AFCEA
:101780007B187E340001742B9AFC7B187E34000198
:10179000743F9AFC7B187E34000174549AFC7B18C9
:1017A0007E340001744C9AFC7B187E34000174185E
:1017B0009AFC7B187E340001740D9AFC7B187E34F1
:1017C0000001740B9AFC7B187E340001741F9AFC94
:1017D0007B187E34000174239AFC7B1874E112009C
:1017E000007E34000174D09AFC7B187E34000174B2
:1017F000049AFC7B187E340001740C9AFC7B187EE2
:1018000034000174119AFC7B187E34000174139A21
:10181000FC7B187E340001742C9AFC7B187E34000B
:1018200001743F9AFC7B187E34000174449AFC7B5F
:10183000187E34000174519AFC7B187E34000174C8
:101840002F9AFC7B187E340001741F9AFC7B187E53
:10185000340001741F9AFC7B187E34000174209AB6
:10186000FC7B187E34000174239AFC7B18742112CF
:10187000000074111200007E1403E8908661693E36
:1018800000020BEA209AFD9EB97E1400789AFD9E14
:10189000B09AFE33FF742912000090848F0BEA3057
:1018A0009AFD027CAA90879EF0D3D2B5C3C2B5C37D
:1018B000C2F97E34000190879EE09AFC7B18D3D257
:1018C000B5D3D2F9C3C2B5229084B31BEA00908489
:1018D000B11BEA109084AF1BEA209084AD1BEA3064
:1018E0009084ABE00A2B9084AD0BEA30BD325004FB
:1018F00074018001E47E146D357E0400FE7E3400A8
:101900006A9AFE2B319084ACE00A2B9084AF0BEAEC
:1019100030BD32500474018001E47E146D357E04C4
:1019200000FE7E34006B9AFE2B319084ABE00A2BD4
:101930009084B10BEA30BD32500474018001E47E22
:10194000146D357E0400FE7E34006C9AFE2B3190BF
:1019500084ACE00A2B9084B30BEA30BD325004749F
:10196000018001E47E146D357E0400FE7E34006D3E
:101970009AFE2B316D229084A90BEA30BD32680E9D
:101980009084A90BEA207E340001BD23785C742A80
:101990001218A57E3400019084AD0BEA107E24005D
:1019A000022D219AFC7B7C7E3400019084B10BEAED
:1019B000107E2400022D219AFC7B7C742B1218A52A
:1019C0007E3400019084AF0BEA107E2400012D21AB
:1019D0009AFC7B7C7E3400019084B30BEA107E2459
:1019E00000012D219AFC7B7C805A742A1218A57E56
:1019F0003400019084AD0BEA107E2400012D219A61
:101A0000FC7B7C7E3400019084B10BEA107E2400C4
:101A1000012D219AFC7B7C742B1218A57E340001C9
:101A20009084AF0BEA107E2400022D219AFC7B7C6F
:101A30007E3400019084B30BEA107E2400022D2135
:101A40009AFC7B7C742C1218A522906C141BEA3033
:101A50006D336D229084ABE00A1B7E0400019D1063
:101A60009084ACE00A0B7E5400019D051218C86DED
:101A700033906C161BEA30802C906C140BEA20908B
:101A80006C160BEA103E147E346C182D317A71827C
:101A90007A61831BEA20906C160BEA207E340001E9
:101AA0002D321BEA30906C160BEA207E3400A0BD6C
:101AB0002340C66D33906C161BEA30802D7E1800D3
:101AC000A09082BC793E00021BEA207E3400017E99
:101AD000146C187E0400019AFC7BA9906C160BEA2A
:101AE000207E3400012D321BEA30906C160BEA2068
:101AF0007E340080BD2340C5AA9087741BEA3090D5
:101B000087740BEA309084A91BEA309087740BEA43
:101B1000207E340002BD23580E74809084ABF07494
:101B2000A09084ACF0800C74A09084ABF074809092
:101B300084ACF0AA9086DB1BEA209086D91BEA30A1
:101B40009086D90BEA309084A51BEA309086DB0B97
:101B5000EA309084A71BEA30AA9085C61BEA109051
:101B600085C41BEA209085C21BEA309084ABE00A52
:101B70002B9085C20BEA30BD32500474018001E421
:101B80007E146D357E0400FE7E3400CA9AFE2B3131
:101B90009084ACE00A2B9085C40BEA30BD3250042F
:101BA00074018001E47E146D357E0400FE7E3400F5
:101BB000CB9AFE2B319085C20BEA309085C40BEA9C
:101BC000209085C20BEA109085C40BEA001218C859
:101BD0007E3400019085C60BEA209AFC7B7CAA909B
:101BE00084B9F09084B71BEA209084B51BEA30904A
:101BF00084ABE00A2B9084B50BEA30BD32500474FC
:101C0000018001E47E146D357E0400FE7E3400DE2A
:101C10009AFE2B319084ACE00A2B9084B70BEA300B
:101C2000BD32500474018001E47E146D357E0400E1
:101C3000FE7E3400DF9AFE2B31E49084BAF0021C61
:101C4000EE9084B50BEA309084BAE00A1B9084B71A
:101C50000BEA202D219084B50BEA007E1400072D9D
:101C6000109084BAE00A5B9084B70BEA002D05124D
:101C700018C89084B9E01A3B3E343E343E343E34BA
:101C80009084BAE00A2B2D237E34011F2D327E244E
:101C900000FF7E1BB09084BCF0E49084BBF08037E2
:101CA0009084BCE030E0107E3400019084A50BEA03
:101CB000209AFC7B7C800E7E3400019084A70BEA86
:101CC000209AFC7B7C9084BCE01EB0F09084BB7EAC
:101CD000EBA074012CBAF09084BB7EEBA07408BC1E
:101CE000AB40BD9084BA7EEBA074012CBAF0908416
:101CF000BA7EEBA07410BCAB5003021C41AA9083C7
:101D0000141BEA00791E00029083121BEA209083C4
:101D1000101BEA306D339083181BEA309084ABE0DF
:101D20000A2B9083100BEA30BD32500474018001FD
:101D3000E47E146D357E0400FE7E3400FC9AFE2B9A
:101D4000319084ACE00A2B9083120BEA30BD325004
:101D50000474018001E47E146D357E0400FE7E343F
:101D600000FD9AFE2B3180429083180BEA203E241E
:101D70003E243E249083100BEA302D329083120BC8
:101D8000EA209083180BEA50908314691E00020B1E
:101D9000EA002D157E0BB09AFD1BDF9083180BEA2D
:101DA000207E3400012D321BEA309083180BEA109C
:101DB000908314693E00020BEA202D317E1BB0BED9
:101DC000B00078A4AA908374F09083721BEA2090EC
:101DD00083701BEA309084ABE00A2B9083700BEA8F
:101DE00030BD32500474018001E47E146D357E04F0
:101DF00000FE7E3401149AFE2B319084ACE00A2B55
:101E00009083720BEA30BD32500474018001E47E8D
:101E1000146D357E0400FE7E3401159AFE2B316C64
:101E2000AA908374E0BCBA581F9083700BEA30907C
:101E300083720BEA20742D9AFD1BDF908374E0649B
:101E4000FF04908374F080129083700BEA309083CB
:101E5000720BEA2074209AFD1BDF908374E01A3B1A
:101E60007E2400649AFD9E6D7CB7908375F090830C
:101E700074E01A3B7E24000A9AFD9E6D7E24000ABF
:101E80009AFD9E6D7CB5908376F0908374E01A3B4A
:101E90007E24000A9AFD9E6D7CB5908377F0E490D5
:101EA0008378F0804A908378E00A3B7E2400012DFD
:101EB000233E243E243E249083700BEA302D329042
:101EC00083720BEA20908378E00A0B7E1483752DD1
:101ED000107A31827A2183E00A4B7E5400302D54EF
:101EE0009AFD1BDF9083787EEBA074012CBAF090F2
:101EF00083787EEBA07403BCAB40AAAA90837DF0EC
:101F000090837B1BEA209083791BEA309084ABE0BE
:101F10000A2B9083790BEA30BD32500474018001A2
:101F2000E47E146D357E0400FE7E3401389AFE2B6B
:101F3000319084ACE00A2B90837B0BEA30BD3250A9
:101F40000474018001E47E146D357E0400FE7E344D
:101F500001399AFE2B3190837DE00A5B7E44006458
:101F60008D5490837EF090837DE00A3B7E24000AAE
:101F70008D327E24000A9AFD9E6D7CB590837FF0A1
:101F800090837DE00A3B7E24000A9AFD9E6D7CB51D
:101F9000908380F0E4908381F080429083817EEB97
:101FA000707408ACB79083790BEA302D3590837B41
:101FB0000BEA20908381E00A0B7E14837E2D107A39
:101FC00031827A2183E00A4B7E5400302D549AFDF1
:101FD0001BDF9083817EEBA074012CBAF09083818B
:101FE0007EEBA07403BCAB40B2AA9081621BEA10E6
:101FF0009081601BEA2090815E1BEA309084ABE008
:102000000A2B90815E0BEA30BD32500474018001CE
:10201000E47E146D357E0400FE7E3401549AFE2B5E
:10202000319084ACE00A2B9081600BEA30BD3250D5
:102030000474018001E47E146D357E0400FE7E345C
:1020400001559AFE2B316D229081620BEA30BD3230
:10205000582690815E0BEA309081600BEA20742D47
:102060009AFD1BDF9081620BEA306E34FFFF0B3468
:102070009081621BEA30801290815E0BEA30908181
:10208000600BEA2074209AFD1BDF9081620BEA301E
:102090007E2427109AFD9E6D7CB7908164F090811C
:1020A000620BEA307E2403E89AFD9E6D7E24000ACE
:1020B0009AFD9E6D7CB5908165F09081620BEA304F
:1020C0007E2400649AFD9E6D7E24000A9AFD9E6D1A
:1020D0007CB5908166F09081620BEA307E24000A24
:1020E0009AFD9E6D7E24000A9AFD9E6D7CB59081BE
:1020F00067F09081620BEA307E24000A9AFD9E6DA3
:102100007CB5908168F0E4908169F0804A908169A3
:10211000E00A3B7E2400012D233E243E243E2490F1
:10212000815E0BEA302D329081600BEA209081694C
:10213000E00A0B7E1481642D107A31827A2183E0CB
:102140000A4B7E5400302D549AFD1BDF9081697E2E
:10215000EBA074012CBAF09081697EEBA07405BCF1
:10216000AB40AAAA90816E1BEA1090816C1BEA20FA
:1021700090816A1BEA309084ABE00A2B90816A0B55
:10218000EA30BD32500474018001E47E146D357E66
:102190000400FE7E3401799AFE2B319084ACE00A73
:1021A0002B90816C0BEA30BD32500474018001E445
:1021B0007E146D357E0400FE7E34017A9AFE2B314A
:1021C00090816E0BEA507E4427108D54908170F000
:1021D00090816E0BEA307E2403E88D327E24000A63
:1021E0008D327CB5908171F090816E0BEA307E2447
:1021F00000648D327E24000A8D327CB5908172F0AD
:1022000090816E0BEA307E24000A8D327E24000A13
:102210008D327CB5908173F090816E0BEA307E2414
:10222000000A8D327CB5908174F0E4908175F08065
:10223000429081757EEB707408ACB790816A0BEAAE
:10224000302D3590816C0BEA20908175E00A0B7E71
:102250001481702D107A31827A2183E00A4B7E54EA
:1022600000302D549AFD1BDF9081757EEBA0740128
:102270002CBAF09081757EEBA07405BCAB40B2AA7D
:1022800090774FF090774B1BEA00791E0002907711
:10229000491BEA209077471BEA309084ABE00A2B79
:1022A0009077470BEA30BD32500474018001E47E20
:1022B000146D357E0400FE7E3401999AFE2B319018
:1022C00084ACE00A2B9077490BEA30BD325004749D
:1022D000018001E47E146D357E0400FE7E34019A97
:1022E0009AFE2B3190774F7EEBA0740ABCAB280688
:1022F000740A90774FF090774F7EEBA074012CBA60
:10230000F090774B693E00020BEA20BE180000589F
:102310003090774B693E00020BEA209070E5793EE1
:1023200000021BEA207E1477507E0400017E346D8B
:10233000327E2400FE9AFC681F7CB7907772F08092
:102340003F7420907750F090774B693E00020BEA83
:10235000209070E5793E00021BEA207E1477517EC2
:102360000400017E346D327E2400FE9AFC681F7CDE
:10237000B7907772F09077727EEBA074012CBAF070
:1023800080237EA020907772E00A2B7E3477502D38
:10239000327A71827A61837AEBA09077727EEBA0B9
:1023A00074012CBAF090774F7EEBA0907772E0BC6E
:1023B000BA40CF6CAA90774FE00A2B7E3477502D2D
:1023C000327A71827A61837AEBA09077470BEA3098
:1023D0009077490BEA207E1477507E0400019AFD25
:1023E0001CFEAA90759E7AEB3090759DF0907593C7
:1023F0001BEA209075911BEA309084ABE00A2B9089
:1024000075910BEA30BD32500474018001E47E14F2
:102410006D357E0400FE7E3401C49AFE2B3190841B
:10242000ACE00A2B9075930BEA30BD325004740176
:102430008001E47E146D357E0400FE7E3401C59A71
:10244000FE2B3190759E7EEBA07406BCAB28067403
:102450000690759EF090759D7EEBA0740ABCAB282B
:1024600006740A90759DF09075950BEA80699E0040
:102470000269AE000469BE00069F009F119AFD929A
:102480007228409075950BEA00691E0002692E00C3
:1024900004693E00069070E11BEA00791E00027993
:1024A0002E0004793E00067E1475A07E0400017E95
:1024B000346D2F7E2400FE9AFC681F7CB790759FB8
:1024C000F080499075950BEA00691E0002692E00A4
:1024D00004693E00069070E11BEA00791E00027953
:1024E0002E0004793E00067E1475A17E0400017E54
:1024F000346D2F7E2400FE9AFC681F7CB790759F78
:10250000F090759F7EEBA074012CBAF090759FE05F
:102510000A5B7E4400079D549075C4F090759DE061
:102520000A4B9075C4E01A5B9D547E4400019D5493
:102530009075C2F090759EE00A3B9075C4E01A4B0E
:102540002D437E5400012D549075C3F0802E7EA043
:10255000209075C3E01A2B7E3475A02D327A7182DB
:102560007A61837AEBA09075C37EEBA074012CBADC
:10257000F09075C27EEBA074012CBAF09075C27E0B
:10258000EBA0E4BCAB48C79075950BEA80699E0050
:102590000269AE000469BE00069F009F119AFD9279
:1025A00072281A7EA02D9075C2E01A2B7E3475A079
:1025B0002D327A71827A61837AEBA080187EA02016
:1025C0009075C2E01A2B7E3475A02D327A71827A12
:1025D00061837AEBA06CAA9075C3E01A2B7E3475E8
:1025E000A02D327A71827A61837AEBA09075910B7B
:1025F000EA309075930BEA207E1475A07E040001EA
:102600009AFD1CFEAA906AC3F0906AB71BEA007993
:102610001E0002906AB51BEA20906AB31BEA309F45
:1026200011906AC4793E00021BEA209F11906AC88B
:10263000793E00021BEA209084ABE00A2B906AB33B
:102640000BEA30BD32500474018001E47E146D3514
:102650007E0400FE7E3401FC9AFE2B319084ACE0B7
:102660000A2B906AB50BEA30BD3250047401800128
:10267000E47E146D357E0400FE7E3401FD9AFE2B4F
:1026800031906AB7693E00020BEA204D236804745A
:10269000018001E47E146D357E0400FE7E3401FE6F
:1026A0009AFE2B31C3C2B5906AB30BEA30906AB57B
:1026B0000BEA20906ABF0BEA00906AB30BEA102D78
:1026C000107E0400019D10906AC10BEA50906AB51B
:1026D0000BEA002D057E5400019D051218C89F11BC
:1026E000906AC8793E00021BEA200228BA906ABDAF
:1026F0000BEA10906AC8693E00020BEA209AFD9E20
:10270000B0906AC10BEA109AFD9EB9906ABB0BEAC1
:10271000109AFD9EB07D13906AB7693E00020BEAE5
:10272000202D31906C10793E00021BEA209F119001
:102730006AC4793E00021BEA20022868906ABB0B3B
:10274000EA10906AC4693E00020BEA209AFD9EB02E
:10275000906ABF0BEA109AFD9EB97D13906C1069C8
:102760003E00020BEA202D317E1B700A37906ACEA4
:102770001BEA30906AC3E0BEB000680302280390F1
:102780006ACE0BEA201E241E241E247E34001F5D08
:10279000327C676C773E343E343E34906ACC1BEA20
:1027A00030906ACE0BEA301E341E347E24003F5D2A
:1027B0002374053E241478FB906ACC0BEA304D322A
:1027C0001BEA30906ACE0BEA301E341E341E347E73
:1027D00024001F5D23906ACC0BEA304D321BEA3097
:1027E000906ACC0BEA20906AC4691E00020BEA00D2
:1027F0003E147E346AD02D317A71827A61831BEA6D
:1028000020804E906AC3E00A2B906ACE0BEA30BD5E
:1028100032501F6D22906AC4691E00020BEA003E0E
:10282000147E346AD02D317A71827A61831BEA205A
:10283000801F7E24FFFF906AC4691E00020BEA001D
:102840003E147E346AD02D317A71827A61831BEA1C
:1028500020906AC4691E00020BEA007E1800012F56
:1028600010793E00021BEA20906ABF0BEA106D004F
:10287000906AC4693E00020BEA20BF105003022791
:102880003C906ABF0BEA306D229082BC793E000218
:102890001BEA207E3400017E146AD07E0400019A77
:1028A000FC7BA9906AC8691E00020BEA007E180032
:1028B000012F10793E00021BEA20906AC10BEA103A
:1028C0006D00906AC8693E00020BEA20BF105003F9
:1028D0000226EDD3D2B5AA907A201BEA00791E0019
:1028E00002907A1E1BEA20907A1C1BEA309F1190FE
:1028F0007A2C793E00021BEA209F11907A30793EB3
:1029000000021BEA209084ABE00A2B907A1C0BEAB1
:1029100030BD32500474018001E47E146D357E04B4
:1029200000FE7E3402309AFE2B319084ACE00A2BFC
:10293000907A1E0BEA30BD32500474018001E47EAF
:10294000146D357E0400FE7E3402319AFE2B3190E8
:102950007A1C0BEA30907A1E0BEA20907A280BEA58
:1029600000907A1C0BEA102D107E0400019D10903F
:102970007A2A0BEA50907A1E0BEA002D057E54004D
:10298000019D051218C89F11907A2C793E00021BF8
:10299000EA2080609F11907A30793E00021BEA2085
:1029A00080257E3400019084A70BEA209AFC7B7C72
:1029B000907A30691E00020BEA007E1800012F1089
:1029C000793E00021BEA20907A280BEA106D0090F5
:1029D0007A30693E00020BEA20BF1040C5907A2C85
:1029E000691E00020BEA007E1800012F10793E00DC
:1029F000021BEA20907A2A0BEA106D00907A2C696B
:102A00003E00020BEA20BF10408A9F11907A2C7979
:102A10003E00021BEA20022AD7907A240BEA10908B
:102A20007A2C693E00020BEA209AFD9EB0907A282B
:102A30000BEA109AFD9EB9907A34793E00021BEAA7
:102A400020907A34693E00020BEA207D13907A20B0
:102A5000693E00020BEA202D317E1B700A27907A16
:102A60002A0BEA307E1400019D31AD32907A260B9C
:102A7000EA208D326D22907A38793E00021BEA20DE
:102A8000907A2C693E00020BEA207D23907A1C0B81
:102A9000EA302D32907A2A0BEA107E2400019D1232
:102AA0006D00907A38695E00020BEA409F02907ACE
:102AB0001E0BEA202D219084A50BEA109AFD1B59CC
:102AC000907A2C691E00020BEA007E1800012F107C
:102AD000793E00021BEA20907A280BEA106D0090E4
:102AE0007A2C693E00020BEA20BF105003022A191B
:102AF000AA7E341393907CE11BEA307E34139190CC
:102B00007CE31BEA307E34FFFF907CE51BEA307EDD
:102B100034FFFF907CE71BEA307E3400016D227E9B
:102B2000146C007E0402DC9AFC80167E3400817EE8
:102B3000240001E47E1400109AFD58567E34008073
:102B40007E240001E47E1400109AFD58567E340065
:102B5000457E240001E47E1400109AFD58567E3410
:102B600000927E24000174017E1400109AFD5856D4
:102B70009084A90BEA309AFD1AF99084A50BEA30EB
:102B80009084A70BEA209AFD1B34C3C2F87E14037D
:102B9000E8908661693E00020BEA209AFD9EB97EAC
:102BA00014000A9AFD9EB09AFE33FFD3D2F87E1429
:102BB00003E8908661693E00020BEA209AFD9EB907
:102BC0007E1400789AFD9EB09AFE33FF741112189D
:102BD000A57E1403E8908661693E00020BEA209A04
:102BE000FD9EB97E1400789AFD9EB09AFE33FF7464
:102BF000B11218A57E34000174019AFC7B187E3452
:102C00000001742C9AFC7B187E340001742D9AFC10
:102C10007B1874B21218A57E34000174019AFC7BF3
:102C2000187E340001742C9AFC7B187E34000174E9
:102C30002D9AFC7B1874B31218A57E340001740120
:102C40009AFC7B187E340001742C9AFC7B187E342D
:102C50000001742D9AFC7B187E34000174019AFCEB
:102C60007B187E340001742C9AFC7B187E340001A2
:102C7000742D9AFC7B1874B41218A57E340001746C
:102C8000079AFC7B1874C01218A57E34000174A248
:102C90009AFC7B187E34000174029AFC7B187E3407
:102CA000000174849AFC7B1874C11218A57E34004C
:102CB0000174C59AFC7B1874C21218A57E340001F9
:102CC000740A9AFC7B187E340001E49AFC7B187429
:102CD000C31218A57E340001748A9AFC7B187E34D6
:102CE0000001742A9AFC7B1874C41218A57E340063
:102CF00001748A9AFC7B187E34000174EE9AFC7B86
:102D00001874C51218A57E340001740E9AFC7B1845
:102D100074361218A59084A90BEA301B34681A1B6C
:102D20003468211B3468292E340003782D7E34004A
:102D30000174C09AFC7B1880217E340001E49AFC67
:102D40007B1880167E34000174A09AFC7B18800AE0
:102D50007E34000174609AFC7B1874E01218A57E22
:102D6000340001740F9AFC7B187E340001741A9AA7
:102D7000FC7B187E340001740F9AFC7B187E3400B3
:102D80000174189AFC7B187E340001742F9AFC7B26
:102D9000187E34000174289AFC7B187E340001747C
:102DA000209AFC7B187E34000174229AFC7B187EEA
:102DB000340001741F9AFC7B187E340001741B9A46
:102DC000FC7B187E34000174239AFC7B187E34004F
:102DD0000174379AFC7B187E340001E49AFC7B185E
:102DE0007E34000174079AFC7B187E340001740263
:102DF0009AFC7B187E34000174109AFC7B1874E1F5
:102E00001218A57E340001740F9AFC7B187E3400E2
:102E100001741B9AFC7B187E340001740F9AFC7BB2
:102E2000187E34000174179AFC7B187E34000174FC
:102E3000339AFC7B187E340001742C9AFC7B187E3C
:102E400034000174299AFC7B187E340001742E9A98
:102E5000FC7B187E34000174309AFC7B187E3400B1
:102E60000174309AFC7B187E34000174399AFC7B23
:102E7000187E340001743F9AFC7B187E340001E414
:102E80009AFC7B187E34000174079AFC7B187E3410
:102E9000000174039AFC7B187E34000174109AFCC4
:102EA0007B18742A1218A57E340001E49AFC7B1862
:102EB0007E34000174029AFC7B187E340001E49A8F
:102EC000FC7B187E34000174829AFC7B18742B12F0
:102ED00018A57E340001E49AFC7B187E340001744E
:102EE000039AFC7B187E340001E49AFC7B187E3444
:102EF000000174839AFC7B1874F01218A57E3400CC
:102F00000174019AFC7B1874F61218A57E34000136
:102F1000E49AFC7B18743A1218A57E3400017405FB
:102F20009AFC7B1874291218A59084A70BEA309A92
:102F3000FD1A4AAA9087961BEA306D229087960B5D
:102F4000EA30BD3248089087960BEA30800C9087B3
:102F5000960BEA306E34FFFF0B34229086141BEA86
:102F6000109086121BEA209086101BEA3090861281
:102F70000BEA209086100BEA30BD3258089086127A
:102F80000BEA30801E9086140BEA209086100BEA24
:102F900030BD3208089086140BEA30800690861007
:102FA0000BEA30229087981BEA306D229087980BAD
:102FB000EA30BD3208067E34000180146D2290870D
:102FC000980BEA30BD3258067E34FFFF80026D3325
:102FD0002290872B1BEA209087291BEA30908729B3
:102FE0000BEA306D227E140077122F5B9087291B2D
:102FF000EA3090872B0BEA306D227E1400BB122F33
:103000005B90872B1BEA309087290BEA207E3400E7
:10301000BCAD3290872B0BEA202D237E3400E82DA7
:10302000327A71827A61837EEBA0905ED8E0BCAB8D
:10303000280474018001E4226D339076941BEA30F9
:1030400080286D229076940BEA103E147E345EDC6C
:103050002D317A71827A61831BEA209076940BEA93
:10306000207E3400012D321BEA309076940BEA204A
:103070007E340100BD2340CA9F11907696793E00B0
:10308000021BEA206D339076901BEA300231216DED
:10309000339076921BEA30806B9076900BEA207E1C
:1030A0003400BCAD329076920BEA202D237E3400A2
:1030B000E82D327A71827A61837EEB707402ACB74C
:1030C0007E245EDC2D257A51827A41830BEA107EC4
:1030D0003400012D317A51827A41831BEA30907697
:1030E00096691E00020BEA007E1800012F10793E3F
:1030F00000021BEA207E2400049076920BEA302D19
:10310000321BEA309076920BEA207E3400BCBD235D
:1031100040877E2400049076900BEA302D321BEA23
:10312000309076900BEA207E340078BD2350030265
:10313000308F907696693E00020BEA204D23780787
:10314000905ED8E00233B79F1190769A793E0002E4
:103150001BEA206D339076941BEA30804190769480
:103160000BEA203E247E345EDC2D327A71827A6155
:10317000830BEA009076940BEA10AD1090769A6972
:103180003E00020BEA202F10793E00021BEA20903D
:1031900076940BEA207E3400012D321BEA309076C3
:1031A000940BEA207E340100BD2340B1905ED8E04C
:1031B0009076AAF09F1190769E793E00021BEA203D
:1031C0009F119076A2793E00021BEA209F11907613
:1031D000BB793E00021BEA206D339076941BEA30E7
:1031E0000233A29076940BEA203E247E345EDC2DDE
:1031F000327A71827A61830BEA106D009076A2694F
:103200003E00020BEA202F10793E00021BEA2090BC
:1032100076A2693E00020BEA204D23780302339325
:103220009076A2691E00020BEA00907696693E0035
:10323000020BEA209F109076A6793E00021BEA203E
:103240009076A6693E00020BEA204D2378030233F4
:10325000B39076940BEA203E247E345EDC2D327AE5
:1032600071827A61830BEA009076940BEA10AD10BC
:1032700090769E693E00020BEA202F10793E0002F4
:103280001BEA209076A2693E00020BEA20E49AFD38
:103290009DA27F0190769E693E00020BEA20E49A8F
:1032A000FD9DA29AFD9CCD9076AB793E00021BEA73
:1032B0002090769E691E00020BEA0090769A693E85
:1032C00000020BEA209F10E49AFD9DA27F71907688
:1032D000A6693E00020BEA20E49AFD9DA27F017FD1
:1032E000179AFD9CCD9076AF793E00021BEA2090A4
:1032F00076AF691E00020BEA009076AB693E0002D1
:103300000BEA209AFD9B729076B3793E00021BEA8D
:10331000209076A6693E00020BEA20E49AFD9DA269
:103320007F019076A2693E00020BEA20E49AFD9D9F
:10333000A29AFD9C2D9076B3691E00020BEA009ABA
:10334000FD9C2D9076B3691E00020BEA009AFD9C4D
:103350002D9076B7793E00021BEA209076BB691E5D
:1033600000020BEA009076B7693E00020BEA209A51
:10337000FD9D4E281E9076B7693E00020BEA209014
:1033800076BB793E00021BEA209076940BEA5090BF
:1033900076AAF09076940BEA207E3400012D321B41
:1033A000EA309076940BEA207E340100BD2350036E
:1033B0000231E39076AAE022905D650BEA207E342C
:1033C00000012D321BEA30AA9060DC0BEA207E342B
:1033D00000012D321BEA309060DC0BEA207E3403C2
:1033E000E8BD23401C905D650BEA30905D671BEAE9
:1033F000306D33905D651BEA306D339060DC1BEA05
:1034000030AA907B6C1BEA00791E0002907B6A1B3D
:10341000EA30907B6C693E00020BEA200B1A307E8A
:103420002400017E1400BA122F5B907B821BEA30CD
:10343000E4907B84F0E4907B85F06D11907B706963
:103440003E00020BEA201B1A107E1400BB907B7416
:10345000693E00020BEA201B1A10907B6A0BEA20DF
:103460007E3400BCAD32907B820BEA202D237E346B
:1034700000E82D327A71827A61837EEBA0905ED86B
:10348000E0BCAB280302371A907B820BEA30907BBA
:10349000801BEA30023517907B6A0BEA207E3400ED
:1034A000BCAD32907B800BEA202D237E3400E82DCA
:1034B000327A71827A61837EEBA0905ED8E0BCABF9
:1034C0002846907B6A0BEA207E3400BCAD32907BAC
:1034D000800BEA202D237E3400E72D327A71827A28
:1034E00061837EEBA0905ED8E0BCAB281B907B8014
:1034F0000BEA10907B74693E00020BEA201B1A1045
:103500007401907B85F08020907B800BEA307E24D4
:1035100000019D321BEA30907B800BEA207E340054
:1035200001BD230803023497907B85E0BEB000788C
:10353000030235CB0235B7907B6A0BEA207E34005C
:10354000BCAD32907B800BEA202D237E3400E82D29
:10355000327A71827A61837EEBA0905ED8E0BCAB58
:103560003846907B6A0BEA207E3400BCAD32907BFB
:10357000800BEA202D237E3400E72D327A71827A87
:1035800061837EEBA0905ED8E0BCAB381B907B8063
:103590000BEA10907B70693E00020BEA201B1A10A8
:1035A0007401907B84F08020907B800BEA307E2435
:1035B00000019D321BEA30907B800BEA207E3400B4
:1035C00001BD230803023537023860907B820BEA85
:1035D00030907B801BEA3002365A907B6A0BEA20DF
:1035E0007E3400BCAD32907B800BEA202D237E34EC
:1035F00000E82D327A71827A61837EEBA0905ED8EA
:10360000E0BCAB2846907B6A0BEA207E3400BCAD60
:1036100032907B800BEA202D237E3400E92D327A14
:1036200071827A61837EEBA0905ED8E0BCAB281BF0
:10363000907B800BEA10907B70693E00020BEA20C1
:103640001B1A107401907B84F08026907B800BEA1B
:10365000207E3400012D321BEA30907B800BEA3053
:103660007E2400012D237E3400BBBD235803023588
:10367000DA907B84E0BEB000780302386002370045
:10368000907B6A0BEA207E3400BCAD32907B800BCD
:10369000EA202D237E3400E82D327A71827A61830C
:1036A0007EEBA0905ED8E0BCAB3846907B6A0BEA1C
:1036B000207E3400BCAD32907B800BEA202D237E2F
:1036C0003400E92D327A71827A61837EEBA0905EBC
:1036D000D8E0BCAB381B907B800BEA10907B746900
:1036E0003E00020BEA201B1A107401907B85F080CB
:1036F00026907B800BEA207E3400012D321BEA30BD
:10370000907B800BEA307E2400012D237E3400BBA9
:10371000BD235803023680023860907B820BEA306A
:10372000907B801BEA300237A9907B6A0BEA207EEF
:103730003400BCAD32907B800BEA202D237E340018
:10374000E82D327A71827A61837EEBA0905ED8E0B8
:10375000BCAB3846907B6A0BEA207E3400BCAD32AD
:10376000907B800BEA202D237E3400E72D327A7186
:10377000827A61837EEBA0905ED8E0BCAB381B9070
:103780007B800BEA10907B70693E00020BEA201BE5
:103790001A107401907B84F08020907B800BEA30BB
:1037A0007E2400019D321BEA30907B800BEA207E54
:1037B000340001BD230803023729907B820BEA30D5
:1037C000907B801BEA30023849907B6A0BEA207EAE
:1037D0003400BCAD32907B800BEA202D237E340078
:1037E000E82D327A71827A61837EEBA0905ED8E018
:1037F000BCAB3846907B6A0BEA207E3400BCAD320D
:10380000907B800BEA202D237E3400E92D327A71E3
:10381000827A61837EEBA0905ED8E0BCAB381B90CF
:103820007B800BEA10907B74693E00020BEA201B40
:103830001A107401907B85F08026907B800BEA2023
:103840007E3400012D321BEA30907B800BEA307E03
:103850002400012D237E3400BBBD2358030237C949
:10386000907B84E0BEB000780F6D11907B70693E54
:1038700000020BEA201B1A10907B85E0BEB0007896
:10388000117E1400BB907B74693E00020BEA201B82
:103890001A10907B74693E00020BEA200B1A2090EC
:1038A0007B70691E00020BEA000B0A30BD32482A09
:1038B0006D11907B70693E00020BEA201B1A107E8E
:1038C0001400BB907B74693E00020BEA201B1A10A7
:1038D000E4907B84F0E4907B85F0907B74693E00FB
:1038E000020BEA200B1A20907B70691E00020BEA83
:1038F000000B0A302D327E2400029AFD9E6D7D134E
:10390000907B6C693E00020BEA201B1A10907B84AE
:10391000E0907B78693E00020BEA207A1BB0907B36
:1039200085E0907B7C693E00020BEA207A1BB02286
:103930007E3400777E24000B7E140077122F5B907C
:1039400083421BEA307E34005E9083441BEA307E63
:103950003483467E240001907B70793E00021BEA8E
:10396000207E3483487E240001907B74793E0002DF
:103970001BEA207E34834A7E240001907B78793EC6
:1039800000021BEA207E34834B7E240001907B7C66
:10399000793E00021BEA209083420BEA307E1483BA
:1039A000447E0400011234029083460BEA306D22FB
:1039B0007E1400BB122F5B7CB7905D5CF090834857
:1039C0000BEA306D227E1400BB122F5B7CB7905E39
:1039D000D9F09083440BEA307E2400017E1400BAB3
:1039E000122F5B7CB7905D6BF0AA6D33907EF01B5D
:1039F000EA30804DE4907EF00BEA207E345DE72DC6
:103A0000327A71827A6183F074BB907EF00BEA2087
:103A10007E345D6D2D327A71827A6183F0745E90AE
:103A20007EF00BEA207E345E602D327A71827A61FC
:103A300083F0907EF00BEA207E3400012D321BEAE9
:103A400030907EF00BEA207E340078BD2348A5E458
:103A5000905D6CF0E4905D6AF06D33907EF81BEA47
:103A6000306D33907EFA1BEA30905D6BE00A3B903C
:103A70007EF21BEA307E340077907EF01BEA300243
:103A80003C3F7E347EF47E240001907B70793E00C2
:103A9000021BEA207E347EF67E240001907B74793E
:103AA0003E00021BEA207E347EFE7E240001907BD5
:103AB00078793E00021BEA207E347EFF7E240001DE
:103AC000907B7C793E00021BEA20907EF00BEA306E
:103AD0007E147EF27E040001123402907EF40BEA22
:103AE00050907EF00BEA207E345DE72D327A7182B1
:103AF0007A6183F0907EF60BEA50907EF00BEA201C
:103B00007E345D6D2D327A71827A6183F0907EF21F
:103B10000BEA50907EF00BEA207E345E602D327A04
:103B200071827A6183F0907EF00BEA307E2400018E
:103B30009D32907EFC1BEA30805A907EF40BEA5056
:103B4000907EFC0BEA207E345DE72D327A71827A1A
:103B50006183F0907EF60BEA50907EFC0BEA207EAB
:103B6000345D6D2D327A71827A6183F0907EF20B32
:103B7000EA50907EFC0BEA207E345E602D327A7132
:103B8000827A6183F0907EFC0BEA307E2400019DF6
:103B9000321BEA30907EF00BEA207E3400039D2336
:103BA000907EFC0BEA30BD32080E907EFC0BEA20C2
:103BB0007E34000ABD2318827E240003907EF80B19
:103BC000EA302D321BEA30907EFEE0BEB00068186D
:103BD000907EFFE0BEB000680F7E240003907EFA66
:103BE0000BEA302D321BEA30907EFEE0BEB000784A
:103BF0001B905D6CE00A2B7E3400032D326D227E1B
:103C00001400FF122F5B7CB7905D6CF0907EFFE09C
:103C1000BEB000781B905D6AE00A2B7E3400032D55
:103C2000326D227E1400FF122F5B7CB7905D6AF02C
:103C30007E240003907EF00BEA309D321BEA309028
:103C40007EF00BEA207E34000ABD230803023A828C
:103C5000907EF20BEA307E2400017E1400BA122F0F
:103C60005B7CB7905D6BF0907EFA0BEA306D227E44
:103C70001400FF122F5B7CB7905D5EF06D22907E8A
:103C8000F80BEA30BD320827907EFA0BEA207E342A
:103C90000064AD32907EF80BEA209AFD9E6D6D2295
:103CA0007E140064122F5B7CB7905E5FF08005E4A9
:103CB000905E5FF0AA90804C1BEA2090804A1BEA3D
:103CC0003090804A0BEA307E24000B7E140077127D
:103CD0002F5B90804A1BEA3090804C0BEA2090804A
:103CE0004A0BEA309D327E24000B7E140077122F9F
:103CF0005B9080501BEA3090804C0BEA2090804A09
:103D00000BEA302D327E24000B7E140077122F5BDD
:103D10009080521BEA306D339080541BEA306D3333
:103D20009080561BEA309080500BEA3090804E1BFA
:103D3000EA30803E90804E0BEA207E345E602D3269
:103D40007A71827A6183E00A2B9080540BEA302DDD
:103D5000321BEA309080560BEA207E3400012D326F
:103D60001BEA3090804E0BEA207E3400012D321B7E
:103D7000EA309080520BEA2090804E0BEA30BD3240
:103D800008B26D229080560BEA30BD321817908031
:103D90004A0BEA207E345E602D327A71827A61832A
:103DA000E00A3B80109080560BEA209080540BEA8A
:103DB000309AFD9E6D2290822C1BEA2090822A1B55
:103DC000EA3090822A0BEA307E24000B7E140077C2
:103DD000122F5B90822A1BEA3090822C0BEA307EF5
:103DE00024000A90822A0BEA107E0400019D101222
:103DF0002F5B90822C1BEA306D339082301BEA30AF
:103E00006D339082321BEA3090822A0BEA30908226
:103E10002E1BEA30023EDA90822E0BEA207E345EC0
:103E2000602D327A71827A6183E00A3B9082341B82
:103E3000EA3090822E0BEA207E3400BCAD329082B4
:103E4000340BEA202D237E3400E82D327A71827AF9
:103E500061837EEBA0905ED8E0BCAB3803023EED00
:103E600090822E0BEA307E2400012D237E340078D0
:103E7000BD23583790822E0BEA207E345E612D32AE
:103E80007A71827A6183E00A2B90822E0BEA107E8F
:103E9000345E602D317A71827A6183E00A3B9D3213
:103EA000122F347E24003EBD3218429082340BEA39
:103EB000209082300BEA302D321BEA309082320B98
:103EC000EA207E3400012D321BEA3090822E0BEA6C
:103ED000307E2400019D321BEA3090822C0BEA20B8
:103EE00090822E0BEA30BD320803023E17908232D8
:103EF0000BEA207E340005BD2348169082320BEA7F
:103F0000209082300BEA309AFD9E6D905DE51BEAB1
:103F100030905DE50BEA30229079DC1BEA20907945
:103F2000DA1BEA309079DA0BEA307E24000B7E143B
:103F30000077122F5B9079DA1BEA309079DC0BEA7C
:103F4000307E24000A9079DA0BEA107E0400019D8D
:103F500010122F5B9079DC1BEA309079DC0BEA3091
:103F60009079E01BEA306D339079E21BEA306D33D3
:103F70009079E41BEA306D339079E61BEA30907952
:103F8000DA0BEA309079DE1BEA3002407E9079DE6F
:103F90000BEA207E3400BCAD329079DE0BEA107E55
:103FA000245E602D217A51827A4183E00A2B2D23F1
:103FB0007E3400E82D327A71827A61837EEBA090A4
:103FC0005ED8E0BCAB380F9079DE0BEA309079E038
:103FD0001BEA300240919079DE0BEA307E2400012A
:103FE0002D237E340078BD2358459079DE0BEA20DE
:103FF0007E345E612D327A71827A6183E00A2B9081
:1040000079DE0BEA107E345E602D317A71827A613E
:1040100083E00A3B9D32122F347E24003EBD3208DD
:104020000E9079DE0BEA309079E01BEA30806290E6
:1040300079DE0BEA209079E20BEA302D321BEA3070
:104040009079DE0BEA207E345E602D327A71827ABE
:104050006183E00A2B9079E40BEA302D321BEA30C1
:104060009079E60BEA207E3400012D321BEA309075
:1040700079DE0BEA307E2400019D321BEA30907914
:10408000DC0BEA209079DE0BEA30BD320803023FF8
:104090008D9079E60BEA207E340005BD2318099047
:1040A0005EDA0BEA300242649079E60BEA207CB4D7
:1040B0009AFD9DA77F019079E20BEA207CB49AFDDE
:1040C0009DA79AFD9CCD9079E8793E00021BEA20DD
:1040D0009079E60BEA207CB49AFD9DA77F01907948
:1040E000E40BEA207CB49AFD9DA79AFD9CCD9079C3
:1040F000EC793E00021BEA209F119079F0793E0096
:10410000021BEA209F119079F4793E00021BEA20FD
:104110009079DA0BEA309079DE1BEA300241E490C4
:1041200079DE0BEA207E345E602D327A71827A610C
:10413000837EEB40E49AFD9DAC9079EC691E000211
:104140000BEA009AFD9B727F719079DE0BEA207C6E
:10415000B49AFD9DA79079E8691E00020BEA009AC7
:10416000FD9B727F017F179AFD9C2D7F019079F056
:10417000693E00020BEA209AFD9B75793E00021B06
:10418000EA209079DE0BEA207CB49AFD9DA7907915
:10419000E8691E00020BEA009AFD9B727F7190791C
:1041A000DE0BEA207CB49AFD9DA79079E8691E0099
:1041B000020BEA009AFD9B727F079AFD9C2D7F01FE
:1041C0009079F4693E00020BEA209AFD9B75793ED6
:1041D00000021BEA209079DE0BEA307E2400019D6C
:1041E000321BEA309079E00BEA209079DE0BEA305E
:1041F000BD32080302411F9079F4693E00020BEAC8
:10420000204D23780E9F119079F8793E00021BEA29
:104210002080229079F4691E00020BEA009079F068
:10422000693E00020BEA209AFD9CCD9079F8793E18
:1042300000021BEA206D117E0441209079F8693E4E
:1042400000020BEA209AFD9C2D9AFD9DDF7E24FF43
:10425000A67E14005A122F5B905EDA1BEA30905E45
:10426000DA0BEA3022CA797E3400467E240032120C
:104270003DB6907DF51BEA307E3400697E24000255
:10428000123CB5907DF71BEA307E3400377E240067
:1042900002123CB5907DF91BEA307E34001E7E246C
:1042A0000002123CB5907DFB1BEA30907DF70BEAD3
:1042B00020907DF90BEA309D32907DFD1BEA309015
:1042C0007DF70BEA20907DFB0BEA309D32907DFF5D
:1042D0001BEA30907DF90BEA303E34907DFB0BEA0F
:1042E000209D23907DF70BEA302D32907E011BEA52
:1042F000307E3400467E240032123F18907E031B2D
:10430000EA30E4907E05F0907DFD0BEA30122F3408
:104310007E240008BD325822907DFF0BEA30122F18
:10432000347E24000CBD325811907E010BEA30120D
:104330002F347E24000ABD3248067402907E05F0B8
:10434000907DFD0BEA30122F347E240008BD3248E8
:104350004D907DFF0BEA30122F347E24000CBD32CD
:10436000483C6D77907DFD0BEA30122FA4BD376875
:104370002D6D77907DFF0BEA30122FA4BD37681E9C
:10438000907DFF0BEA30122FA47D73907DFD0BEA28
:1043900030122FA4BD3768067401907E05F0A2AFDD
:1043A000E433907E06F0C3C2AF907DF50BEA307E19
:1043B0002400017E1400BA122F5B7CB7905D69F077
:1043C000907DF50BEA307E24005E9D327E24FFA6B0
:1043D0007E14005A122F5B905D5F1BEA30907DFDCA
:1043E0000BEA307E24FFA67E14005A122F5B905DEC
:1043F0005A1BEA30907DFF0BEA307E24FFA67E1424
:10440000005A122F5B905D611BEA30907E030BEA2D
:1044100020907E010BEA302D327E24FFA67E140010
:104420005A122F5B905D631BEA30907E05E0905D31
:104430005DF0907E06E024FF92AF905D69E0DA794E
:10444000AA9AFCFB636D336D227E146E6B7E0400B2
:10445000FE9AFCEB6C7E1403E8908661693E0002D4
:104460000BEA209AFD9EB97E1400509AFD9EB09AE8
:10447000FE33FF9AFDFE8ABEB00068146D337E24C1
:1044800000107E146E5B7E0400FE9AFCEB6C80C50F
:104490006D337E2400107E146E4D7E0400FE9AFC67
:1044A000EB6CAA9000C6E0BEB0006841E49000C684
:1044B000F09060DEE0BEB0007807123038905ED831
:1044C000F09060DE7EEBA074012CBAF09060DE7E8E
:1044D000EBA07403BCAB4005E49060DEF09AFD39BC
:1044E000309AFD39EA9AFD42659AFD33B8AA908662
:1044F000851BEA309086850BEA507CAB740F5CBA62
:10450000908687F09086850BEA507CAB74F05CBA9D
:10451000908688F0908688E024E0687824F078031C
:104520000245BF24F078030245EA24F078030246EE
:104530001524F0780302464024F0780302466B24E9
:10454000F0780302469624F078030246C124F078FE
:104550000302470824F0780302474F24F07803024F
:10456000479524B068030247D9908687E07E3400DF
:104570000160053E341478FB7CB764FF529390864B
:1045800087E07E34000160053E341478FB7CB7423E
:10459000940247D9908687E07E34000160053E345E
:1045A0001478FB7CB764FF5291908687E07E3400DC
:1045B0000160053E341478FB7CB742920247D990E3
:1045C0008687E07E34000160053E341478FB7CB7BA
:1045D00064FF5295908687E07E34000160053E348A
:1045E0001478FB7CB742960247D9908687E07E34E8
:1045F000000160053E341478FB7CB764FF52B19033
:104600008687E07E34000160053E341478FB7CB779
:1046100042B20247D9908687E07E34000160053EB1
:10462000341478FB7CB764FF52B3908687E07E3405
:10463000000160053E341478FB7CB742B40247D9D0
:10464000908687E07E34000160053E341478FB7C60
:10465000B764FF52C9908687E07E34000160053E52
:10466000341478FB7CB742CA0247D9908687E07E33
:1046700034000160053E341478FB7CB764FF52CBF4
:10468000908687E07E34000160053E341478FB7C20
:10469000B742CC0247D9908687E07E34000160059E
:1046A0003E341478FB7CB764FF52E1908687E07E4D
:1046B00034000160053E341478FB7CB742E20247C7
:1046C000D9908687E07E34000160053E341478FB83
:1046D0007CB764FF7E14F7187E04007E7E0B705C4E
:1046E0007B7A0B70908687E07E34000160053E3453
:1046F0001478FB7C677E14F7107E04007E7E0B70BE
:104700004C767A0B700247D9908687E07E340001A0
:1047100060053E341478FB7CB764FF7E14F7197E85
:1047200004007E7E0B705C7B7A0B70908687E07E47
:1047300034000160053E341478FB7C677E14F71169
:104740007E04007E7E0B704C767A0B700247D99007
:104750008687E07E34000160053E341478FB7CB728
:1047600064FF7E14F71A7E04007E7E0B705C7B7AF9
:104770000B70908687E07E34000160053E3414782B
:10478000FB7C677E14F7127E04007E7E0B704C76F5
:104790007A0B708044908687E07E34000160053E8D
:1047A000341478FB7CB764FF7E14F71B7E04007E14
:1047B0007E0B705C7B7A0B70908687E07E34000104
:1047C00060053E341478FB7C677E14F7137E04008A
:1047D0007E7E0B704C767A0B70229086891BEA30B5
:1047E0009086890BEA507CAB740F5CBA90868BF094
:1047F0009086890BEA507CAB74F05CBA90868CF0A2
:1048000090868CE024E0687624F078030248A724A0
:10481000F078030248D024F078030248F924F078B5
:104820000302492224F0780302494B24F078030262
:10483000497424F0780302499D24F078030249E288
:1048400024F07803024A2724F07803024A6B24B04C
:104850006803024AAD90868BE07E34000160053E1D
:10486000341478FB7CB7429390868BE07E34000151
:1048700060053E341478FB7CB74294024AAD9086C2
:104880008BE07E34000160053E341478FB7CB74237
:104890009190868BE07E34000160053E341478FBF5
:1048A0007CB74292024AAD90868BE07E3400016074
:1048B000053E341478FB7CB7429590868BE07E34BD
:1048C000000160053E341478FB7CB74296024AAD85
:1048D00090868BE07E34000160053E341478FB7CCA
:1048E000B742B190868BE07E34000160053E3414FF
:1048F00078FB7CB742B2024AAD90868BE07E3400F2
:104900000160053E341478FB7CB742B390868BE09F
:104910007E34000160053E341478FB7CB742B4025B
:104920004AAD90868BE07E34000160053E341478F9
:10493000FB7CB742C990868BE07E34000160053E67
:10494000341478FB7CB742CA024AAD90868BE07E75
:1049500034000160053E341478FB7CB742CB90866E
:104960008BE07E34000160053E341478FB7CB74256
:10497000CC024AAD90868BE07E34000160053E3467
:104980001478FB7CB742E190868BE07E34000160B6
:10499000053E341478FB7CB742E2024AAD90868B28
:1049A000E07E34000160053E341478FB7C677E14A1
:1049B000F7187E04007E7E0B704C767A0B70908622
:1049C0008BE07E34000160053E341478FB7C677E0A
:1049D00014F7107E04007E7E0B704C767A0B70020A
:1049E0004AAD90868BE07E34000160053E34147839
:1049F000FB7C677E14F7197E04007E7E0B704C767C
:104A00007A0B7090868BE07E34000160053E341492
:104A100078FB7C677E14F7117E04007E7E0B704C61
:104A2000767A0B70024AAD90868BE07E340001608E
:104A3000053E341478FB7C677E14F71A7E04007EF2
:104A40007E0B704C767A0B7090868BE07E34000182
:104A500060053E341478FB7C677E14F7127E0400F8
:104A60007E7E0B704C767A0B70804290868BE07E57
:104A700034000160053E341478FB7C677E14F71B1C
:104A80007E04007E7E0B704C767A0B7090868BE0F5
:104A90007E34000160053E341478FB7C677E14F799
:104AA000137E04007E7E0B704C767A0B702290860B
:104AB0008D1BEA3090868D0BEA507CAB740F5CBA8C
:104AC00090868FF090868D0BEA507CAB74F05CBAC8
:104AD000908690F0908690E024E0687824F0780347
:104AE000024B7F24F07803024BAA24F07803024B98
:104AF000D524F07803024C0024F07803024C2B24D8
:104B0000F07803024C5624F07803024C8124F078AC
:104B100003024CC824F07803024D0F24F0780302FE
:104B20004D5524B06803024D9990868FE07E340085
:104B30000160053E341478FB7CB7429390868FE089
:104B40007E34000160053E341478FB7CB764FF526C
:104B500094024D9990868FE07E34000160053E34CA
:104B60001478FB7CB7429190868FE07E3400016020
:104B7000053E341478FB7CB764FF5292024D999045
:104B8000868FE07E34000160053E341478FB7CB7EC
:104B9000429590868FE07E34000160053E341478A3
:104BA000FB7CB764FF5296024D9990868FE07E346D
:104BB000000160053E341478FB7CB742B190868FCB
:104BC000E07E34000160053E341478FB7CB764FF5E
:104BD00052B2024D9990868FE07E34000160053E0E
:104BE000341478FB7CB742B390868FE07E340001AA
:104BF00060053E341478FB7CB764FF52B4024D99D3
:104C000090868FE07E34000160053E341478FB7C92
:104C1000B742C990868FE07E34000160053E3414AF
:104C200078FB7CB764FF52CA024D9990868FE07E74
:104C300034000160053E341478FB7CB742CB90868B
:104C40008FE07E34000160053E341478FB7CB7644D
:104C5000FF52CC024D9990868FE07E3400016005B2
:104C60003E341478FB7CB742E190868FE07E3400BE
:104C70000160053E341478FB7CB764FF52E2024DBC
:104C80009990868FE07E34000160053E341478FBF5
:104C90007C677E14F7187E04007E7E0B704C767A5B
:104CA0000B7090868FE07E34000160053E341478EE
:104CB000FB7CB764FF7E14F7107E04007E7E0B70D1
:104CC0005C7B7A0B70024D9990868FE07E340001F8
:104CD00060053E341478FB7C677E14F7197E04006F
:104CE0007E7E0B704C767A0B7090868FE07E34005F
:104CF0000160053E341478FB7CB764FF7E14F71125
:104D00007E04007E7E0B705C7B7A0B70024D999066
:104D1000868FE07E34000160053E341478FB7C67AA
:104D20007E14F71A7E04007E7E0B704C767A0B7030
:104D300090868FE07E34000160053E341478FB7C61
:104D4000B764FF7E14F7127E04007E7E0B705C7BDE
:104D50007A0B70804490868FE07E34000160053EBF
:104D6000341478FB7C677E14F71B7E04007E7E0B78
:104D7000704C767A0B7090868FE07E34000160056F
:104D80003E341478FB7CB764FF7E14F7137E040076
:104D90007E7E0B705C7B7A0B70AA9087641BEA3076
:104DA0009087640BEA207E340090BD23583F9087A3
:104DB000640BEA507CAB740F5CBA7E340001600572
:104DC0003E341478FB7C679087640BEA500E540ED7
:104DD000540E540E541A4A1A487E14FE0F7E0400D4
:104DE0007E2F027E0B704C767A0B70803D9087642C
:104DF0000BEA507CAB740F5CBA7E34000160053E58
:104E0000341478FB7C679087640BEA500E540E5480
:104E10000E540E541A4A1A487E14F9B77E04007EC6
:104E20002F027E0B704C767A0B70229087661BEAFD
:104E3000309087660BEA207E340090BD23583F9067
:104E400087660BEA507CAB740F5CBA7E340001605D
:104E5000053E341478FB7C679087660BEA500E544D
:104E60000E540E540E541A4A1A487E14FE3F7E0405
:104E7000007E2F027E0B704C767A0B70803D9087FF
:104E8000660BEA507CAB740F5CBA7E34000160059F
:104E90003E341478FB7C679087660BEA500E540E04
:104EA000540E540E541A4A1A487E14F9E77E040030
:104EB0007E2F027E0B704C767A0B70229086931BAD
:104EC000EA209086911BEA309086930BEA301B34DF
:104ED0007803024F6E0B346803024FFA9086910BF1
:104EE000EA207E340090BD2358429086910BEA5010
:104EF0007CAB740F5CBA7E34000160053E341478DC
:104F0000FB7CB764FF9086910BEA300E340E340EB2
:104F1000340E341A261A247E14FE277E04007E2FB7
:104F2000017E0B705C7B7A0B7002500B9086910BAC
:104F3000EA507CAB740F5CBA7E34000160053E34ED
:104F40001478FB7CB764FF9086910BEA300E340E28
:104F5000340E340E341A261A247E14F9CF7E04003F
:104F60007E2F017E0B705C7B7A0B7002500B90865B
:104F7000910BEA207E340090BD23583F9086910B20
:104F8000EA507CAB740F5CBA7E34000160053E349D
:104F90001478FB7C679086910BEA500E540E540EE9
:104FA000540E541A4A1A487E14FE277E04007E2F9F
:104FB000027E0B704C767A0B7080509086910BEAD3
:104FC000507CAB740F5CBA7E34000160053E341433
:104FD00078FB7C679086910BEA500E540E540E5469
:104FE0000E541A4A1A487E14F9CF7E04007E2F020E
:104FF0007E0B704C767A0B708011E47E146EA47E6A
:105000000400FE7E3400C69AFE2B31229086971B48
:10501000EA209086951BEA309086970BEA301B3485
:1050200078030250BE0B34680302514A9086950BF8
:10503000EA207E340090BD2358429086950BEA50BA
:105040007CAB740F5CBA7E34000160053E3414788A
:10505000FB7CB764FF9086950BEA300E340E340E5D
:10506000340E341A261A247E14FE2F7E04007E2F5E
:10507000017E0B705C7B7A0B7002515B9086950B06
:10508000EA507CAB740F5CBA7E34000160053E349C
:105090001478FB7CB764FF9086950BEA300E340ED3
:1050A000340E340E341A261A247E14F9D77E0400E6
:1050B0007E2F017E0B705C7B7A0B7002515B9086B9
:1050C000950BEA207E340090BD23583F9086950BC7
:1050D000EA507CAB740F5CBA7E34000160053E344C
:1050E0001478FB7C679086950BEA500E540E540E94
:1050F000540E541A4A1A487E14FE2F7E04007E2F46
:10510000027E0B704C767A0B7080509086950BEA7D
:10511000507CAB740F5CBA7E34000160053E3414E1
:1051200078FB7C679086950BEA500E540E540E5413
:105130000E541A4A1A487E14F9D77E04007E2F02B4
:105140007E0B704C767A0B708011E47E146EA47E18
:105150000400FE7E3400F39AFE2B312290869B1BC6
:10516000EA209086991BEA309086990BEA207E34DB
:105170000010BD235811E47E146EA47E0400FE7E50
:105180003401009AFE2B316D2290869B0BEA30BDD4
:105190003268030252289086990BEA207E340090F0
:1051A000BD2358429086990BEA507CAB740F5CBAD1
:1051B0007E34000160053E341478FB7CB764FF90B8
:1051C00086990BEA300E340E340E340E341A261A39
:1051D000247E14FE1F7E04007E2F017E0B705C7BFC
:1051E0007A0B700252B29086990BEA507CAB740F26
:1051F0005CBA7E34000160053E341478FB7CB764F1
:10520000FF9086990BEA300E340E340E340E341AA9
:10521000261A247E14F9C77E04007E2F017E0B70AF
:105220005C7B7A0B700252B29086990BEA207E3436
:105230000090BD23583F9086990BEA507CAB740FC9
:105240005CBA7E34000160053E341478FB7C6790C4
:1052500086990BEA500E540E540E540E541A4A1AE4
:10526000487E14FE1F7E04007E2F027E0B704C765B
:105270007A0B70803D9086990BEA507CAB740F5C82
:10528000BA7E34000160053E341478FB7C6790865A
:10529000990BEA500E540E540E540E541A4A1A48E2
:1052A0007E14F9C77E04007E2F027E0B704C767A46
:1052B0000B70AA9086251BEA309086250BEA507C5D
:1052C000AB740F5CBA908627F09086250BEA507C71
:1052D000AB74F05CBA908628F0E4908629F0908652
:1052E00028E024E0686924F0780302536B24F07806
:1052F0000302538724F078030253A324F0780302B7
:1053000053BF24F078030253DB24F078030253F7F1
:1053100024F0780302541324F0780302543724F065
:10532000780302545B24F0780302547F24B06803AE
:105330000254A1908627E07E34000160053E3414BB
:1053400078FB7CA7E5805CBA908629F00254A19096
:105350008627E07E34000160053E341478FB7CA78C
:10536000E5905CBA908629F00254A1908627E07EF1
:1053700034000160053E341478FB7CA7E5A05CBADC
:10538000908629F00254A1908627E07E34000160C7
:10539000053E341478FB7CA7E5B05CBA908629F012
:1053A0000254A1908627E07E34000160053E34144B
:1053B00078FB7CA7E5C05CBA908629F00254A190E6
:1053C0008627E07E34000160053E341478FB7CA71C
:1053D000E5C85CBA908629F00254A1908627E07E49
:1053E00034000160053E341478FB7CA7E5E85CBA24
:1053F000908629F00254A1908627E07E3400016057
:10540000053E341478FB7CA7E5F85CBA908629F059
:105410000254A1908627E07E34000160053E3414DA
:1054200078FB7CA77E34F7087E24007E7E1BB05C70
:10543000BA908629F0806A908627E07E3400016069
:10544000053E341478FB7CA77E34F7097E24007E69
:105450007E1BB05CBA908629F08046908627E07E5D
:1054600034000160053E341478FB7CA77E34F70AD3
:105470007E24007E7E1BB05CBA908629F08022904C
:105480008627E07E34000160053E341478FB7CA75B
:105490007E34F70B7E24007E7E1BB05CBA9086299A
:1054A000F0908629E0BEB000680474018001E4AA8F
:1054B00090862CF090862A1BEA3090862A0BEA50C0
:1054C0007CAB740F5CBA90862DF090862A0BEA5064
:1054D0007CAB74F05CBA90862EF090862EE024E0CF
:1054E000780302556924F078030255A024F078036C
:1054F0000255D724F0780302560E24F078030256A2
:105500004524F0780302567C24F078030256B32435
:10551000F078030256EA24F0780302573D24F0782D
:105520000302579024F078030257E124B068030285
:10553000583090862CE0BEB000681690862DE07E34
:1055400034000160053E341478FB7CB74280025879
:105550003090862DE07E34000160053E341478FBE7
:105560007CB764FF528002583090862CE0BEB000B9
:10557000681690862DE07E34000160053E34147874
:10558000FB7CB7429002583090862DE07E340001BB
:1055900060053E341478FB7CB764FF5290025830AB
:1055A00090862CE0BEB000681690862DE07E340018
:1055B0000160053E341478FB7CB742A0025830905D
:1055C000862DE07E34000160053E341478FB7CB704
:1055D00064FF52A002583090862CE0BEB0006816DE
:1055E00090862DE07E34000160053E341478FB7C0B
:1055F000B742B002583090862DE07E34000160053D
:105600003E341478FB7CB764FF52B0025830908669
:105610002CE0BEB000681690862DE07E340001605C
:10562000053E341478FB7CB742C002583090862D7A
:10563000E07E34000160053E341478FB7CB764FFE3
:1056400052C002583090862CE0BEB000681690869A
:105650002DE07E34000160053E341478FB7CB742B7
:10566000C802583090862DE07E34000160053E343B
:105670001478FB7CB764FF52C802583090862CE047
:10568000BEB000681690862DE07E34000160053EB5
:10569000341478FB7CB742E802583090862DE07EC7
:1056A00034000160053E341478FB7CB764FF52E897
:1056B00002583090862CE0BEB000681690862DE02F
:1056C0007E34000160053E341478FB7CB742F8025A
:1056D000583090862DE07E34000160053E34147809
:1056E000FB7CB764FF52F802583090862CE0BEB0C5
:1056F00000682490862DE07E34000160053E34145D
:1057000078FB7C677E14F7007E04007E7E0B704C75
:10571000767A0B7002583090862DE07E340001605E
:10572000053E341478FB7CB764FF7E14F7007E04DA
:10573000007E7E0B705C7B7A0B7002583090862C5A
:10574000E0BEB000682490862DE07E340001600544
:105750003E341478FB7C677E14F7017E04007E7E65
:105760000B704C767A0B7002583090862DE07E34A8
:10577000000160053E341478FB7CB764FF7E14F7AB
:10578000017E04007E7E0B705C7B7A0B70025830C9
:1057900090862CE0BEB000682390862DE07E340019
:1057A0000160053E341478FB7C677E14F7027E04AA
:1057B000007E7E0B704C767A0B70807490862DE0A4
:1057C0007E34000160053E341478FB7CB764FF7EB4
:1057D00014F7027E04007E7E0B705C7B7A0B708077
:1057E0004F90862CE0BEB000682390862DE07E347A
:1057F000000160053E341478FB7C677E14F7037E5D
:1058000004007E7E0B704C767A0B70802390862D80
:10581000E07E34000160053E341478FB7CB764FF01
:105820007E14F7037E04007E7E0B705C7B7A0B7027
:10583000AA9087681BEA309087680BEA309AFD527D
:10584000B3BEB000780474018001E49087680BEA6D
:10585000309AFD54B0AA9085021BEA10908501F0A1
:105860009084FF1BEA209084FD1BEA309085020B98
:10587000EA50C4540F0A2B9084FF0BEA30BD3278F3
:105880000474018001E47E146EA47E0400FE7E3464
:10589000017B9AFE2B316D229084FF0BEA30BD32E2
:1058A00068030259456D229085020BEA30BD3278BB
:1058B0001A9084FD0BEA309AFD4AAE9084FD0BEA03
:1058C000307E24000112500C02599C9085020BEA94
:1058D000207E340003BD2378239084FD0BEA309AA8
:1058E000FD4AAE9084FD0BEA30124D9A9084FD0B78
:1058F000EA307E24000112500C02599C9085020B64
:10590000EA207E340001BD2378189084FD0BEA3034
:105910009AFD4AAE9084FD0BEA306D2212500C02C3
:10592000599C9085020BEA207E340002BD23786CDE
:105930009084FD0BEA309AFD4AAE9084FD0BEA306C
:10594000124E2B80579084FF0BEA207E340001BD5D
:105950002378499085020BEA207E340010BD23781D
:10596000169084FD0BEA301244EE9084FD0BEA3071
:105970006D22124EBC80179085020BEA207E340007
:1059800011BD2378099084FD0BEA301247DA908428
:10599000FD0BEA30908501E09AFD54B0AA9081F2A7
:1059A0001BEA20793E00029081EE1BEA00791E007E
:1059B00002E49081F6F0E49081F7F06D339081F885
:1059C0001BEA307E1480C07E04000174807E70016A
:1059D0009AFCBBDE7E1480C07E04000174FF7E70E2
:1059E000019AFCBBDE7E1480C07E040001E46C776B
:1059F0009AFCBBDE7E1480C07E04000174FF7E70C2
:105A0000069AFCBBDE7E18000190807B793E000286
:105A10001BEA207E1480C07E04000174837E3481E2
:105A2000F67E2400019AFCC3BB7E1480C07E040075
:105A30000174839081F67EEB707E60044C769AFC54
:105A4000BBDE7E1480C07E04000174FF7E70079A66
:105A5000FCBBDE7E1480C07E04000174817E700178
:105A60009AFCBBDE7E1480C07E04000174807E70D0
:105A7000019AFCBBDE7E1480C07E04000174947E1B
:105A8000706B9AFCBBDE7E1480C07E0400017483C0
:105A90006C779AFCBBDEE49081F6F080597E1403AB
:105AA000E8908661693E00020BEA209AFD9EB99A51
:105AB000FE33FF7E18000190807B793E00021BEAD6
:105AC000207E1480C07E04000174837E3481F67EC3
:105AD0002400019AFCC3BB9081F80BEA207E3400BD
:105AE000012D321BEA307E3400FFBD3250087401B4
:105AF0009081F7F080129081F6E0BEB000689E9031
:105B000081F6E0BEB0FF68959081F7E0BEB0006816
:105B100003025C167E1480C07E04000174837E70D4
:105B2000019AFCBBDE7E18000190807B793E00026A
:105B30001BEA207E1480C07E04000174927E3481B2
:105B4000F67E2400019AFCC3BB9081F67EEB307494
:105B50007F5C3B9081EE693E00020BEA207A1B30AD
:105B60009081F67EEB307CB3237C3B74015C3B90F0
:105B700081F2693E00020BEA207A1B307E1480C05D
:105B80007E04000174816C779AFCBBDE7E1480C0B9
:105B90007E04000174FF7E70069AFCBBDE7E180056
:105BA0000190807B793E00021BEA207E1480C07E3B
:105BB00004000174837E3481F67E2400019AFCC3C4
:105BC000BB7E1480C07E04000174839081F67EEB5E
:105BD000709AFCBBDE7E1480C07E04000174FF7EE0
:105BE00070019AFCBBDE7E1480C07E040001E47E5E
:105BF00070019AFCBBDE7E1480C07E04000174FF3D
:105C00006C779AFCBBDE7E1480C07E040001748039
:105C10006C779AFCBBDE9081F7E022908529F090AA
:105C200085271BEA30908529E00A3B6D227E140906
:105C3000009AFD9EB07E1406779AFD9EB07E080104
:105C4000F42F107E1403E89AFD9EB990852A793EC0
:105C500000021BEA209085270BEA306D2290852AEE
:105C6000691E00020BEA009AFD9E9F90852A691E1C
:105C700000020BEA001E141E0450034E20802F1059
:105C80007E1403E89AFD9EB9229083FBF09083F77F
:105C90001BEA20793E00029083FBE00A3B6D227EE6
:105CA0001409009AFD9EB07E1406779AFD9EB07E80
:105CB0000801F42F107E1403E89AFD9EB99083FC2E
:105CC000793E00021BEA207E1403E89083F7693EC8
:105CD00000020BEA209AFD9EB09083FC691E000230
:105CE0000BEA001E141E0450034E20802F109083D8
:105CF000FC691E00020BEA009AFD9EBB2290877889
:105D00001BEA309087780BEA207E34FF005D327DFD
:105D1000530A5A9087780BEA307E2400FF5D236097
:105D2000053E241478FB7E3400012D322290877AC0
:105D30001BEA309F117A1F00086D337A37000C6D13
:105D4000337A37000E6D2290877A0BEA30BD322805
:105D50005C90877A0BEA307E2400019D326D227AB6
:105D60001F0008801F7E1F00081E341E2450034E93
:105D700060807A1F00087E27000C7E3400012D32DF
:105D80007A37000C7E0CFF007E1F00085E7000BE9C
:105D900018000038D07E27000C7C456C557E0F0023
:105DA000087E3400FF5D314D327A37000E7E3700B9
:105DB0000E229086521BEA00791E0002E49086565D
:105DC000F07E18000190807B793E00021BEA207E65
:105DD0001480C07E04000174017E3486567E240047
:105DE000019AFCC3BB9086567EEB307CB3C47C3BEF
:105DF00074015C3B908652693E00020BEA207A1BDC
:105E0000309086567EEB307CB3C4237C3B74015CBF
:105E10003B908652693E00020BEA200B357A1B301C
:105E20009086567EEB201E201E207E30015C329034
:105E30008652693E00020BEA200B347A1B309086B2
:105E4000567EEB307CB323237C3B74015C3B908615
:105E500052693E00020BEA202E3400037A1B309078
:105E600086567EEB307CB3237C3B74015C3B908692
:105E700052693E00020BEA200B367A1B30229087D3
:105E8000571BEA30E4908759F06D229087570BEA50
:105E900030BD3278387E18000190807B793E000258
:105EA0001BEA207E1480C07E04000174507E34877B
:105EB000597E2400019AFCC3BB908759E00A4B7EAF
:105EC0005400012D543E54908759F0804C908757D0
:105ED0000BEA207E340001BD2378387E1800019043
:105EE000807B793E00021BEA207E1480C07E040085
:105EF0000174707E3487597E2400019AFCC3BB90E4
:105F00008759E00A4B7E5400012D543E5490875926
:105F1000F0800674FF908759F0908759E0229081B5
:105F2000FE1BEA20793E00029081FA1BEA00791EEE
:105F300000026D339082041BEA306D33125E7E0ADC
:105F40001B9081FE693E00020BEA201B1A107E188E
:105F5000000190807B793E00021BEA207E1480C005
:105F60007E04000174467E3482027E2400019AFC85
:105F7000C3BB908202E00A0B7E1400012D109081B9
:105F8000FE693E00020BEA200B361B1A109081FEC0
:105F9000693E00020BEA200B360B1A309081FE6935
:105FA0001E00020BEA000B0A50125C1B7F0190815D
:105FB000FE693E00020BEA202E34000A791100022D
:105FC0001B1A007E18000290807B793E00021BEABB
:105FD000207E1480C07E04000174517E3482027ED3
:105FE0002400019AFCC3BB908202E00A2B7C456C22
:105FF00055908203E00A3B4D329082041BEA3090B8
:1060000082040BEA30125CFD7D139081FE693E0034
:10601000020BEA202E3400061B1A109081FE693E06
:1060200000020BEA202E3400060B1A309081FE6924
:106030001E00020BEA000B0A50125C1B7F019081CC
:10604000FE693E00020BEA202E34000E7911000298
:106050001B1A007E340001125E7E0A1B9081FE69CD
:106060003E00020BEA200B351B1A107E180002902E
:10607000807B793E00021BEA207E1480C07E0400F3
:106080000174717E3482027E2400019AFCC3BB90AD
:106090008202E00A2B7C456C55908203E00A3B4D5E
:1060A000329082041BEA309082040BEA30125CFDCD
:1060B0007D139081FE693E00020BEA202E34000819
:1060C0001B1A109081FA693E00020BEA202E340060
:1060D000037E1BB0BEB00068279081FE693E0002BF
:1060E0000BEA202E3400060B1A209081FE691E0058
:1060F000020BEA002E1400080B0A309D321B0A30F6
:106100009081FE693E00020BEA202E3400080B1A33
:10611000309081FE691E00020BEA000B150B0A503D
:10612000125C1B7F019081FE693E00020BEA202E6B
:10613000340012791100021B1A0022908657F0E4F5
:10614000908658F0E4908659F06D3390865A1BEA99
:10615000307E1480C07E040001E49086577EEB7090
:106160007E60014C769AFCBBDE7E18000190807B3D
:10617000793E00021BEA207E1480C07E0400017478
:10618000467E3486597E2400019AFCC3BB80597E2A
:106190001403E8908661693E00020BEA209AFD9E96
:1061A000B99AFE33FF7E18000190807B793E000291
:1061B0001BEA207E1480C07E04000174467E348673
:1061C000597E2400019AFCC3BB90865A0BEA207EBC
:1061D0003400012D321BEA307E3400FFBD325008FE
:1061E0007401908658F0800F9086597EEBA074075A
:1061F0005CBABEB0006898908658E0BEB0007820C7
:106200007E1480C07E040001740B7E70019AFCBB7A
:10621000DE7E1480C07E040001E46C779AFCBBDE55
:10622000908658E0229076611BEA20793E0002E4D5
:10623000907665F06D339076691BEA309F11907609
:106240006B793E00021BEA206D3390766F1BEA30BB
:106250007E1808E890768C793E00021BEA20907642
:1062600061693E00020BEA20BE184E2050097401FD
:10627000907665F00264317E1476717E040001121E
:106280005DB27E1476717E0400017E3476767E24C3
:106290000001125F1E907671E0BEB00068237E1888
:1062A000024E907680691E00020BEA002F01907664
:1062B0008C693E00020BEA202F10793E00021BEA97
:1062C00020907673E0BEB00068297E0802B2907616
:1062D00080693E00020BEA202F107F012F0090768C
:1062E0008C693E00020BEA202F10793E00021BEA67
:1062F00020802C907672E0BEB00068237E18029455
:10630000907680691E00020BEA002F0190768C695E
:106310003E00020BEA202F10793E00021BEA20907B
:106320007674E0BEB00068237E180294907684698B
:106330001E00020BEA002F0190768C693E00020BD2
:10634000EA202F10793E00021BEA20907675E0BE0D
:10635000B00078030264317E08022690768C693E94
:1063600000020BEA202F10793E00021BEA209076F3
:1063700061691E00020BEA0090768C693E00020BF8
:10638000EA20BF1028097401907665F0026431900C
:10639000768C691E00020BEA00907661693E00026D
:1063A0000BEA209F1090766B793E00021BEA20904A
:1063B000766B693E00020BEA209076780BEA501269
:1063C0005C8990766F1BEA30907674E0BEB000680E
:1063D0001190767C0BEA2090766F0BEA302D321B01
:1063E000EA3090766F0BEA30125D2D9076691BEAE9
:1063F000307471907666F09076690BEA307D530ABE
:106400005A907667F09076690BEA50907668F07E45
:106410001800039080E2793E00021BEA207E14807F
:10642000C07E0400017E3476667E2400019AFCB9A9
:106430005A907665E0227E180B36907AB5793E0048
:10644000021BEA207E147A9A7E040001125DB27E5D
:10645000147A9A7E0400017E347A9F7E2400011211
:106460005F1E907A9AE0BEB00068237E18024E90BC
:106470007AA9691E00020BEA002F01907AB5693EE5
:1064800000020BEA202F10793E00021BEA20907ACE
:106490009CE0BEB00068297E0802B2907AA9693EED
:1064A00000020BEA202F107F012F00907AB5693E81
:1064B00000020BEA202F10793E00021BEA20802CFC
:1064C000907A9BE0BEB00068237E180294907AA96F
:1064D000691E00020BEA002F01907AB5693E0002A6
:1064E0000BEA202F10793E00021BEA20907A9DE0F3
:1064F000BEB00068237E180294907AAD691E000237
:106500000BEA002F01907AB5693E00020BEA202FBA
:1065100010793E00021BEA20907A9EE0BEB000682F
:10652000237E180226907AB1691E00020BEA002F22
:1065300001907AB5693E00020BEA202F10793E00E7
:10654000021BEA20907AB5693E00020BEA202290F5
:1065500084001BEA20793E00026D117E0443009006
:106560008400693E00020BEA209AFD9C2D9AFD9D55
:10657000DF9084071BEA30908400691E00020BEA5A
:10658000009F119AFD9D4E2828908400693E0002CC
:106590000BEA209AFD938E7F407F517E04407F7EE0
:1065A00014FFD77E240A3D7E3470A49AFD92724077
:1065B0000474018001E47E146B9C7E0400FE7E3432
:1065C00002069AFE2B317444908404F09084070BE9
:1065D000EA307D530A5A908405F09084070BEA5004
:1065E000908406F07E1800039080E2793E00021B42
:1065F000EA207E1480C07E0400017E3484047E2460
:1066000000019AFCB95A229080CCE0BEB000780319
:106610000266DE7E18000190807B793E00021BEA54
:10662000207E1480C07E04000174137E34875A7E5D
:106630002400019AFCC3BB90875A7EEBA074075CD0
:10664000BABEB000685C7E18000290807B793E0084
:10665000021BEA207E1480C07E040001741E7E347A
:10666000875A7E2400019AFCC3BB90875AE00A3BFC
:106670007C676C779080C91BEA3090875BE00A2BBF
:106680009080C90BEA304D321BEA307E1480C07E08
:10669000040001740B7E70019AFCBBDE74019080D3
:1066A000CBF090875AE030E4357E18000290807B72
:1066B000793E00021BEA207E1480C07E0400017433
:1066C0001E7E34875A7E2400019AFCC3BB7E148050
:1066D000C07E040001740B7E70019AFCBBDEAAAA86
:1066E000E4907C3AF0E4907C3BF0E4907C3CF06DEC
:1066F00033907C4A1BEA307E147C3D7E0400017E90
:10670000340006E49AFCFFDC7E147C437E04000126
:106710007E340007E49AFCFFDC7E340071908088B0
:106720001BEA307E34007390808A1BEA307E14802E
:10673000C07E04000174297E1800019AFCCCBF7E43
:106740003400747E24000174017E1400109AFD58F8
:10675000567E1403E8908661693E00020BEA209A97
:10676000FD9EB97E1400649AFD9EB09AFE33FF7EB2
:10677000340074E49AFD54B07E1403E89086616995
:106780003E00020BEA209AFD9EB97E1400329AFD6B
:106790009EB09AFE33FF7E34007474019AFD54B0AB
:1067A0007E1403E8908661693E00020BEA209AFDA0
:1067B0009EB97E1400649AFD9EB09AFE33FF7E144B
:1067C00080C07E04000174899AFCC2EE907C3CF08B
:1067D0007E1480C07E0400017489907C3C7EEB7046
:1067E0007E60014C769AFCBBDE6D33907C4A1BEADE
:1067F0003080457E1480C07E040001907C4A0BEA04
:10680000203E247E3400CF2D327E2400FF7E1BB03C
:10681000907C4A0BEA203E247E3400D02D327E2428
:1068200000FF7E1B709AFCBBDE907C4A0BEA207E48
:106830003400012D321BEA30907C4A0BEA207E3472
:106840000004BD2340AD7E18000190807B793E009E
:10685000021BEA207E1480C07E04000174917E3405
:106860007C3A7E2400019AFCC3BB6D33907C4A1BAA
:10687000EA3080457E1480C07E040001907C4A0B83
:10688000EA203E247E3400D72D327E2400FF7E1B7A
:10689000B0907C4A0BEA203E247E3400D82D327E14
:1068A0002400FF7E1B709AFCBBDE907C4A0BEA2022
:1068B0007E3400012D321BEA30907C4A0BEA207EA8
:1068C000340003BD2340AD7E1480C07E04000174FB
:1068D000609AFCC2EE907C3CF07E1480C07E040086
:1068E000017460907C3C7EEB707E60124C769AFC6A
:1068F000BBDE6D337E243E8012654F7E1480C07EE9
:1069000004000174017E70FF9AFCBBDE7E147C43A0
:106910007E0400017E347C447E24000112599DBE19
:10692000B00068157401907C3BF07E146B837E048C
:1069300000FE9AFD93C7026D037E18000690807BCF
:10694000793E00021BEA207E1480C07E04000174A0
:10695000B07E347C3D7E2400019AFCC3BB6D339035
:106960007C4A1BEA3080457E1480C07E0400019082
:106970007C4A0BEA203E247E3400DD2D327E24004A
:10698000FF7E1BB0907C4A0BEA203E247E3400DE62
:106990002D327E2400FF7E1B709AFCBBDE907C4A69
:1069A0000BEA207E3400012D321BEA30907C4A0B2A
:1069B000EA207E340005BD2340AD907C44E0BEB0AB
:1069C000006804740C8001E4907C45F06D33907C89
:1069D0004A1BEA30026A86907C45E00A2B907C4A8A
:1069E0000BEA30BD32400E907C437EEBA0907C469B
:1069F000E0BCBA7842907C4A0BEA507CAB74075CEE
:106A0000BA7E34000160053E341478FB7CB77CAB61
:106A10006EA0FF907C4A0BEA201E241E241E247EBA
:106A2000347C3D2D327A71827A6183E05CBA7A716E
:106A3000827A6183F08040907C4A0BEA201E241EFB
:106A4000241E247E347C3D2D327A71827A61837ECD
:106A5000EBA0907C4A0BEA207E3400075D327CB7C5
:106A600060051EA01478FB7CBA30E00B907C467E5B
:106A7000EBA074012CBAF0907C4A0BEA207E340023
:106A8000012D321BEA30907C4A0BEA207E34003024
:106A9000BD3228030269D774B0907C43F07E340085
:106AA00001907C4A1BEA30802C907C4A0BEA207EC5
:106AB0003400019D237E347C3D2D327A71827A61CF
:106AC00083E0907C44F0907C4A0BEA207E34000105
:106AD0002D321BEA30907C4A0BEA207E340007BD41
:106AE0003238C67E1800079080E2793E00021BEA29
:106AF000207E1480C07E0400017E347C437E24000E
:106B0000019AFCB95A6D33907C4A1BEA3080457E6D
:106B10001480C07E040001907C4A0BEA203E247E53
:106B20003400E72D327E2400FF7E1BB0907C4A0BA0
:106B3000EA203E247E3400E82D327E2400FF7E1BB6
:106B4000709AFCBBDE907C4A0BEA207E3400012D5B
:106B5000321BEA30907C4A0BEA207E340050BD2381
:106B600040AD7E1480C07E040001740A7E70049AD9
:106B7000FCBBDE7E1480C07E04000174849AFCC2DB
:106B8000EE907C3CF07E1480C07E04000174849002
:106B90007C3C7EEB707E60EF5C769AFCBBDE7E1404
:106BA00080C07E040001740B7E70019AFCBBDE1273
:106BB0006436907C36793E00021BEA207E1480C049
:106BC0007E04000174017E70E89AFCBBDE907C3686
:106BD000693E00020BEA201262257E1480C07E040A
:106BE000000174017E70019AFCBBDE744012613BAF
:106BF000BEB00068157401907C3BF07E146B507E33
:106C00000400FE9AFD93C7026D037E1480C07E04CB
:106C1000000174017E70029AFCBBDEE412613BBE8F
:106C2000B00068157401907C3BF07E146B507E04BC
:106C300000FE9AFD93C7026D037E1480C07E04009F
:106C40000174017E70E89AFCBBDE7E1403E8908636
:106C500061693E00020BEA209AFD9EB97E14006431
:106C60009AFD9EB09AFE33FF7E1480C07E04000120
:106C700074807E70019AFCBBDE7E1480C07E0400AE
:106C80000174FF7E70019AFCBBDE7E1480C07E041E
:106C90000001E46C779AFCBBDE7E1480C07E0400A9
:106CA000017491907C3A7EEB709AFCBBDE7E14807E
:106CB000C07E040001E47E70019AFCBBDE7E14807D
:106CC000C07E04000174FF6C779AFCBBDE7E1480EA
:106CD000C07E04000174806C779AFCBBDE7E148059
:106CE000C07E040001E47E70029AFCBBDE74019059
:106CF00080CCF07E3400017E1466DF7E0400FD9AB5
:106D0000FE337F907C3BE0AA90867D1BEA306D339A
:106D100090867F1BEA3090867D0BEA207E3410003F
:106D2000BD23580302701890867D0BEA509E5410C4
:106D300000BE54000E4003026FCB7EA003A4906DF2
:106D40004273026D6C026D8C026DAC026DCC026DF3
:106D5000EC026E0C026E3E026E70026EA2026ED4E7
:106D6000026F06026F38026F69026F9AE58C0A3B68
:106D70007C676C7790867F1BEA30E58A0A2B9086C9
:106D80007F0BEA304D321BEA30026FDCE58D0A3BA7
:106D90007C676C7790867F1BEA30E58B0A2B9086A8
:106DA0007F0BEA304D321BEA30026FDCE5D60A3B3E
:106DB0007C676C7790867F1BEA30E5D70A2B90863C
:106DC0007F0BEA304D321BEA30026FDCE5D40A3B20
:106DD0007C676C7790867F1BEA30E5D50A2B90861E
:106DE0007F0BEA304D321BEA30026FDCE5D20A3B02
:106DF0007C676C7790867F1BEA30E5D30A2B908600
:106E00007F0BEA304D321BEA30026FDC7E34FBB67A
:106E10007E24007E7E1B700A377C676C7790867FAD
:106E20001BEA307E34FBB77E24007E7E1B700A276F
:106E300090867F0BEA304D321BEA30026FDC7E34E5
:106E4000FBB47E24007E7E1B700A377C676C7790D3
:106E5000867F1BEA307E34FBB57E24007E7E1B706D
:106E60000A2790867F0BEA304D321BEA30026FDC36
:106E70007E34FBBE7E24007E7E1B700A377C676CEE
:106E80007790867F1BEA307E34FBBF7E24007E7EB7
:106E90001B700A2790867F0BEA304D321BEA3002C6
:106EA0006FDC7E34FBBC7E24007E7E1B700A377C48
:106EB000676C7790867F1BEA307E34FBBD7E2400B2
:106EC0007E7E1B700A2790867F0BEA304D321BEACC
:106ED00030026FDC7E34FBC67E24007E7E1B700A8F
:106EE000377C676C7790867F1BEA307E34FBC77EE9
:106EF00024007E7E1B700A2790867F0BEA304D327D
:106F00001BEA30026FDC7E34FBC47E24007E7E1BD5
:106F1000700A377C676C7790867F1BEA307E34FB83
:106F2000C57E24007E7E1B700A2790867F0BEA3088
:106F30004D321BEA30026FDC7E34FE7A7E24007E06
:106F40007E1B700A377C676C7790867F1BEA307EE9
:106F500034FE7B7E24007E7E1B700A2790867F0B8A
:106F6000EA304D321BEA3080737E34FBCE7E240043
:106F70007E7E1B700A377C676C7790867F1BEA30B9
:106F80007E34FBCF7E24007E7E1B700A2790867F96
:106F90000BEA304D321BEA3080427E34FBCC7E243B
:106FA000007E7E1B700A377C676C7790867F1BEAB9
:106FB000307E34FBCD7E24007E7E1B700A279086B7
:106FC0007F0BEA304D321BEA308011E47E146DC431
:106FD0007E0400FE7E3400519AFE2B3190867D0B9C
:106FE000EA307E2400155D237E347C892D327A714F
:106FF000827A6183E00A3B9AFD52B3BEB000680317
:107000000270E090867F0BEA306E34FFFF0B349005
:10701000867F1BEA300270E090867D0BEA301A26EC
:107020001A242F112F117E1466CB7E0400FE2F012F
:10703000693000020B0A207E1B700A377C676C7770
:1070400090867F1BEA3090867D0BEA301A261A2440
:107050007F012F002F007E3466CB7E2400FE2F1090
:10706000691100020B1A007E1800012F107E1B70A0
:107070000A2790867F0BEA304D321BEA3090867DDE
:107080000BEA307E24000F5D237E347C892D327A1A
:1070900071827A6183E0BEB0FF683890867D0BEA2A
:1070A000307E24000F5D237E347C892D327A7182FC
:1070B0007A6183E00A3B9AFD52B3BEB0007821901A
:1070C000867F0BEA306E34FFFF0B3490867F1BEA1D
:1070D00030800D90867F0BEA300E340E341BEA3080
:1070E00090867F0BEA30AA9087621BEA3090876215
:1070F0000BEA207E341000BD2358030273D790871B
:10710000620BEA509E541000BE54000E40030273FE
:10711000C47EA003A49071197302714302715202DC
:10712000716102717002717F02718E0271CD027203
:107130000C02724B02728A0272C902730802734710
:10714000027386C3C28CE4F58CE4F58AD3D28C0238
:107150007425C3C28EE4F58DE4F58BD3D28E027410
:1071600025538EEFE4F5D6E4F5D7438E100274254F
:1071700053DDF7E4F5D4E4F5D543DD080274255377
:10718000DD7FE4F5D2E4F5D343DD8002742574F7A6
:107190007E14FBB37E04007E7E0B705C7B7A0B70EA
:1071A000E47E34FBB67E24007E7A1BB0E47E34FBA2
:1071B000B77E24007E7A1BB074087E14FBB37E0475
:1071C000007E7E0B704C7B7A0B70027425747F7E80
:1071D00014FBB37E04007E7E0B705C7B7A0B70E444
:1071E0007E34FBB47E24007E7A1BB0E47E34FBB593
:1071F0007E24007E7A1BB074087E14FBB37E0400EC
:107200007E7E0B704C7B7A0B7002742574F77E14B3
:10721000FBBB7E04007E7E0B705C7B7A0B70E47E91
:1072200034FBBE7E24007E7A1BB0E47E34FBBF7E3E
:1072300024007E7A1BB074087E14FBBB7E04007EA3
:107240007E0B704C7B7A0B70027425747F7E14FB6E
:10725000BB7E04007E7E0B705C7B7A0B70E47E3418
:10726000FBBC7E24007E7A1BB0E47E34FBBD7E2412
:10727000007E7A1BB074087E14FBBB7E04007E7E09
:107280000B704C7B7A0B7002742574F77E14FBC371
:107290007E04007E7E0B705C7B7A0B70E47E34FB98
:1072A000C67E24007E7A1BB0E47E34FBC77E2400B9
:1072B0007E7A1BB074087E14FBC37E04007E7E0BB6
:1072C000704C7B7A0B70027425747F7E14FBC37E36
:1072D00004007E7E0B705C7B7A0B70E47E34FBC412
:1072E0007E24007E7A1BB0E47E34FBC57E24007EC3
:1072F0007A1BB074087E14FBC37E04007E7E0B7084
:107300004C7B7A0B70027425747F7E14FE787E04A9
:10731000007E7E0B705C7B7A0B70E47E34FE7A7E9E
:1073200024007E7A1BB0E47E34FE7B7E24007E7ACD
:107330001BB074807E14FE787E04007E7E0B704C41
:107340007B7A0B7002742574F77E14FBCB7E0400ED
:107350007E7E0B705C7B7A0B70E47E34FBCE7E24E9
:10736000007E7A1BB0E47E34FBCF7E24007E7A1B45
:10737000B074087E14FBCB7E04007E7E0B704C7BC9
:107380007A0B70027425747F7E14FBCB7E04007E22
:107390007E0B705C7B7A0B70E47E34FBCC7E240029
:1073A0007E7A1BB0E47E34FBCD7E24007E7A1BB057
:1073B00074807E14FBCB7E04007E7E0B704C7B7A47
:1073C0000B708061E47E146DC47E0400FE7E340088
:1073D000899AFE2B31804EE49087620BEA301A26A0
:1073E0001A242F112F117E1466CB7E0400FE2F016C
:1073F000693000020B0A207A1BB0E49087620BEA26
:10740000301A261A247F012F002F007E3466CB7E8F
:107410002400FE2F10691100020B1A007E180001D3
:107420002F107A1BB0AA9085541BEA109085521B2E
:10743000EA209085501BEA309085500BEA207E347C
:1074400000FF5D327E2400039AFE37337E146DC444
:107450007E0400FE7E3400A69AFE2B319085520BEE
:10746000EA500A5AC40354077E440006BD54780407
:1074700074018001E47E146DC47E0400FE7E34003D
:10748000A99AFE2B319085540BEA207E3400FF5DD3
:10749000326D22E47E1400039AFD58569085520BFB
:1074A000EA207E3400FF5D326D22E47E1400039AF0
:1074B000FD58569085540BEA407E5400FF5D549071
:1074C00085500BEA307E2400155D237E347C892DA7
:1074D000327A71827A6183F09085500BEA509E5423
:1074E0001000BE54000E40030276F17EA003A4906B
:1074F00074F37302751D02752C02753B0275470209
:10750000755302755F02758C0275B90275E60276D5
:107510001302764002766D0276990276C5E4F58A0A
:10752000E4F58C438904D3D28C027702E4F58BE432
:10753000F58D438940D3D28E027702E4F5D7E4F586
:10754000D6438E18027702E4F5D5E4F5D443DD0C7A
:10755000027702E4F5D3E4F5D243DDC0027702E41A
:107560007E34FBB77E24007E7A1BB0E47E34FBB60B
:107570007E24007E7A1BB0740C7E14FBB37E040064
:107580007E7E0B704C7B7A0B70027702E47E34FBBC
:10759000B57E24007E7A1BB0E47E34FBB47E2400EA
:1075A0007E7A1BB074C07E14FBB37E04007E7E0B1B
:1075B000704C7B7A0B70027702E47E34FBBF7E2432
:1075C000007E7A1BB0E47E34FBBE7E24007E7A1BF4
:1075D000B0740C7E14FBBB7E04007E7E0B704C7B73
:1075E0007A0B70027702E47E34FBBD7E24007E7A43
:1075F0001BB0E47E34FBBC7E24007E7A1BB074C0DA
:107600007E14FBBB7E04007E7E0B704C7B7A0B707D
:10761000027702E47E34FBC77E24007E7A1BB0E44E
:107620007E34FBC67E24007E7A1BB0740C7E14FB75
:10763000C37E04007E7E0B704C7B7A0B7002770257
:10764000E47E34FBC57E24007E7A1BB0E47E34FBEE
:10765000C47E24007E7A1BB074C07E14FBC37E04FB
:10766000007E7E0B704C7B7A0B70027702E47E34D6
:10767000FE7B7E24007E7A1BB0E47E34FE7A7E247C
:10768000007E7A1BB074C07E14FE787E04007E7E7D
:107690000B704C7B7A0B708069E47E34FBCF7E24C8
:1076A000007E7A1BB0E47E34FBCE7E24007E7A1B03
:1076B000B0740C7E14FBCB7E04007E7E0B704C7B82
:1076C0007A0B70803DE47E34FBCD7E24007E7A1BF5
:1076D000B0E47E34FBCC7E24007E7A1BB074C07E86
:1076E00014FBCB7E04007E7E0B704C7B7A0B70808B
:1076F00011E47E146DC47E0400FE7E3400BD9AFE4B
:107700002B312290855A1BEA109085581BEA209055
:1077100085561BEA309085580BEA207E3400FF5DC9
:10772000326D22E47E1400039AFD585690855A0B60
:10773000EA207E3400FF5D326D22E47E1400039A5D
:10774000FD585690855A0BEA407E5400FF5D5490D8
:1077500085560BEA307E24000F5D237E347C892D14
:10776000327A71827A6183F07E60FE9085580BEAEE
:1077700000740D0E041478FB7E1400075D101A02CD
:107780001A002F002F007E5467137E4400FE2F2026
:10779000691200020B2A007E0B705C767A0B7090E7
:1077A00085580BEA307D431A480E440E440E447E41
:1077B0005400035D543E549085580BEA307D231AE3
:1077C000247E3400035D3260053E341478FB7C6710
:1077D0009085580BEA00740D0E041478FB7E14009B
:1077E000075D101A021A002F002F007E54669B7E40
:1077F0004400FE2F20691200020B2A007E0B704C01
:10780000767A0B707EA0FF9085580BEA20740D0EDF
:10781000241478FB7E3400075D321A261A242F11B7
:107820002F117E1466837E0400FE2F016930000252
:107830000B0A207A1BA07EA0FF9085580BEA2074CB
:107840000D0E241478FB7E3400075D321A261A24AC
:107850007F012F002F007E3466837E2400FE2F10D0
:10786000691100020B1A007E1800012F107A1BA06C
:107870006CAA9085580BEA20740D0E241478FB7EB8
:107880003400075D321A261A242F112F117E146539
:10789000F37E0400FE2F01693000020B0A207A1BE0
:1078A000A06CAA9085580BEA20740D0E241478FB66
:1078B0007E3400075D321A261A247F012F002F0024
:1078C0007E3465F37E2400FE2F10691100020B1A2E
:1078D000007E1800012F107A1BA07EA057908558BB
:1078E0000BEA20740D0E241478FB7E3400075D3201
:1078F0001A261A242F112F117E1466B37E0400FE5F
:107900002F01693000020B0A207A1BA06CAA908517
:10791000580BEA20740D0E241478FB7E3400075DAA
:10792000321A261A247F012F009085580BEA307DE9
:10793000231A240E240E240E247E3400035D320EFE
:10794000341A261A242F102F112F117E1466E37E6D
:107950000400FE2F01693000020B0A207A1BA06C84
:10796000AA90855A0BEA20740D0E241478FB7E34FD
:1079700000075D321A261A247F012F0090855A0BCA
:10798000EA307D231A240E240E240E247E340003B4
:107990005D320E341A261A242F102F112F117E1447
:1079A00066E37E0400FE2F01693000020B0A207A94
:1079B0001BA07E60019085580BEA00740D0E041424
:1079C00078FB7E1400075D101A021A007F202F2218
:1079D0002F229085580BEA207D021A000E040E0417
:1079E0000E047E1400035D101A021A002F022F00ED
:1079F0002F007E54672B7E4400FE2F206912000268
:107A00000B2A007E0B704C767A0B707E600190859D
:107A1000580BEA00740D0E041478FB7E1400075D09
:107A2000101A021A002F002F007E5467137E4400A4
:107A3000FE2F20691200020B2A007E0B704C767A12
:107A40000B70229085601BEA1090855E1BEA2090E7
:107A5000855C1BEA3090855C0BEA300A4790855EB6
:107A60000BEA500A5AC4035407BD547804740180C9
:107A700001E47E146DC47E0400FE7E3400F39AFEA1
:107A80002B3190855C0BEA300A479085600BEA50F9
:107A90000A5AC4035407BD54780474018001E47E7B
:107AA000146DC47E0400FE7E3400F49AFE2B3190E7
:107AB000855E0BEA207E3400FF5D326D2274016D1D
:107AC000119AFD58569085600BEA207E3400FF5DC8
:107AD000326D2274016D119AFD58567E60FE9085BC
:107AE0005E0BEA00740D0E041478FB7E1400075D33
:107AF000101A021A002F002F007E5467137E4400D4
:107B0000FE2F20691200020B2A007E0B705C767A31
:107B10000B7090855E0BEA307D431A480E440E448C
:107B20000E447E5400035D543E5490855E0BEA3053
:107B30007D231A247E3400035D3260053E341478C0
:107B4000FB7C6790855E0BEA00740D0E041478FBD5
:107B50007E1400075D101A021A002F002F007E54B9
:107B6000669B7E4400FE2F20691200020B2A007ED5
:107B70000B704C767A0B709085600BEA307D431A5F
:107B8000480E440E440E447E5400035D543E54900F
:107B900085600BEA307D231A247E3400035D326059
:107BA000053E341478FB7C679085600BEA00740D09
:107BB0000E041478FB7E1400075D101A021A002FC1
:107BC000002F007E54669B7E4400FE2F2069120029
:107BD000020B2A007E0B704C767A0B707EA0FF9011
:107BE000855E0BEA20740D0E241478FB7E340007AA
:107BF0005D321A261A242F112F117E1466837E04FB
:107C000000FE2F01693000020B0A207A1BA07EA023
:107C1000FF90855E0BEA20740D0E241478FB7E34F1
:107C200000075D321A261A247F012F002F007E34B0
:107C300066837E2400FE2F10691100020B1A007E5D
:107C40001800012F107A1BA06CAA90855E0BEA2009
:107C5000740D0E241478FB7E3400075D321A261A48
:107C6000242F112F117E1465F37E0400FE2F01696D
:107C70003000020B0A207A1BA06CAA90855E0BEAEA
:107C800020740D0E241478FB7E3400075D321A2612
:107C90001A247F012F002F007E3465F37E2400FE1E
:107CA0002F10691100020B1A007E1800012F107AA4
:107CB0001BA07EA00390855E0BEA20740D0E241499
:107CC00078FB7E3400075D321A261A242F112F11FB
:107CD0007E1466B37E0400FE2F01693000020B0A99
:107CE000207A1BA06CAA90855E0BEA20740D0E24EE
:107CF0001478FB7E3400075D321A261A247F012F88
:107D00000090855E0BEA307D231A240E240E240E8B
:107D1000247E3400035D320E341A261A242F102FCD
:107D2000112F117E1466E37E0400FE2F01693000DE
:107D3000020B0A207A1BA06CAA9085600BEA2074C3
:107D40000D0E241478FB7E3400075D321A261A24A7
:107D50007F012F009085600BEA307D231A240E24CA
:107D60000E240E247E3400035D320E341A261A24AB
:107D70002F102F112F117E1466E37E0400FE2F01B9
:107D8000693000020B0A207A1BA07E600190855E9C
:107D90000BEA00740D0E041478FB7E1400075D10CE
:107DA0001A021A007F202F222F2290855E0BEA20D4
:107DB0007D021A000E040E040E047E1400035D10F2
:107DC0001A021A002F022F002F007E54672B7E44C8
:107DD00000FE2F20691200020B2A007E0B704C76E9
:107DE0007A0B707E60019085600BEA00740D0E04C2
:107DF0001478FB7E1400075D101A021A007F202FF2
:107E0000222F229085600BEA207D021A000E040EBC
:107E1000040E047E1400035D101A021A002F022FB4
:107E2000002F007E54672B7E4400FE2F2069120035
:107E3000020B2A007E0B704C767A0B707E600190EC
:107E4000855E0BEA00740D0E041478FB7E140007A7
:107E50005D101A021A002F002F007E5467137E4413
:107E600000FE2F20691200020B2A007E0B704C7658
:107E70007A0B70AA9085661BEA109085641BEA2035
:107E80009085621BEA309085620BEA207E341000F8
:107E9000BD23403E9085660BEA307E24FF005D23C3
:107EA0006D33BD23780474018001E47E146DC47EBB
:107EB0000400FE7E3401329AFE2B319085620BEA7B
:107EC000309085640BEA209085660BEA10127426C8
:107ED00080159085620BEA309085640BEA209085CE
:107EE000660BEA10127703AA9084DD1BEA20793E24
:107EF00000029F119084E1793E00021BEA207E146B
:107F000000649084DD693E00020BEA209AFD9EB079
:107F1000793E00021BEA2080517E1442407E04001C
:107F20000F908661693E00020BEA209AFD9EBB7E9F
:107F300014000A9AFD9EB09AFE33FF9084E1691EF8
:107F400000020BEA007E1800012F10793E00021B90
:107F5000EA209084E1691E00020BEA009084DD694A
:107F60003E00020BEA20BF10280D7E3400259AFD4A
:107F700052B3BEB00068A29084E1691E00020BEA11
:107F8000009084DD693E00020BEA20BF10380474C3
:107F9000018001E4229081D41BEA209081CE1BEA6B
:107FA000309081CA1BEA00791E0002C3C2EC9081A6
:107FB000CA693E00020BEA204D2368249081CE0B53
:107FC000EA306D229082B2793E00021BEA207E34B4
:107FD00000019081CA691E00020BEA009AFC7B43F3
:107FE0009081D0693E00020BEA204D2368249081E5
:107FF000D40BEA306D229082B2793E00021BEA2057
:108000007E3400019081D0691E00020BEA009AFCC8
:108010007B43D3D2EC229085D21BEA309085CE1BD5
:10802000EA00791E0002C3C2EC9085CE693E0002D0
:108030000BEA20907FD2793E00021BEA207E1800D6
:1080400004907FD6793E00021BEA207E3400019026
:1080500085CE691E00020BEA009AFC7F7A9085D2D9
:108060000BEA206D33BD23683C9085CE693E00024B
:108070000BEA200B36907FD2793E00021BEA20905B
:1080800085D20BEA306D22907FD6793E00021BEA42
:10809000207E3400019085CE691E00020BEA000BA1
:1080A000169AFC7F7A9085CE693E00020BEA200B7F
:1080B000350B1A107E0400FF5D017C016C11908568
:1080C000CE693E00020BEA200B350B1A107D310AF7
:1080D000367E1400FF5D134D109085CE693E000280
:1080E0000BEA200B351B1A10D3D2EC229083321BE3
:1080F000EA20793E000290832E1BEA00791E0002DE
:10810000C3C2EC7402908332693E00020BEA207A0B
:108110001BB09083360BEA107E0400FF5D017C01EA
:108120006C119083360BEA107D310A367E1400FF05
:108130005D134D10908332693E00020BEA200B352F
:108140001B1A10908332693E00020BEA20907FD206
:10815000793E00021BEA207E180004907FD6793E0B
:1081600000021BEA207E340001908332691E000267
:108170000BEA009AFC7F7A9083360BEA207E34006B
:1081800020BD325066908332693E00020BEA200B1C
:1081900036907FD2793E00021BEA207E18002090A4
:1081A0007FD6793E00021BEA207E34000190832EA8
:1081B000691E00020BEA009AFC7F7A9083360BEA74
:1081C000307E2400209D326D229082B2793E0002E2
:1081D0001BEA207E34000190832E691E00020BEA08
:1081E000002E1400209AFC7B43805C9083360BEABF
:1081F00030CA3990832E693E00020BEA2090833208
:10820000691E00020BEA000B169AFDFFBE1BFD90D3
:108210008332693E00020BEA200B36907FD2793E12
:1082200000021BEA207E180020907FD6793E0002D3
:108230001BEA207E340001908332691E00020BEAA3
:10824000000B169AFC7F7A908332693E00020BEA9B
:10825000200B350B1A107E0400FF5D017C016C11B0
:10826000908332693E00020BEA200B350B1A107D19
:10827000310A367E1400FF5D134D10908332693E43
:1082800000020BEA200B351B1A10D3D2EC22907E91
:10829000951BEA20907E911BEA00791E0002907ED9
:1082A0008F1BEA307401907E9BF0907E8F0BEA501A
:1082B000907E9CF0907E950BEA30907E9E1BEA307B
:1082C000907E97693E00020BEA20127EE8BEB00065
:1082D000680302835F907E91693E00020BEA209062
:1082E00081D0793E00021BEA207E147E9C7E040031
:1082F000017E340004907E950BEA20127F95907EDB
:1083000097693E00020BEA20127EE8BEB000784F6B
:108310007402907E9CF06D33907E9E1BEA307E143A
:108320007E9C7E040001907E9E0BEA301280167EB9
:108330001442407E04000F908661693E00020BEA01
:10834000209AFD9EBB7E1400149AFD9EB09AFE33C7
:10835000FF907E9CE0BEB0807805E4907E9BF0901C
:108360007E9BE0229082851BEA00791E00029082AB
:10837000831BEA30740190828DF0908289693E00FF
:10838000020BEA20127EE8BEB000787A9082830B5E
:10839000EA10908285693E00020BEA207A1B309F2A
:1083A000119081D0793E00021BEA20908285691EDF
:1083B00000020BEA007E3400206D22127F9590822D
:1083C00089693E00020BEA20127EE8BEB0007836D2
:1083D0007402908285693E00020BEA207A1BB06D20
:1083E00011908285693E00020BEA200B351B1A10A2
:1083F000908285691E00020BEA007E340020128004
:1084000016E490828DF090828DE0227E346B2C7E7B
:108410002400FE7E1478DF7E04000174249AFD9F00
:10842000427E1803E8908289793E00021BEA207E92
:108430003400207E1478DF7E04000112836490787B
:10844000DEF09078DEE0BEB00078279078DFE0BE06
:10845000B0A0781E9078E10BEA30CA397E3478E318
:108460007E2400017E145D217E0400019AFDFFBE82
:108470001BFD9078DEE0227E1803E8908289793E29
:1084800000021BEA207E3400217E1479047E040061
:1084900001128364907903F0907903E0BEB0007814
:1084A00027907904E0BEB0A1781E9079060BEA30DF
:1084B000CA397E3479087E2400017E145D447E042E
:1084C00000019AFDFFBE1BFD907903E0227E180398
:1084D000E8908289793E00021BEA207E3400227EE9
:1084E0001479297E040001128364907928F0907930
:1084F00028E0BEB0007827907929E0BEB0A2781EAF
:1085000090792B0BEA30CA397E34792D7E24000114
:108510007E145D087E0400019AFDFFBE1BFD90796C
:1085200028E0229076C5F09076C11BEA00791E0003
:10853000029076BF1BEA3074019076C6F09076C543
:108540007EEBA0741EBCAB50030286417E34000259
:10855000CA397E346B297E2400FE7E145D217E04A0
:1085600000019AFCFFA51BFDBEB000680302864116
:108570009076BF0BEA407E5400232D547E440001C8
:108580009D549076EBF09076BF0BEA407E5400A3AA
:108590002D547E4400019D549076ECF07E1803E843
:1085A000908289793E00021BEA209076EBE00A3B3C
:1085B0007E1476C77E0400011283649076C6F09024
:1085C00076C6E0BEB00078799076C77EEBA0907654
:1085D000ECE0BCBA786B7E340002CA397E346B267C
:1085E0007E2400FE7E1476CB7E0400019AFCFFA55B
:1085F0001BFD9076C6F09076C6E0BEB00078429043
:1086000076C90BEA307E2400039D32CA397E347667
:10861000CE7E2400019076C1691E00020BEA009A0A
:10862000FDFFBE1BFDE49076C90BEA107E0400033B
:108630009D109076C1693E00020BEA202D317A1B15
:10864000B09076C6E0AA9085241BEA309085201B66
:10865000EA00791E0002E4908526F07E340002CA0A
:10866000397E346B297E2400FE7E145D217E040059
:10867000019AFCFFA51BFDBEB00078607E18271094
:10868000907E97793E00021BEA207E3400129F0004
:108690006D2212828E908526F0908526E0BEB00075
:1086A000783A801E7E1403E8908661693E00020BD2
:1086B000EA209AFD9EB97E14000A9AFD9EB09AFEA9
:1086C00033FF908520691E00020BEA009085240B81
:1086D000EA306D229AFD8B534D2368C8908526E0C1
:1086E000AA9073141BEA20793E00029073101BEAD3
:1086F00000791E0002907314693E00020BEA204DBF
:10870000236844907310693E00020BEA2090788F32
:10871000793E00021BEA20907314693E00020BEAC6
:108720002090788B793E00021BEA207E1473197E1C
:108730000400017E346B1D7E2400FE9AFD93F490AC
:1087400073591BEA30802E907310693E00020BEAC9
:108750002090788F793E00021BEA207E1473197EE8
:108760000400017E346B187E2400FE9AFD93F49081
:1087700073591BEA307E182710907E97793E0002CD
:108780001BEA207E3400107E1473197E04000190D1
:1087900073590BEA2012828E907318F01284CD90D8
:1087A0007318E0AA9074ED1BEA20793E00029074E1
:1087B000E91BEA00791E00029074E9693E00020B91
:1087C000EA2090788F793E00021BEA209074ED69D0
:1087D0003E00020BEA2090788B793E00021BEA20D3
:1087E0009074F1693E00020BEA20907887793E0090
:1087F000021BEA209074F5693E00020BEA20907893
:1088000083793E00021BEA207E1474FA7E04000184
:108810007E346B077E2400FE9AFD93F49075231B33
:10882000EA307E18C350907E97793E00021BEA2002
:108830007E3400117E1474FA7E0400019075230BBF
:10884000EA2012828E9074F9F01284CD9074F9E0CF
:10885000AA7E1803E8908289793E00021BEA207EF6
:108860003400047E1479727E040001128364AA74B9
:108870000190864DF0740190864EF07E34A5A5904F
:1088800086501BEA307E1803E8127EE890864DF091
:1088900090864DE0BEB000781D9F119081D0793E4A
:1088A00000021BEA207E14864E7E0400017E340006
:1088B000046D22127F9590864DE0AA740190794D47
:1088C000F06D22905D580BEA30BD32680302898B4F
:1088D0007E340001905D581BEA307E1803E8127E5A
:1088E000E8BEB0006803028983740390794EF06D8E
:1088F000339079501BEA307E14794E7E0400017E5D
:1089000034002012801690794EE0BEB09068099035
:10891000794EE0BEB09178329079500BEA206D33F9
:10892000BD2368269079500BEA306D22907DA379A3
:108930003E00021BEA207E145D2D7E0400017E3481
:1089400079527E2400019AFDA28F7E1803E8127EE0
:10895000E8BEB000782D740290794EF06D339079B6
:10896000501BEA307E14794E7E0400019079500B42
:10897000EA3012801690794EE0BEB0807805E4901F
:10898000794DF06D33905D581BEA3090794DE0AA37
:108990009076F11BEA20793E00029076ED1BEA000A
:1089A000791E00026D22905D580BEA30BD326803DB
:1089B000028B1F7E340001905D581BEA30028A8EC4
:1089C0009076F1693E00020BEA20BE180FF82806E7
:1089D0007E340FF8800A9076F1693E00020BEA209F
:1089E0009076F51BEA307E1803E8127EE8BEB000F0
:1089F0006803028A9F9076F50BEA309083361BEA73
:108A0000309076ED691E00020BEA007E3476F77E28
:108A10002400011280EC9076F7E0BEB090680990D7
:108A200076F7E0BEB09178329076F90BEA206D339C
:108A3000BD2368269076F90BEA306D22907DA379EC
:108A40003E00021BEA207E145D2D7E0400017E3470
:108A500076FB7E2400019AFDA28F9076F50BEA103A
:108A60006D009076F1693E00020BEA209F10793E7E
:108A700000021BEA209076F50BEA109076ED693E35
:108A800000020BEA202D31793E00021BEA2090768D
:108A9000F1693E00020BEA204D2368030289C08081
:108AA0006D7E1803E8127EE8BEB000786A7402900A
:108AB00076F7F06D339076F91BEA307E1476F77E08
:108AC0000400017E3400201280169076F7E0BEB0DC
:108AD0009068099076F7E0BEB09178329076F90B05
:108AE000EA206D33BD2368269076F90BEA306D22BB
:108AF000907DA3793E00021BEA207E145D2D7E044A
:108B000000017E3476FB7E2400019AFDA28F9076D0
:108B1000F7E0BEB090688A6D33905D581BEA3090E4
:108B200076F1693E00020BEA20AA9086E91BEA0072
:108B3000791E00029086E9691E00020BEA009AFE87
:108B400038EF6D229086E9691E00020BEA009AFD5B
:108B50008990AA9075FD1BEA20793E00029075F974
:108B60001BEA00791E00029F11907605793E0002F3
:108B70001BEA209075F9693E00020BEA204D23683C
:108B80000474018001E47E146AD87E0400FE7E3401
:108B900002A19AFE2B317E145D2D7E0400019AFD08
:108BA000A2354D237803028C807E145D2D7E040057
:108BB000019AFDA235907601793E00021BEA2090D1
:108BC0007601691E00020BEA009075FD693E000205
:108BD0000BEA20BF10500C9075FD693E00020BEAB5
:108BE00020800A907601693E00020BEA209076010F
:108BF000793E00021BEA207E3476017E240001903B
:108C00007C0E793E00021BEA206D33907C121BEA39
:108C1000307E145D2D7E0400019075F9693E0002DE
:108C20000BEA209AFDA841907601693E00020BEA0A
:108C3000207D139075F9693E00020BEA202D3179F1
:108C40003E00021BEA20907601691E00020BEA003A
:108C50009075FD693E00020BEA209F10793E0002EC
:108C60001BEA20907601691E00020BEA009076054F
:108C7000693E00020BEA202F10793E00021BEA2019
:108C80006D22905D580BEA30BD326803028E537E30
:108C9000340001905D581BEA30905D3C693E000253
:108CA0000BEA20BE1800205003028E4B7E1803E80A
:108CB000127EE80A2B6D33BD236803028E4B7402CB
:108CC000907609F06D3390760B1BEA307E147609AE
:108CD0007E0400017E340020128016907609E0BEEA
:108CE000B090680C907609E0BEB0916803028E3FA8
:108CF00090760B0BEA206D33BD237803028E3F90F4
:108D000075FD693E00020BEA204D237803028E199F
:108D100090760B0BEA106D009075FD693E00020B1A
:108D2000EA20BF10400A90760B0BEA306D22800AD1
:108D30009075FD693E00020BEA20907601793E00B5
:108D4000021BEA20907601693E00020BEA20CA3934
:108D50007E34760D7E2400019075F9691E00020BA9
:108D6000EA009AFDFFBE1BFD907601693E00020BF2
:108D7000EA207D139075F9693E00020BEA202D313F
:108D8000793E00021BEA20907601691E00020BEA80
:108D9000009075FD693E00020BEA209F10793E00AD
:108DA000021BEA20907601691E00020BEA00907611
:108DB00005693E00020BEA202F10793E00021BEAF3
:108DC0002090760B0BEA106D00907601693E000250
:108DD0000BEA20BF10506890760B0BEA306D2290A2
:108DE0007601691E00020BEA009F10907DA3793E78
:108DF00000021BEA207E145D2D7E040001907601A6
:108E0000693E00020BEA207D237E34760D2D327EF2
:108E10002400019AFDA28F802690760B0BEA306D1C
:108E200022907DA3793E00021BEA207E145D2D7EF8
:108E30000400017E34760D7E2400019AFDA28F90FD
:108E40007609E0BEB0907803028C996D33905D583E
:108E50001BEA30907605693E00020BEA20AA908357
:108E6000F21BEA20793E00029083EE1BEA00791E95
:108E70000002E49083F6F07E3459087E24000190CD
:108E80007F8C793E00021BEA207E180400907F90C0
:108E9000793E00021BEA207E145D2D7E0400016DE8
:108EA000339AFDADFE7E341393907CE11BEA307E55
:108EB000341391907CE31BEA307E341392907CE56E
:108EC0001BEA307E34FFFF907CE71BEA307E3400E3
:108ED000017E2400037E146C007E0402DC9AFC8078
:108EE000167E3400747E24000174017E1400109AF2
:108EF000FD58567E3400577E24000174017E140014
:108F0000109AFD58567E3400256D22E47E1400022E
:108F10009AFD58567E340057E49AFD54B07E1403EF
:108F2000E8908661693E00020BEA209AFD9EB97EB8
:108F300014000A9AFD9EB09AFE33FF7E34005774E7
:108F4000019AFD54B07E1403E8908661693E0002E8
:108F50000BEA209AFD9EB97E1400649AFD9EB09A99
:108F6000FE33FF6D33905D581BEA3012840B908303
:108F7000F6F09083F6E0BEB000782D1284779083EF
:108F8000EE693E00020BEA204D23681C9083EE69D7
:108F90001E00020BEA009083F2693E00020BEA20F9
:108FA0009AFD86E19083F6F09083F6E0AA02945F42
:108FB0006E8480007D582D55680E0B5568EF7D50EE
:108FC0002D5578057F047F15AA0B5568E07D5892D2
:108FD000F77D457D59BF0240127804BF15400C7DD6
:108FE000487F407F027F257F517F121294145D5489
:108FF0006E54FFE0E5D0780320D5B2BEC4FFE07820
:109000000830E702B2D502946BA2E792D5BE44FFC6
:10901000E068F36CAA7DD47D4C9D4D6843BE440648
:10902000A078117CA13EA03EA03EA07F047F157DCC
:109030004C02943750F5800C2E4400202F002F1145
:1090400050020B305C9978F00B8080107CA77C7606
:109050007C657C547C437C327C210A001B8078EC4C
:109060007D4C30E52D9F409F5150021B4C7F047F6B
:10907000154D894D8A4D8B7812AA0294669E440044
:109080002068F72F002F1150020B307CB130E4ED37
:10909000802E2F042F1550020B0C7CB130E5212EB1
:1090A000440020780302946B6CAA1E1092F71E14E1
:1090B0004C2A92F71E244C4A92F71E344C6A92F7BF
:1090C0000294375D0068115D8878182D002E040029
:1090D00020680D9F117F01AA2D882E84002078F72B
:1090E00002945F1294145D542E540020680A2E449A
:1090F000804050072D4C500A02946B2D4C400302C7
:1091000094667D514D524D53780BA5B920077F15BC
:109110007F040294507D594D5A4D5B7806BE840001
:109120002068EF7DF3ADFB7DFE6DEE7DDBADD22FD4
:1091300076E4337DD3ADDA2F7634007DFE0AEB7D05
:10914000D2ADDA2F76E4337DD1ADDB2F7634007DDE
:10915000D9ADD32F7634007DFE0AEB7DD0ADDB2F69
:10916000767DD8ADD32F767DD1ADDA2F76E4337D01
:10917000D9ADD22F763400AD28ADA02F510A2B7D6A
:109180003E2F517D21AD292F51E4337D287CA1ADA7
:1091900090AD122F042C1B7D3AAC5A2F017D2B7DF4
:1091A0003F7E540400BE0002500E9E44002078030F
:1091B00002946B2F002F1133D5F0F84C3B7CA77C29
:1091C000767C657C547C437C327C210A0002943797
:1091D00002946BBE04FFFF6806BE84FFFF780302A3
:1091E000945F1294145D54BE54FFE068F27D5C4DB0
:1091F0005468EC5D4478059F117F01AA2EC480203D
:1092000050079D4C38070294669D4C50C37D58C250
:10921000E44D594D5A4D5B78030294507E54001032
:109220007EC40037800C1BC468262F002F1150020B
:109230000B30BF0440107804BF15400A9F049F15EF
:1092400050021B0C4CAB0330E7DCCAA86CAA80D6DA
:10925000DA1BDA19DA18BE101050149E4400206888
:10926000A52F002F1150020B302CAA50020B7002B8
:10927000943774F87EA0FF6E00806E848000BEB0CC
:10928000FF683C7D4B7C875DB55C7BBF047804BF89
:1092900015683FF4401A7CA97D4B7C9A6CAA6D44FA
:1092A0002F5250020B4C6E54FFFF5DB52D15800FF1
:1092B0007C786CAA6D442F1250020B0CF45C7BBFBF
:1092C000047804BF15680B7D5820F7067CB020E7B2
:1092D00001B3AA5D006809BE04FFFF68036E008049
:1092E000AA7EA020800C7EA01080057EA0086C5570
:1092F0006D333392D5500A6E34FFFF6E24FFFF0B9F
:109300001C2F114006D5F0F97F01AA7CB41E541E13
:10931000541E541E542E543FE0A2D592F72F112F05
:10932000112F112F117D127D236D337D05AA7D50E4
:109330002D5592D51E541E541E541E541E542E5488
:10934000FC0140039F11AA7C747C637C357C527CB9
:10935000412F112F112F114E40807E20208C324C36
:10936000732E54FFE0500E7E1CFFFFAA1E341E24F5
:1093700050034E60800478F430D50A6E34FFFF6EDF
:1093800024FFFF0B1CAA02946B68FB02945F7CB560
:10939000330A543392D5602A046C442F1160EA2FAB
:1093A000112F112F112F112E54037F7E440020AD59
:1093B000457D457C147C257C367C476C556D33029D
:1093C00094509F117F01AA7F507EC400017ED47803
:1093D0006B7E9493D80294A64001AA7CEACA89CAFB
:1093E0005BCA6B9AFE2B20DA6BDA5BDA897E949388
:1093F000D87CAE227F707F517EC400017ED47893EA
:109400007E9494070294A64005E47A7BB0AA7A7B06
:10941000B00B7C227D5054F0B2E46D05B2E42D55C2
:109420007D4592D57D5854F0B2E46D85B2E42D555A
:109430007DC55002B2D52230F7160B1C78120B0CEA
:109440005E04000FBE08000078062E440020681B52
:109450001E4430D5034E80805E04000F4D04AA7E6A
:109460001CFFFF7F01AA9F117F01AA7E04FFF0204D
:10947000D5021E006D119F11AA540F2490D43440C0
:10948000D430F30CBEB0414007BEB05B5002242084
:109490004CCC68021BC00B84D389944CCC680B74F1
:1094A0002012949080F5CA3B6D889F337CAE7E5B22
:1094B000B00B5C7007C37D38DA3B8994B42569C270
:1094C000F37E5BB00B5CA5F824D0BEB00A501B7EC7
:1094D000500A20F60DAC5CA52D7CCB70034EF0013C
:1094E00080DDAC5DA52D7CDB80D524CFBEB01AA578
:1094F000E850055E00DFD2F390989AA3E4936011E0
:10950000BCB078F77417934CAB30F6B34EF0808054
:10951000AEA3E4936010BCB078F77416937C3B74F0
:1095200023937C2B89147CB0801374201294902098
:10953000F205BEC00250F31B6D29B60001129490D3
:1095400002949B1B6E691600020B6A00BE080000A5
:1095500078087E0400FC7E14FFFB20F21E4CCC68D1
:109560001A7F10E47E1B804C8868070B1C04BCBD6E
:1095700078F2C2F6CA0B12967ADA0B7E0BB060C094
:10958000CA0B129490DA0B0B0C4CDD68EE1BD078F2
:10959000EA80ADD2F07E101080037E10085EB05FCE
:1095A000800AD2F67E100A80057E100AC2F66D117E
:1095B0009F117E00201B6C7E6B7030F6021A3720E4
:1095C000F1051B6C7E6B6030F6041A261A2430F00D
:1095D000051B6D0B6A20A5EC3382F692F6500A7CCF
:1095E000EA9F229F217F127CAE4C44780F7C457C01
:1095F000567C676C772E00F878EF80122F117CB3C1
:10960000337C3B9CB140047C3B0B70A5D8EE7CB214
:1096100030E005DAB8C44C3BCA380B207E00207E0F
:109620003000BE18000078C1BE1008780730F4047E
:10963000C2F480B5CA287CB2BCBD38027CBD12968B
:109640007ADA28BC2D500A1BD0E4CA2812947980FB
:10965000F07CB213DAB84004C4CAB8C4CA28BEF059
:109660008040095CDD7805A5DA0260065EF07F12B5
:109670009479DA28A5DADA02949BBEF001680F30FB
:10968000F402240220F50620F70330F6010420F24C
:1096900029BCBC5025CAB87CBF13B0E67420501159
:1096A00074307C8A5E80F068081296BA5EA00F80E3
:1096B00003129490DAB8BCBC78DB30F40F7430122B
:1096C0009490745830F302747812949030F60574C4
:1096D0002D029490742B20F5F8742020F7F3221BB0
:1096E0006C7E6BB010F1021B6C20F60B30E704F4BB
:1096F00004D2F27CCB800520E7057CDB0294BF5EC0
:10970000F07F80F81B6E691600020B6A0030F007CC
:109710006D221B0A200B0D1B0A800294AAE46C2206
:10972000BE3010500B7F1F2D312E34FFEE7E39B02E
:10973000227CBF20E7A8742E4EF0800294901298ED
:109740007440437CBD7003047CDB129A0B7C3D4C5F
:109750003368101B307CBE20E40912971D70044C46
:109760003378F07CBD7CD3BE44FFFC48216CAABD9D
:1097700045581B6D559D546C222D511801E47CDB1E
:1097800002981812987440787CBD04129A0B7DA43C
:109790007CAE7CBDA2F492F0C2F4400260010424CD
:1097A0000612967A7E30FF0B3012971DCA3812943B
:1097B0007920F0044CDD6803129731DA38BC3D782B
:1097C000E6740E129479742B7D4A7CA830F7086EEB
:1097D000A4FFFF0BA4742D1294907E4400647D5A64
:1097E0008D547DA41294797D5A7EA00A840AAA120F
:1097F00094797D5A1294799EF80011DA5B02949B59
:10980000DA5BD2F27ED00002955A12987440F10AC7
:109810005D2D540B54129A0B7DA47CB97CAE30E7BD
:1098200001F40420F4044CDD6805D2F0C2F4042CE9
:10983000BD12967A6C33BEA40000681648101BA4B3
:1098400012971DCA38129479DA380B3080E80BA4CD
:109850001B3012971DCA381294794CDD6807129795
:10986000311BD080E39EF8001230F003129731DAFA
:109870005B02949B7CEA7CAF10F7037ED0067CFAF7
:109880001B6E693600020B6A201B6E691600020B04
:109890006A00DA49CA5BCA490298E22D2B204C4281
:1098A00048232E0053584F44494355502A4E4645AD
:1098B0004700042080010200104043959AA2A22F85
:1098C000A993DF040A833E95959595959595959670
:1098D000979897974E614E002B494E46002D494E62
:1098E00046007D402D447CAE92F67CEA7CBA682628
:1098F0005E90E0BE44FFE0782F7CB1540F7E040000
:10990000FD60067E1498D4D3227E1498DD20F604E0
:109910007E1498D8D322DA099F22CA2BCA2BCA2BCD
:10992000CA2BCA88C3CA09221E447E5404D1AD542E
:109930002D5450020B449E28FA239E440133CA2B17
:109940007CA15EA00F7CB21E541E541E541E541ED9
:10995000547E440056CA59AD457E44C5109D450A03
:1099600048DA59AD54DA492D54DA5950020B54CA29
:1099700059CA4BCA6BCA7BCA0BCA1B20F70D129A75
:10998000E6DA1BDA0B9AFD91D380116E54FFFF0BC0
:1099900054129AE6DA1BDA0B9AFD90C3DA7BDA6B83
:1099A000DA4BDA497D505E04000F6D504E10109E68
:1099B000543FB02F002F1150020B3024F078F4DA0E
:1099C00059758210BE000A400A9E000ACA0201159B
:1099D000820B44CA086C007EA4000A7DB1AD0A7DEA
:1099E000016D11ADAB2F057EA4000A7DB3AD2AAD8C
:1099F000AB2D1250020B047D236D332F1550020B3B
:109A00000C158278CECA08C3CA59227F0F20E73AC4
:109A1000BEB010400274100A0B2D109E1400127E6E
:109A200019B02EB0FB501F4C116817E47A19B01B07
:109A3000147E19B0047A19B0B40A0BE47A19B0A5EF
:109A4000D9ED0B4474017A19B0225EE0BF223FF0D9
:109A50000000000000004024000000000000405909
:109A6000000000000000408F40000000000040C3E4
:109A700088000000000040F86A0000000000412E4D
:109A8000848000000000416312D000000000419774
:109A9000D784000000004341C37937E0800044EAE6
:109AA000784379D99DB44693B8B5B5056E17483D4E
:109AB0006329F1C35CA549E5E531A0A1C8734B90CA
:109AC0005031E2503DA94D384F03E93FF9F55A8234
:109AD0007748F9301D3267CC0E1EF1A724EB7515BF
:109AE0004FDD7F73BF3C5D55684E7D055407682F81
:109AF000232323129B387D50CA595E540038680ACC
:109B000024389AFD9B527F407F51DA591E5403033B
:109B10005438680A24709AFD9B527F407F51227C02
:109B2000B1543868092438129B387D5080DE7D504E
:109B30001E540303543824706CAA2E549A4E7E444B
:109B400000FD0B2A806992000269A2000469B2003C
:109B500006226CAA2E549A4E7E4400FD0B2A006900
:109B600012000269220004693200068AFD90C302D5
:109B70009E596E00807CB1337CB033680D0468EF71
:109B80007CB5337CB43378037F10AA0468E17D5040
:109B900092F77D457D51BF2140067C807F017F1279
:109BA000129E1C7EA1D05CB004780320D5C17CB08D
:109BB0000478075002B2D5029E6192D5BE80FF683C
:109BC000F67CB89CB06C00602AB418057C41029EFB
:109BD0003550FB80032F00047C9B5E900778F630A5
:109BE000E4067C437D106D0030E3087C437C327CCE
:109BF000210A0030F5199F10780EAA029E5E1B8084
:109C000068F92F1150020B707CB530E7F1801B2DE5
:109C1000317CB5A5397C5B50110B807803029E61C5
:109C20001E341350034E60801A2B029E355D22684D
:109C30000D5D0078122D220B4068099F11AA2D009E
:109C40000B0078F9029E59129E1C5C800B806808FC
:109C5000248150072CB0500A029E612CB0400302B0
:109C60009E5E7C8B5D1178267CB17CA5BE108068E1
:109C70000A5D33780DA5BD80057F10029E4B6D00F7
:109C800080307F017C5B7CB17CA5AD1280245D338C
:109C90007806A5BD80F080E1CA887D41AD437CB1E6
:109CA0007CA5AD122D1450020B047C5BAD232F015B
:109CB000DA88A42D05BE008040060B8078048098C9
:109CC0002F007C437C507C617C72029E35BE24FF59
:109CD000FF6806BE04FFFF7803029E59129E1C5CBB
:109CE000B00468F57CB8A54868EF7CB870039F1194
:109CF000AAA5B80003029E612E008150079C8038FF
:109D000007029E5E9C8050ED0A51C2E74D517803D8
:109D1000029E4B7E5400807E901A6C0080061B9041
:109D200068142F11BF1040049F104CAB0330E7EEB6
:109D3000CAA86CAA80E8DA39DA587C4ABE5080504A
:109D40000A1B8068BC2F1150020B70029E3574F8FC
:109D50006CAA6E40806E0080BEB0FF68277C837C5A
:109D6000975C3B5C7BBF10682AF4400D7C382D1556
:109D7000F45C3B500F0B04800B7C792D35F45C7B3D
:109D800050020B24BF10680B7CB020E7067CB42087
:109D9000E701B3AA5D226809BE24FFFF68036E4095
:109DA00080AA7EA020800C7EA01080057EA0086C7A
:109DB000556D333392D5500A6E34FFFF6E24FFFF8A
:109DC0000B1CA5EC3340062F11D5F0F6AA7CBA2463
:109DD0007EA2D5137C767C65A5CC92E77C5BAA7CC1
:109DE000B5337CB43392D54E5080248140039F110B
:109DF000AA7C457C567C676C7724E0500E7E1CFF65
:109E0000FFAA1E341E2450034E60800478F430D51F
:109E10000A6E34FFFF6E24FFFF0B1CAA2D0092D5A3
:109E20000E104E10807D422D445002B2D54E50800F
:109E30006C447CB8222C4450120B1C7E40005E50B7
:109E40007FBE18000078040B806816A2D57CB8137A
:109E50007C4B7CB592E77C5BAA7E1CFFFFAA9F111E
:109E6000AA7E24FF8020D5026C456D33AAC2D57C22
:109E7000B430E708B2D56E24FFFF0B247CB630E780
:109E800012B2D56E34FFFF0B348D326E24FFFF0B00
:109E90002480028D3230D5066E34FFFF0B34AA7D4C
:109EA00051AD037D027D21AD052D12AD352D21AAC9
:109EB0007D02AD31AD102D21AA6D0074104D0078DA
:109EC0000B4D2278278D317D126D22AA7D437D3284
:109ED0006D222F112D445002A50FBF1040049F107A
:109EE0000B901478ED7F016D227D34AA7D417D13A6
:109EF0008D247D022F004004BD0440049D040B14FA
:109F00001478F17D237D317D106D00AAC2D57CB01F
:109F100030E708B2D59F229F207F027CB430E7143F
:109F2000B2D59F229F217F129AFD9EBB9F229F2028
:109F30007F0280049AFD9EBB30D5069F229F217F21
:109F400012AA6CAABE08000068201E540B545016BA
:109F50007E1B807A0B800B1C0B0C800A0B1A401B9B
:109F60000A400B1D0B0D1B5478F2AA9084411BEA8A
:109F700020793E000290843D1BEA00791E00029089
:109F80008441695E00020BEA4090843D691E000234
:109F90000BEA002E140007693000020B0A202F1272
:109FA000793000021B0A20803390843D693E000214
:109FB0000BEA202E340013695100020B1A409084E2
:109FC0003D691E00020BEA002E14000769300002F2
:109FD0000B0A209F12793000021B0A2090843D69F1
:109FE0003E00020BEA202E340007691100020B1A12
:109FF0000090843D695E00020BEA402E5400136914
:10A000003200020B2A20BF10289F229084491BEAAD
:10A0100020793E00029084451BEA00791E000290E0
:10A020008449695E00020BEA40908445691E000283
:10A030000BEA002E14000B693000020B0A202F12CD
:10A04000793000021B0A208033908445693E00026B
:10A050000BEA202E340013695100020B1A40908441
:10A0600045691E00020BEA002E14000B6930000245
:10A070000B0A209F12793000021B0A209084456948
:10A080003E00020BEA202E34000B691100020B1A6D
:10A0900000908445695E00020BEA402E540013696B
:10A0A0003200020B2A20BF10289F2290854A1BEA0B
:10A0B00000791E00026D3390854E1BEA3090854A70
:10A0C000693E00020BEA204D23680474018001E41C
:10A0D0007E146E797E0400FE7E3400579AFE2B318A
:10A0E00090854A693E00020BEA207E1BB0BEB0009C
:10A0F000680D7E34000190854E1BEA3002A22E745A
:10A100000190854A691E00020BEA007E0B704C7BB1
:10A110007A0B709F0090854A693E00020BEA202E60
:10A12000340007791100021B1A009F0090854A69CC
:10A130003E00020BEA202E34000B791100021B1A9C
:10A140000090854A693E00020BEA202E3400136914
:10A150001100020B1A0090854A693E00020BEA20AA
:10A160002E34000F791100021B1A0090854A693EB7
:10A1700000020BEA200B340B1A301B34683C1B34F2
:10A18000686B0B35680302A22090854A691E0002A5
:10A190000BEA002E140013693000020B0A20908590
:10A1A0004A695E00020BEA402E5400036912000265
:10A1B0000B2A00E49AFCFFDC806690854A691E0049
:10A1C000020BEA002E140013693000020B0A203E35
:10A1D0003490854A695E00020BEA402E5400036900
:10A1E0001200020B2A00E49AFCFFDC803390854ABF
:10A1F000691E00020BEA002E140013693000020BE6
:10A200000A203E343E3490854A695E00020BEA40E3
:10A210002E540003691200020B2A00E49AFCFFDCB2
:10A22000E490854A693E00020BEA207A1BB09085D3
:10A230004E0BEA30AA9086651BEA00791E00029058
:10A240008665693E00020BEA204D23680474018094
:10A2500001E47E146E797E0400FE7E3400789AFE5E
:10A260002B31908665693E00020BEA202E34000FE8
:10A27000691100020B1A00908665695E00020BEA04
:10A28000402E540013693200020B2A209F10AA901E
:10A290007D9F1BEA20793E0002907D9B1BEA00799E
:10A2A0001E00026D33907DA71BEA309F11907DA99F
:10A2B000793E00021BEA20907D9B693E00020BEA7A
:10A2C000204D23680474018001E47E146E797E04BD
:10A2D00000FE7E3400B49AFE2B31907D9F693E00D3
:10A2E000020BEA204D23780D7E340003907DA71BDE
:10A2F000EA3002A83A907D9B693E00020BEA207E7C
:10A300001B700A377E2400055D236D33BD23680D65
:10A310007E340004907DA71BEA3002A83A740490B2
:10A320007D9B691E00020BEA007E0B704C7B7A0B52
:10A3300070907D9B693E00020BEA202E34000F696D
:10A340001100020B1A00907DA3693E00020BEA2067
:10A35000BF10280302A81C907D9B693E00020BEAF7
:10A36000202E340007691100020B1A00907D9B69B2
:10A370005E00020BEA402E540013693200020B2AE1
:10A38000209F10907DA9793E00021BEA20907DA9B4
:10A39000691E00020BEA00907DA3693E00020BEAF1
:10A3A00020BF10380302A6A3907D9B693E00020BDC
:10A3B000EA200B340B1A301B34780302A4B71B3489
:10A3C000780302A5A80B35680302A7F2907DA9695E
:10A3D0003E00020BEA20CA39907D9B691E00020BE9
:10A3E000EA002E140007693000020B0A20907D9BC2
:10A3F000695E00020BEA402E540003691200020B52
:10A400002A002D13907D9F693E00020BEA209AFDE1
:10A41000FFBE1BFD907D9B691E00020BEA00907D34
:10A42000A9693E00020BEA20129F6B907DA9693E4C
:10A4300000020BEA207D23907DA3691E00020BEA37
:10A44000007D319D32CA39907D9B691E00020BEA66
:10A45000002E140007693000020B0A20907D9B69D2
:10A460005E00020BEA402E540003691200020B2A20
:10A47000002D13907DA9693E00020BEA207D5390C8
:10A480007D9F693E00020BEA202D359AFDFFBE1B21
:10A49000FD907D9B691E00020BEA00907DA9695E1C
:10A4A00000020BEA40907DA3693E00020BEA209F68
:10A4B00012129F6B02A7F2907DA9693E00020BEA7F
:10A4C000203E34CA39907D9B691E00020BEA002EA3
:10A4D000140007693000020B0A203E34907D9B690E
:10A4E0005E00020BEA402E540003691200020B2AA0
:10A4F000002D13907D9F693E00020BEA209AFDFF1C
:10A50000BE1BFD907D9B691E00020BEA00907DA999
:10A51000693E00020BEA20129F6B907DA9691E0024
:10A52000020BEA00907DA3693E00020BEA209F1017
:10A530003E34CA39907D9B691E00020BEA002E143E
:10A540000007693000020B0A203E34907D9B695E53
:10A5500000020BEA402E540003691200020B2A008D
:10A560002D13907DA9693E00020BEA207D533E54D5
:10A57000907D9F693E00020BEA202D359AFDFFBEBB
:10A580001BFD907D9B691E00020BEA00907DA9696E
:10A590005E00020BEA40907DA3693E00020BEA20B8
:10A5A0009F12129F6B02A7F2907DA9693E00020BD9
:10A5B000EA203E343E34CA39907D9B691E00020B6E
:10A5C000EA002E140007693000020B0A203E343ED8
:10A5D00034907D9B695E00020BEA402E54000369B3
:10A5E0001200020B2A002D13907D9F693E00020B82
:10A5F000EA209AFDFFBE1BFD907D9B691E00020BA9
:10A60000EA00907DA9693E00020BEA20129F6B9040
:10A610007DA9691E00020BEA00907DA3693E00023D
:10A620000BEA209F103E343E34CA39907D9B691E50
:10A6300000020BEA002E140007693000020B0A200A
:10A640003E343E34907D9B695E00020BEA402E54FE
:10A650000003691200020B2A002D13907DA9693EA8
:10A6600000020BEA207D533E543E54907D9F693E8C
:10A6700000020BEA202D359AFDFFBE1BFD907D9B4D
:10A68000691E00020BEA00907DA9695E00020BEAD8
:10A6900040907DA3693E00020BEA209F12129F6B3F
:10A6A00002A7F2907D9B693E00020BEA200B340B5F
:10A6B0001A301B3468701B34780302A78B0B356883
:10A6C0000302A7F2907DA3693E00020BEA20CA397B
:10A6D000907D9B691E00020BEA002E140007693072
:10A6E00000020B0A20907D9B695E00020BEA402E5F
:10A6F000540003691200020B2A002D13907D9F69FC
:10A700003E00020BEA209AFDFFBE1BFD907D9B6977
:10A710001E00020BEA00907DA3693E00020BEA20B6
:10A72000129F6B02A7F2907DA3693E00020BEA2004
:10A730003E34CA39907D9B691E00020BEA002E143C
:10A740000007693000020B0A203E34907D9B695E51
:10A7500000020BEA402E540003691200020B2A008B
:10A760002D13907D9F693E00020BEA209AFDFFBEEB
:10A770001BFD907D9B691E00020BEA00907DA36982
:10A780003E00020BEA20129F6B8067907DA3693E1A
:10A7900000020BEA203E343E34CA39907D9B691E8C
:10A7A00000020BEA002E140007693000020B0A2099
:10A7B0003E343E34907D9B695E00020BEA402E548D
:10A7C0000003691200020B2A002D13907D9F693E41
:10A7D00000020BEA209AFDFFBE1BFD907D9B691EC7
:10A7E00000020BEA00907DA3693E00020BEA2012F2
:10A7F0009F6B907DA3695E00020BEA40907D9B6990
:10A800001E00020BEA002E14000F693000020B0A32
:10A81000209F12793000021B0A20800A7E34000536
:10A82000907DA71BEA3074FB907D9B691E00020B94
:10A83000EA007E0B705C7B7A0B70907DA70BEA3090
:10A84000AA907C0A1BEA20793E0002907C061BEA53
:10A8500000791E00026D33907C141BEA309F11902A
:10A860007C16793E00021BEA209F11907C1A793EEB
:10A8700000021BEA20907C06693E00020BEA204D94
:10A8800023680474018001E47E146E797E0400FE66
:10A890007E3401679AFE2B31907C0E693E00020BDC
:10A8A000EA204D23680474018001E47E146E797EF1
:10A8B0000400FE7E3401689AFE2B31907C0A693ECA
:10A8C00000020BEA204D23780D7E340003907C14A7
:10A8D0001BEA3002AD55907C06693E00020BEA206F
:10A8E0007E1B700A377E2400035D236D33BD236811
:10A8F00028907C1A691E00020BEA00907C0E693ECB
:10A9000000020BEA20791100021B1A007E340006B7
:10A91000907C141BEA3002ADF7907C06691E0002A1
:10A920000BEA009AFDA235907C1A793E00021BEAE0
:10A9300020907C0E693E00020BEA20691100020B98
:10A940001A00907C1A693E00020BEA20BF01284AD7
:10A95000907C1A691E00020BEA00907C0E693E0092
:10A96000020BEA20791100021B1A007E34000790C6
:10A970007C141BEA30907C1A693E00020BEA204DE1
:10A9800023781774F7907C06691E00020BEA007E9C
:10A990000B705C7B7A0B7002ADF77408907C0669D3
:10A9A0001E00020BEA007E0B704C7B7A0B70907CD1
:10A9B00006693E00020BEA202E34000B69110002EA
:10A9C0000B1A00907C06695E00020BEA402E5400D0
:10A9D00013693200020B2A209F10907C16793E00EA
:10A9E000021BEA20907C0E693E00020BEA206911EE
:10A9F00000020B1A00907C16693E00020BEA20BF91
:10AA000001280302AB2F907C06693E00020BEA206E
:10AA10000B340B1A301B3468621B34780302AAD340
:10AA20000B35680302AD41907C0E691E00020BEAF3
:10AA300000693000020B0A20CA39907C06691E00AA
:10AA4000020BEA002E14000B693000020B0A207D75
:10AA500013907C06695E00020BEA402E54000369E5
:10AA60003200020B2A202D31907C0A691E00020B55
:10AA7000EA009AFDFFBE1BFD02AD41907C0E691EEF
:10AA800000020BEA00693000020B0A203E34CA398A
:10AA9000907C06691E00020BEA002E14000B693040
:10AAA00000020B0A207D133E14907C06695E0002B2
:10AAB0000BEA402E540003693200020B2A202D318C
:10AAC000907C0A691E00020BEA009AFDFFBE1BFD86
:10AAD00002AD41907C0E691E00020BEA0069300055
:10AAE000020B0A203E343E34CA39907C06691E00AF
:10AAF000020BEA002E14000B693000020B0A207DC5
:10AB0000133E143E14907C06695E00020BEA402E50
:10AB1000540003693200020B2A202D31907C0A690F
:10AB20001E00020BEA009AFDFFBE1BFD02AD419024
:10AB30007C06693E00020BEA200B340B1A301B34F2
:10AB4000780302ABF21B34780302AC970B35680331
:10AB500002AD41907C16693E00020BEA20CA399092
:10AB60007C06691E00020BEA002E14000B693000FF
:10AB7000020B0A207D13907C06695E00020BEA40FE
:10AB80002E540003693200020B2A202D31907C0ADA
:10AB9000691E00020BEA009AFDFFBE1BFD907C0EB1
:10ABA000691E00020BEA00693000020B0A20907C4B
:10ABB00016691E00020BEA007D219D32CA39907C85
:10ABC00016693E00020BEA20907C0A691E00020B07
:10ABD000EA002D13907C06695E00020BEA402E54B9
:10ABE0000003693200020B2A209AFDFFBE1BFD0202
:10ABF000AD41907C16693E00020BEA203E34CA3912
:10AC0000907C06691E00020BEA002E14000B6930CE
:10AC100000020B0A207D133E14907C06695E000240
:10AC20000BEA402E540003693200020B2A202D311A
:10AC3000907C0A691E00020BEA009AFDFFBE1BFD14
:10AC4000907C0E691E00020BEA00693000020B0ABC
:10AC500020907C16691E00020BEA009F103E34CA49
:10AC600039907C16693E00020BEA203E34907C0A43
:10AC7000691E00020BEA002D13907C06695E00023B
:10AC80000BEA402E540003693200020B2A209AFD81
:10AC9000FFBE1BFD02AD41907C16693E00020BEA2F
:10ACA000203E343E34CA39907C06691E00020BEA0D
:10ACB000002E14000B693000020B0A207D133E1495
:10ACC0003E14907C06695E00020BEA402E5400039D
:10ACD000693200020B2A202D31907C0A691E000285
:10ACE0000BEA009AFDFFBE1BFD907C0E691E000260
:10ACF0000BEA00693000020B0A20907C16691E00E6
:10AD0000020BEA009F103E343E34CA39907C16692B
:10AD10003E00020BEA203E343E34907C0A691E005D
:10AD2000020BEA002D13907C06695E00020BEA40DC
:10AD30002E540003693200020B2A209AFDFFBE1B2D
:10AD4000FD74F7907C06691E00020BEA007E0B7012
:10AD50005C7B7A0B706D22907C120BEA30BD3268FE
:10AD60000302ADF7907C06693E00020BEA207E1BD1
:10AD7000B0BEB00B780C7E340002907C141BEA301D
:10AD800080757402907C06691E00020BEA007E0B3F
:10AD9000704C7B7A0B70907C06691E00020BEA00F7
:10ADA000907C0E695E00020BEA40693200020B2AB9
:10ADB0002012A00B907C0E693E00020BEA20695124
:10ADC00000020B1A40907C06691E00020BEA002E5E
:10ADD00014000F693000020B0A202F127930000294
:10ADE0001B0A2074FD907C06691E00020BEA007E9F
:10ADF0000B705C7B7A0B70907C140BEA30AA907F0E
:10AE00008A1BEA30907F861BEA00791E0002907F41
:10AE100086693E00020BEA204D236804740180011C
:10AE2000E47E146E797E0400FE7E3402259AFE2BA9
:10AE300031907F8C691E00020BEA00907F86693E8C
:10AE400000020BEA202E340003791100021B1A00C5
:10AE5000E4907F86693E00020BEA207A1BB0907F67
:10AE60008A0BEA10907F86693E00020BEA200B34C1
:10AE70001B1A109F00907F86693E00020BEA202E6D
:10AE8000340007791100021B1A009F00907F866929
:10AE90003E00020BEA202E34000B791100021B1A2F
:10AEA00000907F90691E00020BEA00907F86693E49
:10AEB00000020BEA202E34000F791100021B1A0049
:10AEC000907F90691E00020BEA00907F86693E0029
:10AED000020BEA202E340013791100021B1A006DB8
:10AEE00033AA9087491BEA30908748F07E1400000F
:10AEF0007E040001908748E09087490BEA300A36CB
:10AF00009AFCCB4D7E1400007E04000174F0908703
:10AF1000490BEA309AFCCB4D2290851A1BEA3090FF
:10AF20008519F0740190851CF0E490851DF0E49083
:10AF3000851EF0740A90851FF002AFD36D119085C5
:10AF40001FE01A3B7E2400059AFD9E6DBD21782CE2
:10AF50007E1400007E040001908519E090851A0B94
:10AF6000EA300A369AFCCB4D7E1400007E040001C4
:10AF700074F090851A0BEA309AFCCB4D7E140000D9
:10AF80007E040001908519E09AFCCBE490851DF0C9
:10AF90007E1400007E04000174F09AFCCBE49085DE
:10AFA0001EF090851DE00A3B7C676C7790851EE063
:10AFB0000A2B4D2390851A0BEA30BD327807E490B6
:10AFC000851CF0801A90851F7EEBA07E70017CBAF4
:10AFD0009CB7F090851FE0BEB000680302AF3C90C4
:10AFE000851CE02290874BF07E1400007E04000157
:10AFF00090874BE09AFCCBE490874CF07E140000E5
:10B000007E04000174F09AFCCBE490874DF09087A9
:10B010004CE00A2B7C456C5590874DE00A3B4D3245
:10B02000229084851BEA00791E0002E4908489F056
:10B030006D3390848A1BEA30740190848CF0745CC8
:10B04000900004F0908485691E00020BEA002E1423
:10B050000005693000020B0A20900005793E0002CD
:10B060001BEA20908485693E00020BEA200B1A300F
:10B070009000001BEA30908485693E00020BEA20B4
:10B080000B350B1A309000021BEA30E412AFE4904B
:10B09000848A1BEA3090848A0BEA207E341324BD14
:10B0A00023681C90848A0BEA207E341311BD236828
:10B0B0000E90848A0BEA207E341313BD237807E4B4
:10B0C00090848CF080139084897EEBA074012CAB6B
:10B0D0007AEBA07414BCAB28B290848CE0AA907870
:10B0E000931BEA00791E00026D339078971BEA30BB
:10B0F0006D339078991BEA306D3390789B1BEA3062
:10B100006D3390789D1BEA306D3390789F1BEA3049
:10B110006D339078A11BEA306D339078A31BEA3031
:10B12000E49078A5F0E49078A6F06D339078A71BB2
:10B13000EA30907893693E00020BEA202E34000634
:10B140000B1A309078A91BEA30907893693E000280
:10B150000BEA202E34000A0B1A309078AB1BEA3031
:10B16000907893693E00020BEA202E34000E0B1AF1
:10B17000309078AD1BEA30907893693E00020BEA7C
:10B18000202E3400120B1A309078AF1BEA309078E2
:10B1900093693E00020BEA202E3400160B1A309001
:10B1A00078B11BEA30907893693E00020BEA202EBA
:10B1B00034001A0B1A309078B31BEA3090789369F8
:10B1C0003E00020BEA202E34001E0B1A309078B598
:10B1D0001BEA30907893693E00020BEA202E34007F
:10B1E000220B1A309078B71BEA3074FE7E34BEEF23
:10B1F00012AEE2740C7E34000312AEE2E412AFE44D
:10B200009078A71BEA309078A70BEA207E341324AD
:10B21000BD2368359078A70BEA207E341311BD2337
:10B2200068279078A70BEA207E341313BD23681992
:10B230009078A67EEBA074012CAB7AEBA07414BCC2
:10B24000AB40B974019078A5F002BAAC9078B10B1C
:10B25000EA207E340078BD2338229078B10BEA30A2
:10B260003E343E3490789F1BEA307E240002907872
:10B27000970BEA304E70021BEA30804E9078B10B8B
:10B28000EA207E3400F0BD2338209078B10BEA30FC
:10B290003E3490789F1BEA307E2400019078970B13
:10B2A000EA304E70011BEA3080209078B10BEA2022
:10B2B0007E3401E0BD2338129078B10BEA309078EB
:10B2C0009F1BEA309078970BEA309078AF0BEA201A
:10B2D0007E3400BCBD2338229078AF0BEA303E3478
:10B2E0003E3490789D1BEA307E2400089078970BBE
:10B2F000EA304E70081BEA30804E9078AF0BEA209F
:10B300007E340178BD2338209078AF0BEA303E348C
:10B3100090789D1BEA307E2400049078970BEA30E9
:10B320004E70041BEA3080209078AF0BEA207E3408
:10B3300002F0BD2338129078AF0BEA3090789D1B55
:10B34000EA309078970BEA3090789D0BEA207E34B3
:10B35000034E9D329000211BEA309078A70BEA2023
:10B360007E341324BD23680302B4E474077E34835F
:10B370008812AF197CAB9078A5E02CBAF090002130
:10B380000BEA3090789D0BEA202D239078B10BEAE0
:10B39000107E3400022D31AD327E0800042F017E74
:10B3A00034FCC07E24019B9AFD9F0C9078991BEA87
:10B3B000309078990BEA207E3401F4BD23280A7E70
:10B3C0003401F49078991BEA309078990BEA209038
:10B3D00078AD0BEA30BD32280C9078990BEA3090AA
:10B3E00078AD1BEA309078AD0BEA106D007E34FC2E
:10B3F000C07E24019B9AFD9F0C7E0800049F109044
:10B4000000210BEA0090789D0BEA102D106D009A38
:10B41000FD9F0C9078B10BEA209D329000841BEACE
:10B42000309000840BEA207E347E20BD23180E90DD
:10B4300000840BEA207E340002BD2358349000843F
:10B440000BEA207E340002BD2358067E34000280C1
:10B450001A9000840BEA207E347E20BD2308067EED
:10B46000347E2080069000840BEA309000841BEA32
:10B47000309078AD0BEA106D007E34FCC07E240164
:10B480009B9AFD9F0C7E0800049F109000840BEA9D
:10B49000009078B10BEA102D106D009AFD9F0C9072
:10B4A000789D0BEA209D329000211BEA309000210C
:10B4B0000BEA207E34003DBD2358067E34003D80DB
:10B4C0001A9000210BEA207E3403FFBD2308067E7C
:10B4D0003403FF80069000210BEA309000211BEA24
:10B4E0003002B6489000210BEA3090789D0BEA209C
:10B4F0002D239078B10BEA107E3400042D31AD324B
:10B500007E0800042F017E34FCC07E24019B9AFD3E
:10B510009F0C9078991BEA309078990BEA207E3442
:10B5200001F4BD23280A7E3401F49078991BEA3097
:10B530009078990BEA209078AD0BEA30BD32280C58
:10B540009078990BEA309078AD1BEA309078AD0B8B
:10B55000EA106D007E34FCC07E24019B9AFD9F0C96
:10B560007E0800049F109000210BEA0090789D0B4C
:10B57000EA102D106D009AFD9F0C9078B10BEA2017
:10B580009D329000841BEA309000840BEA207E34C8
:10B590000BB8BD23180E9000840BEA207E34000403
:10B5A000BD2358349000840BEA207E340004BD2370
:10B5B00058067E340004801A9000840BEA207E3402
:10B5C0000BB8BD2308067E340BB880069000840BB0
:10B5D000EA309000841BEA309078AD0BEA106D00E1
:10B5E0007E34FCC07E24019B9AFD9F0C7E080004E3
:10B5F0009F109000840BEA009078B10BEA102D1098
:10B600006D009AFD9F0C90789D0BEA209D32900072
:10B61000211BEA309000210BEA207E34002BBD2351
:10B6200058067E34002B801A9000210BEA207E34CD
:10B6300003FFBD2308067E3403FF80069000210B24
:10B64000EA309000211BEA309000840BEA309078B9
:10B65000B10BEA202D237E3400029D239078AB0BA2
:10B66000EA30BD32281A9000840BEA209078B10BA2
:10B67000EA302D327E2400029D329078AB1BEA30F6
:10B6800090789D0BEA207E3402F09D321E34907833
:10B690009B1BEA3090789B0BEA306D229D239078BB
:10B6A000B30BEA30BD32580E90789B0BEA306E3403
:10B6B000FFFF0B34801E90789B0BEA209078B30B31
:10B6C000EA30BD32080890789B0BEA30800690780B
:10B6D000B30BEA309078B31BEA307E2400019078F7
:10B6E0009B0BEA302D321BEA309078B30BEA306DB9
:10B6F000229D2390789B0BEA302D329078A11BEA93
:10B700003090789F0BEA207E3401E09D321E349009
:10B71000789B1BEA3090789B0BEA306D229D23903A
:10B7200078B50BEA30BD32580E90789B0BEA306E3C
:10B7300034FFFF0B34801E90789B0BEA209078B585
:10B740000BEA30BD32080890789B0BEA30800690F7
:10B7500078B50BEA309078B51BEA307E240004906F
:10B76000789B0BEA302D321BEA309078B50BEA203B
:10B7700090789B0BEA302D329078A31BEA30741B33
:10B780007E34000112AF197CAB9078A5E02CBAF0A2
:10B7900074019078A10BEA3012AF197CAB9078A5B8
:10B7A000E02CBAF074029078A30BEA3012AF197C47
:10B7B000AB9078A5E02CBAF0740390789F0BEA3038
:10B7C00012AF197CAB9078A5E02CBAF07404907895
:10B7D0009D0BEA3012AF197CAB9078A5E02CBAF043
:10B7E00074059000210BEA3012AF197CAB9078A55C
:10B7F000E02CBAF074069000840BEA3012AF197C8A
:10B80000AB9078A5E02CBAF0740A7E34016412AFD4
:10B81000197CAB9078A5E02CBAF074087E3401BB9B
:10B8200012AF197CAB9078A5E02CBAF074097E3485
:10B8300001D912AF197CAB9078A5E02CBAF06D223B
:10B840009078A90BEA30BD327814740B9078AB0B6A
:10B85000EA3012AF197CAB9078A5E02CBAF0740DE9
:10B860009078970BEA207E3403304D3212AF197C6A
:10B87000AB9078A5E02CBAF074317E34002712AF7B
:10B88000197CAB9078A5E02CBAF074327E34001AA3
:10B8900012AF197CAB9078A5E02CBAF074337E34EB
:10B8A000000512AF197CAB9078A5E02CBAF0743586
:10B8B0009078B70BEA3012AF197CAB9078A5E02CEA
:10B8C000BAF09078A70BEA207E341324BD23786465
:10B8D00074729078970BEA207E340004BD323806EB
:10B8E0007E34000180026D333E343E343E343E34BB
:10B8F00012AF197CAB9078A5E02CBAF0740F7E34AF
:10B90000010112AF197CAB9078A5E02CBAF0744716
:10B910007E34008112AF197CAB9078A5E02CBAF090
:10B9200074487E3400EC12AF197CAB9078A5E02C03
:10B93000BAF08036740F7E34001112AF197CAB90D0
:10B9400078A5E02CBAF074477E34008112AF197CE0
:10B95000AB9078A5E02CBAF074487E3400E712AFC3
:10B96000197CAB9078A5E02CBAF074077E3403887C
:10B9700012AF197CAB9078A5E02CBAF0741C7E3421
:10B98000030312AF197CAB9078A5E02CBAF0742CAD
:10B990007E34000312AF197CAB9078A5E02CBAF08E
:10B9A0006D229078A90BEA30BD32781374AF6D33F5
:10B9B00012AF197CAB9078A5E02CBAF002BA7D7476
:10B9C000A59078A90BEA3012AF197CAB9078A5E06E
:10B9D0002CBAF074A67E34000212AF197CAB9078BA
:10B9E000A5E02CBAF074A87E34000212AF197CAB2B
:10B9F0009078A5E02CBAF074B0CAB89078B10BEA90
:10BA0000209078AF0BEA30AD327E0800049AFD9F9B
:10BA10000C6D117E040001BF1058189078B10BEA2C
:10BA2000209078AF0BEA30AD327E0800049AFD9F7B
:10BA30000C80047E18FFFFDAB812AF197CAB907847
:10BA4000A5E02CBAF074AE7E34001412AF197CABB2
:10BA50009078A5E02CBAF074AF7E34010112AF19D2
:10BA60007CAB9078A5E02CBAF074AD9078AB0BEA83
:10BA70003012AF197CAB9078A5E02CBAF09078A981
:10BA80000BEA309000A51BEA309078AB0BEA3090BF
:10BA900000631BEA309078B10BEA309000421BEA59
:10BAA0003074FE7E34DEAD12AEE2800C9078A5E0FC
:10BAB000BEB000780302B24C9078A5E0AA90874E01
:10BAC0001BEA307401908750F09000420BEA3090EE
:10BAD00000840BEA202D237E3400029D2390874EA4
:10BAE0000BEA30BD3228169000420BEA2090008409
:10BAF0000BEA302D327E2400029D32800690874E64
:10BB00000BEA309000631BEA3074FE7E34BEEF1205
:10BB1000AEE29000A50BEA206D33BD23680474AD3E
:10BB20008002740B9000630BEA3012AF19908750BB
:10BB3000F074FE7E34DEAD12AEE2908750E0AA9043
:10BB400086D21BEA309086D1F074019086D4F074CE
:10BB5000FE7E34BEEF12AEE29086D1E09086D20B2C
:10BB6000EA3012AF199086D4F074FE7E34DEAD1246
:10BB7000AEE29086D4E0AAE47E34FA727E24007E9F
:10BB80007A1BB074019000C6F0AAA2B3E433BEB031
:10BB9000017820D3D2C1D3D2FBC3C2C3C3C2B7D3AF
:10BBA000D2B7C3C2B7D3D2B7D3D2C374019000E720
:10BBB000F080219000E7E0BEB0006813C3C2C174FA
:10BBC000897E34FA717E24007E7A1BB0C3C2FBE406
:10BBD0009000E7F0AA90826AF09082661BEA2079D2
:10BBE0003E00029082621BEA00791E00027E146F02
:10BBF000237E0400FE9AFD93C77E14FE507E04004F
:10BC00007E7E0B707A0B70E47E34FE517E24007EC3
:10BC10007A1BB074207E14FE517E04007E7E0B7071
:10BC20004C7B7A0B707E14FE517E04007E7E0B707E
:10BC30007A0B707E14FE517E04007E7E0B707A0BB0
:10BC400070E47E34FE537E24007E7A1BB074907EB6
:10BC500034FE527E24007E7A1BB090826AE07E34ED
:10BC6000FE567E24007E7A1BB090826B7EEB303EC7
:10BC7000303E307E20804C2390826C7EEB304C3204
:10BC80007E34FA707E24007E7A1B30E47E34FA72B1
:10BC90007E24007E7A1BB07E080001908266693E99
:10BCA00000020BEA209F107D130A127E34FA867E72
:10BCB00024007E7A1B307E180001908266691E0087
:10BCC000020BEA009F017E34FA737E24007E7A1B09
:10BCD00030908262693E00020BEA207D130A127ED8
:10BCE00034FA777E24007E7A1B30908262693E00AF
:10BCF000020BEA207D137E34FA787E24007E7A1BC4
:10BD000030E47E34FA7E7E24007E7A1BB0E47E34FA
:10BD1000FA7F7E24007E7A1BB0AA9084281BEA203A
:10BD2000793E00029084241BEA00791E0002E49010
:10BD3000842CF0801D908424693E00020BEA207E52
:10BD40001BA00B34793E00021BEA2090842CE02CCF
:10BD5000BAF0908428693E00020BEA207E28000198
:10BD60007F019F02791E00021BEA004D2378C690D6
:10BD7000842CE022907F701BEA20907F6FF0907FF0
:10BD80006B1BEA00791E0002907F691BEA309F114D
:10BD9000907F74793E00021BEA2074AA906E0DF029
:10BDA0007402906E0EF0907F6B693E00020BEA20E9
:10BDB0004D2368046D3380047E3400013E343E34EC
:10BDC0003E343E34907F690BEA2074053E2414789B
:10BDD000FB7CA54CA7907F6FE04CBA906E0FF0747F
:10BDE00008906E10F0907F700BEA307C676C777E65
:10BDF00024FF005D23907F700BEA300A364D3290AD
:10BE00006E111BEA30907F720BEA307C676C777E94
:10BE100024FF005D23907F720BEA300A364D32908A
:10BE20006E131BEA307E146E0D7E0400017E180036
:10BE3000089084F9695E00020BEA409928907F69B6
:10BE40000BEA301B35682A1B3468420B35785A9050
:10BE50007F720BEA30907F700BEA20AD321E341EE9
:10BE6000341E346D22907F74793E00021BEA2080DC
:10BE700038907F720BEA30907F700BEA20AD326D04
:10BE800022907F74793E00021BEA20801C907F7212
:10BE90000BEA30907F700BEA20AD323E346D229079
:10BEA0007F74793E00021BEA20907F6B693E00029E
:10BEB0000BEA204D236820907F6B691E00020BEA7D
:10BEC00000907F74693E00020BEA209084F9695E5D
:10BED00000020BEA409928AA90833E1BEA20908337
:10BEE0003A1BEA00791E00029083381BEA3074AADC
:10BEF000906D58F07403906D59F07408906D5BF07C
:10BF00009083380BEA30906DCB1BEA3090833A690E
:10BF10003E00020BEA20906DC3793E00021BEA202E
:10BF200090833E0BEA30906DC71BEA309083400B44
:10BF3000EA30906DC91BEA30AA9077C91BEA0079F4
:10BF40001E0002E49077CDF0E49077CEF07E346965
:10BF5000AD7E2400FE7E1477CF7E04000174249A07
:10BF6000FD9F429077C9693E00020BEA200B347EA8
:10BF70001BA0740F5CBA9077D0F0E49077CEF002FB
:10BF8000C0659077CE7EEB707404ACB79077C969CA
:10BF90003E00020BEA202D352E3400077E1B509008
:10BFA00077CE7EEB407404ACB47E3477D32D357AF3
:10BFB00071827A61837AEB509077CE7EEB70740455
:10BFC000ACB79077C9693E00020BEA202D352E34BC
:10BFD00000067E1B309077CE7EEB207404ACB27EE0
:10BFE0003477D32D357E2400010B347A1B309077C3
:10BFF000CE7EEB707404ACB79077C9693E00020B3B
:10C00000EA202D352E3400057E1B309077CE7EEB56
:10C01000207404ACB27E3477D32D357E2400010B1E
:10C02000357A1B309077CE7EEB707404ACB7907786
:10C03000C9693E00020BEA202D350B367E1B30907D
:10C0400077CE7EEB207404ACB27E3477D32D357E70
:10C050002400012E3400037A1B309077CE7EEBA0B3
:10C0600074012CBAF09077D07EEBA09077CEE0BC34
:10C07000BA500302BF8274AA9077CFF09077D0E0D5
:10C080000A5B7E4400089D453E443E447E540024A5
:10C090009D549077CDF09077CDE09077D2F07EA050
:10C0A000109077D0E04CBAF0E49077D1F07E14771E
:10C0B000CF7E0400019077CDE00A3B6D2212BD1ABD
:10C0C0009077D1F09077CDE00A3B6D227E1477CF48
:10C0D0007E0400019084F9695E00020BEA40992811
:10C0E000AA9085431BEA00791E00026D33908548B3
:10C0F0001BEA30906D5C0BEA309085481BEA30906B
:10C1000085480BEA307C676C777E24FF005D2390C6
:10C1100085480BEA300A364D329085481BEA30904C
:10C120006D5AE00A3B7E2400205D236D33BD2368F9
:10C130000F7E3400029085480BEA20AD321BEA30B6
:10C140007E146D587E0400017E1800089084F96901
:10C150005E00020BEA409928E4908547F002C21F76
:10C160009085477EEB707404ACB7908543691E00E0
:10C17000020BEA002D152E14000A693000020B0A8A
:10C18000204D2368359085477EEB707404ACB790E2
:10C190008543693E00020BEA202D352E34000A69E2
:10C1A0001100020B1A009085480BEA306D22908432
:10C1B000F9695E00020BEA4099289085477EEB7092
:10C1C0007404ACB7908543691E00020BEA002D157C
:10C1D0002E14002A693000020B0A204D2368359086
:10C1E00085477EEB707404ACB7908543693E0002CE
:10C1F0000BEA202D352E34002A691100020B1A009B
:10C200009085480BEA306D229084F9695E00020B3C
:10C21000EA4099289085477EEBA074012CBAF090F3
:10C2200085477EEBA07408BCAB500302C160AA90A6
:10C230007ABD1BEA00791E0002907ABB1BEA2090AF
:10C240007AB91BEA30E4907AD5F0E4907AD6F0E43B
:10C25000907AD7F0907ABB0BEA307C676C777E24BB
:10C26000FF005D23907ABB0BEA300A364D32906DA9
:10C270005C1BEA30E4906D5EF0E4907AD5F0804982
:10C280009F00907AD57EEB707404ACB77E346DCD90
:10C290002D357A71827A6183791E00021BEA009F34
:10C2A00000907AD57EEB707404ACB77E346DED2DC2
:10C2B000357A71827A6183791E00021BEA00907AD6
:10C2C000D57EEBA074012CBAF0907AD57EEBA074E9
:10C2D00003BCAB40AB907AB90BEA301B3478030255
:10C2E000C3F71B34780302C4FE0B35680302C6ACE7
:10C2F000907ABD693E00020BEA204D236841907A96
:10C30000D67EEBA074012CBAF07EA001906D5EE0A9
:10C310004CBAF0907ABD691E00020BEA00907AD503
:10C320007EEB7074012CB7F07404ACB77E346DCD25
:10C330002D357A71827A6183791E00021BEA0090A2
:10C340007AC1693E00020BEA204D236841907AD6FB
:10C350007EEBA074012CBAF07EA002906D5EE04CE2
:10C36000BAF0907AC1691E00020BEA00907AD57E7D
:10C37000EB7074012CB7F07404ACB77E346DCD2D26
:10C38000357A71827A6183791E00021BEA00907A05
:10C39000C5693E00020BEA204D236841907AD67EA3
:10C3A000EBA074012CBAF07EA004906D5EE04CBA54
:10C3B000F0907AC5691E00020BEA00907AD57EEBF8
:10C3C0007074012CB7F07404ACB77E346DCD2D358C
:10C3D0007A71827A6183791E00021BEA00906DC92E
:10C3E0000BEA207E3400FFBD32400302C6AC74016C
:10C3F000907AD7F002C6AC907AC9693E00020BEA87
:10C40000204D236841907AD67EEBA074012CBAF0BF
:10C410007EA001906D5EE04CBAF0907AC9691E0072
:10C42000020BEA00907AD57EEB7074012CB7F074A1
:10C4300004ACB77E346DED2D357A71827A618379E3
:10C440001E00021BEA00907ACD693E00020BEA2032
:10C450004D236841907AD67EEBA074012CBAF07E11
:10C46000A002906D5EE04CBAF0907ACD691E000299
:10C470000BEA00907AD57EEB7074012CB7F074044F
:10C48000ACB77E346DED2D357A71827A6183791E79
:10C4900000021BEA00907AD1693E00020BEA204DAF
:10C4A000236841907AD67EEBA074012CBAF07EA06E
:10C4B00004906D5EE04CBAF0907AD1691E00020BD8
:10C4C000EA00907AD57EEB7074012CB7F07404AC5E
:10C4D000B77E346DED2D357A71827A6183791E00D5
:10C4E000021BEA00906DC70BEA207E3400FFBD32CC
:10C4F000400302C6AC7401907AD7F002C6AC907AC1
:10C50000BD693E00020BEA204D236876907AC96926
:10C510003E00020BEA204D236868907AD67EEBA09D
:10C5200074012CBAF07EA001906D5EE04CBAF090E0
:10C530007ABD691E00020BEA00907AD57EEB70741A
:10C5400004ACB77E346DCD2D357A71827A618379F2
:10C550001E00021BEA00907AC9691E00020BEA0065
:10C56000907AD57EEB7074012CB7F07404ACB77E72
:10C57000346DED2D357A71827A6183791E00021B4C
:10C58000EA00907AC1693E00020BEA204D236876EA
:10C59000907ACD693E00020BEA204D236868907ABC
:10C5A000D67EEBA074012CBAF07EA002906D5EE006
:10C5B0004CBAF0907AC1691E00020BEA00907AD55D
:10C5C0007EEB707404ACB77E346DCD2D357A7182FC
:10C5D0007A6183791E00021BEA00907ACD691E0001
:10C5E000020BEA00907AD57EEB7074012CB7F074E0
:10C5F00004ACB77E346DED2D357A71827A61837922
:10C600001E00021BEA00907AC5693E00020BEA2078
:10C610004D236876907AD1693E00020BEA204D23C3
:10C620006868907AD67EEBA074012CBAF07EA004E4
:10C63000906D5EE04CBAF0907AC5691E00020BEA7C
:10C6400000907AD57EEB707404ACB77E346DCD2D3E
:10C65000357A71827A6183791E00021BEA00907A32
:10C66000D1691E00020BEA00907AD57EEB7074014E
:10C670002CB7F07404ACB77E346DED2D357A718231
:10C680007A6183791E00021BEA00906DC70BEA20D5
:10C690007E3400FFBD32400E906DC90BEA207E341F
:10C6A00000FFBD3250067401907AD7F0907AB90B32
:10C6B000EA3074063E341478FB7CA7907AD7E0C445
:10C6C0002354E04CAB907AD6E04CBA906D5AF0AA65
:10C6D000E4906F2EF09F11906F2F793E00021BEABD
:10C6E000207E340008906F331BEA307E3469D17E9F
:10C6F0002400FE7E146F397E04000174809AFD9F31
:10C70000429F11906FB9793E00021BEA20C3C20517
:10C71000A2AF9205C3C2AF7E146F397E0400017EC2
:10C720001800809084F5695E00020BEA4099289019
:10C730006F2F793E00021BEA20906F2F693E0002A6
:10C740000BEA204D236828906F2F693E00020BEA08
:10C7500020907DA3793E00021BEA207E146D847E2A
:10C760000400017E346F397E2400019AFDA28F02FD
:10C77000C9697E180008906F2F793E00021BEA20DD
:10C780007E346F2F7E240001907C0E793E00021BC8
:10C79000EA207E340001907C121BEA307E146D8406
:10C7A0007E0400017E346F397E2400019AFDA84189
:10C7B0007E346F397E2400017E1BB0BEB0556811F7
:10C7C0007E180001906F2F793E00021BEA2002C9FB
:10C7D0003B7E346F397E240001906F35793E000234
:10C7E0001BEA20906F35693E00020BEA202E3400D0
:10C7F000037E1BB0906F2EF0E4906F35693E00020F
:10C800000BEA202E3400037A1BB07E146F397E04AD
:10C8100000017E18000812BD1A7CAB906F2EE0BCA0
:10C82000BA680302C92D906F35693E00020BEA20F9
:10C830000B367E1B30906F35693E00020BEA200BF1
:10C84000357E1B200A227E3400019D233E243E2497
:10C850007E346DA32D327E2400012E3400037A1B1A
:10C8600030906F35693E00020BEA202E3400057EC1
:10C870001B30906F35693E00020BEA200B357E1BA2
:10C88000200A227E3400019D233E243E247E346D06
:10C89000A32D327E2400010B357A1B30906F356951
:10C8A0003E00020BEA202E3400067E1B30906F35CE
:10C8B000693E00020BEA200B357E1B200A227E34E3
:10C8C00000019D233E243E247E346DA32D327E2420
:10C8D00000010B347A1B30906F35693E00020BEA81
:10C8E000202E3400077E1B50906F35691E00020B0E
:10C8F000EA000B157E0BB07E4004ACB47E346D9F15
:10C900002D357A71827A61837AEB507401906F359C
:10C91000693E00020BEA200B357E1BA00A2A7E34FA
:10C920006D9A2D327A71827A6183F0800E7E1800C2
:10C9300001906F2F793E00021BEA207E346F2F7E1C
:10C94000240001907C0E793E00021BEA206D33909A
:10C950007C121BEA307E146D847E0400017E346FED
:10C96000397E2400019AFDA8417E146D847E040066
:10C97000019AFDA2357F01906F330BEA306D22BF23
:10C9800010380302C772A20592AFAA906DC90BEAD4
:10C9900030907F721BEA30906DCB0BEA30906DC304
:10C9A000691E00020BEA00906D5A7EEBA0740F5CCA
:10C9B000BA906DC70BEA209AFDBD74906D5A7EEB5C
:10C9C000A0740F5CBABEB000680C7E146DC37E0408
:10C9D00000019AFDC0E1AA7E346E157E240001900C
:10C9E0007F8C793E00021BEA207E180080907F90A9
:10C9F000793E00021BEA207E146D847E0400016DE6
:10CA0000339AFDADFEAA907C9F1BEA00791E0002BE
:10CA1000907C9D1BEA309F11907CA7793E00021B01
:10CA2000EA209F11907CAB793E00021BEA206D3317
:10CA3000907CAF1BEA30907CA3693E00020BEA2099
:10CA4000BE182710380474018001E47E1465B17E9D
:10CA50000400FE7E3400B69AFE2B31907C9F691E46
:10CA600000020BEA00908661693E00020BEA209A00
:10CA7000FD9EBB7D326D22907CAF1BEA30907C9F87
:10CA8000691E00020BEA00908661693E00020BEA13
:10CA9000209AFD9EBB907CAB793E00021BEA209061
:10CAA0007CAF0BEA007E1400012D10907CAB693E38
:10CAB00000020BEA209AFD9EB97E0800019F1090AB
:10CAC0007CAB793E00021BEA20907CA3693E000209
:10CAD0000BEA20BE1827106840907CA3693E000234
:10CAE0000BEA20E49AFD9DA27E1440007E04461CC1
:10CAF0009AFD9CCD7F01907CAB693E00020BEA2041
:10CB0000E49AFD9DA29AFD9C2D9AFD9DDF907CA745
:10CB1000793E00021BEA20801A7E080001907CAB5F
:10CB2000693E00020BEA202F10907CA7793E00029C
:10CB30001BEA20907CAF0BEA307D530A5A7CAB9005
:10CB40007C9D0BEA20740D0E241478FB7E340007C4
:10CB50005D321A261A242F112F117E1465F37E04DC
:10CB600000FE2F01693000020B0A207A1BA0907C86
:10CB7000AF0BEA507CAB907C9D0BEA20740D0E2429
:10CB80001478FB7E3400075D321A261A247F012FA9
:10CB9000002F007E3465F37E2400FE2F1069110003
:10CBA000020B1A007E1800012F107A1BA0907CAB9C
:10CBB000693E00020BEA207CA6907C9D0BEA207463
:10CBC0000D0E241478FB7E3400075D321A261A24D9
:10CBD0002F112F117E1466837E0400FE2F01693011
:10CBE00000020B0A207A1BA0907CAB695E00020B4E
:10CBF000EA407CAB907C9D0BEA20740D0E241478E7
:10CC0000FB7E3400075D321A261A247F012F002F85
:10CC1000007E3466837E2400FE2F10691100020B13
:10CC20001A007E1800012F107A1BA0907CA7693E85
:10CC300000020BEA207CA6907C9D0BEA20740D0E6E
:10CC4000241478FB7E3400075D321A261A247F01F3
:10CC50002F002F00907C9D0BEA307D231A240E2498
:10CC60000E240E247E3400035D321A261A242F105F
:10CC70002F112F117E1466237E0400FE2F016930D0
:10CC800000020B0A207A1BA0907CA7695E00020BB1
:10CC9000EA407CAB907C9D0BEA20740D0E24147846
:10CCA000FB7E3400075D321A261A247F012F002FE5
:10CCB00000907C9D0BEA307D231A240E240E240E56
:10CCC000247E3400035D321A261A242F107F012F90
:10CCD000002F007E3466237E2400FE2F1069110091
:10CCE000020B1A007E1800012F107A1BA0AA907F59
:10CCF000A41BEA00791E0002907FA21BEA30907FFD
:10CD0000A20BEA20740D0E241478FB7E3400075D1C
:10CD1000321A261A242F112F117E1466837E0400E6
:10CD2000FE2F01693000020B0A207E1B700A277C4F
:10CD3000456C55907FA20BEA30740D0E341478FBCD
:10CD40007E1400075D131A021A007F202F222F2263
:10CD50007E1466837E0400FE2F02695000020B0AD7
:10CD6000407E0800012F027E0B700A374D326D2283
:10CD7000907FAC793E00021BEA20907FA4693E00C0
:10CD8000020BEA20BE182710380474018001E47EEB
:10CD90001465B17E0400FE7E3400DE9AFE2B3190D5
:10CDA0007FA4693E00020BEA20BE1827106840905D
:10CDB0007FA4693E00020BEA20E49AFD9DA27E1446
:10CDC00040007E04461C9AFD9CCD7F01907FAC699B
:10CDD0003E00020BEA20E49AFD9DA29AFD9C2D9A4A
:10CDE000FD9DDF907FA8793E00021BEA20801A7E1D
:10CDF000080001907FAC693E00020BEA202F1090E2
:10CE00007FA8793E00021BEA20907FA8693E0002BD
:10CE10000BEA207CA6907FA20BEA20740D0E24144E
:10CE200078FB7E3400075D321A261A247F012F001A
:10CE30002F00907FA20BEA307D231A240E240E24AB
:10CE40000E247E3400035D321A261A242F102F116F
:10CE50002F117E1466237E0400FE2F01693000022C
:10CE60000B0A207A1BA0907FA8695E00020BEA40A3
:10CE70007CAB907FA20BEA20740D0E241478FB7E0D
:10CE80003400075D321A261A247F012F002F0090EC
:10CE90007FA20BEA307D231A240E240E240E247E5A
:10CEA0003400035D321A261A242F107F012F002F21
:10CEB000007E3466237E2400FE2F10691100020BD1
:10CEC0001A007E1800012F107A1BA0AA907DAF1BBC
:10CED000EA00791E0002907DAD1BEA306D33907D33
:10CEE000B71BEA309F11907DB9793E00021BEA2002
:10CEF0006D33907DBD1BEA30907DB3693E00020B1F
:10CF0000EA20BE182710380474018001E47E1465FD
:10CF1000B17E0400FE7E3401009AFE2B31907DAD7F
:10CF20000BEA207E3400FF5D327E24000174017E16
:10CF30001400109AFD5856907DAF691E00020BEA4E
:10CF400000908661693E00020BEA209AFD9EBB7D3F
:10CF5000326D22907DBD1BEA30907DAF691E0002CC
:10CF60000BEA00908661693E00020BEA209AFD9E62
:10CF7000BB907DB9793E00021BEA20907DBD0BEA93
:10CF8000007E1400012D10907DB9693E00020BEA6D
:10CF9000209AFD9EB97E0800019F10907DB9793ED0
:10CFA00000021BEA20907DB3693E00020BEA20BE1E
:10CFB000182710683C907DB3693E00020BEA20E41C
:10CFC0009AFD9DA27E1440007E04461C9AFD9CCDD5
:10CFD0007F01907DB9693E00020BEA20E49AFD9D35
:10CFE000A29AFD9C2D9AFD9DDF907DB71BEA3080B3
:10CFF00018907DB9693E00020BEA207D237E340043
:10D00000012D32907DB71BEA30907DBD0BEA307D5B
:10D01000530A5A7CAB907DAD0BEA20740D0E24149C
:10D0200078FB7E3400075D321A261A242F112F1147
:10D030007E1465F37E0400FE2F01693000020B0AA6
:10D04000207A1BA0907DBD0BEA507CAB907DAD0B90
:10D05000EA20740D0E241478FB7E3400075D321A2A
:10D06000261A247F012F002F007E3465F37E2400D2
:10D07000FE2F10691100020B1A007E1800012F10FC
:10D080007A1BA0907DB9693E00020BEA207CA69035
:10D090007DAD0BEA20740D0E241478FB7E3400075E
:10D0A0005D321A261A242F112F117E1466837E04F6
:10D0B00000FE2F01693000020B0A207A1BA0907D30
:10D0C000B9695E00020BEA407CAB907DAD0BEA20B3
:10D0D000740D0E241478FB7E3400075D321A261A74
:10D0E000247F012F002F007E3466837E2400FE2FD4
:10D0F00010691100020B1A007E1800012F107A1B14
:10D10000A0907DB70BEA307D530A5A7CAB907DAD81
:10D110000BEA20740D0E241478FB7E3400075D3278
:10D120001A261A247F012F002F00907DAD0BEA30C4
:10D130007D231A240E240E240E247E3400035D3237
:10D140001A261A242F102F112F117E1466237E0405
:10D1500000FE2F01693000020B0A207A1BA0907D8F
:10D16000B70BEA507CAB907DAD0BEA20740D0E241A
:10D170001478FB7E3400075D321A261A247F012FB3
:10D18000002F00907DAD0BEA307D231A240E240E73
:10D19000240E247E3400035D321A261A242F107FB9
:10D1A000012F002F007E3466237E2400FE2F10699D
:10D1B0001100020B1A007E1800012F107A1BA0909C
:10D1C0007DAD0BEA307D531A5A0E540E547E440046
:10D1D000015D453E44907DAD0BEA507D351A360E1B
:10D1E000340E340E347E5400015D533E543E542DB3
:10D1F000547E34000160053E341478FB7C67907DDA
:10D20000AD0BEA00740D0E041478FB7E1400075D6C
:10D21000101A021A007F202F22907DAD0BEA207D8C
:10D22000021A000E040E040E047E1400035D100E9C
:10D23000141A021A002F022F002F007E5466E37E7C
:10D240004400FE2F20691200020B2A007E0B704C56
:10D25000767A0B707E6060907DAD0BEA00740D0EE7
:10D26000041478FB7E1400075D101A021A007F2058
:10D270002F222F22907DAD0BEA207D021A000E0492
:10D280000E040E047E1400035D101A021A002F0211
:10D290002F002F007E54672B7E4400FE2F20691242
:10D2A00000020B2A007E0B704C767A0B707E6008B1
:10D2B000907DAD0BEA00740D0E041478FB7E140013
:10D2C000075D101A021A007F202F222F22907DADB9
:10D2D0000BEA207D021A000E040E040E047E1400D8
:10D2E000035D101A021A002F022F002F007E5467D0
:10D2F0002B7E4400FE2F20691200020B2A007E0BB9
:10D30000704C767A0B70907DAD0BEA307D531A5AD3
:10D310000E540E540E547E4400035D453E44907DF1
:10D32000AD0BEA507D351A360E340E347E540001B2
:10D330005D532D547E34000160053E341478FB7C2F
:10D3400067907DAD0BEA00740D0E041478FB7E141B
:10D3500000075D101A021A002F002F007E54660B82
:10D360007E4400FE2F20691200020B2A007E0B7003
:10D370004C767A0B70907DAD0BEA307D431A480EE7
:10D38000440E440E447E5400035D543E54907DADE3
:10D390000BEA307D231A247E3400035D3260053EA3
:10D3A000341478FB7C67907DAD0BEA00740D0E049D
:10D3B0001478FB7E1400075D101A021A002F002F4C
:10D3C000007E54669B7E4400FE2F20691200020BF3
:10D3D0002A007E0B704C767A0B707E6080907DAD5B
:10D3E0000BEA00740D0E041478FB7E1400075D1028
:10D3F0001A021A002F002F007E5465DB7E4400FEC7
:10D400002F20691200020B2A007E0B704C767A0BDB
:10D41000707E6001907DAD0BEA00740D0E041478EF
:10D42000FB7E1400075D101A021A002F002F007EE9
:10D430005467137E4400FE2F20691200020B2A005D
:10D440007E0B704C767A0B70AACA7BCA6BCA5BCA19
:10D450004BCA2BCA1BCA0BC0D0C083C0827E34FA11
:10D460003A7E24007E7E1BB030E05B74FE7E14FAB0
:10D470003A7E04007E7E0B705C7B7A0B706D339A73
:10D48000FCD1F29077F3E0BEB07F78179087AE7E44
:10D49000EBA074012CBAF07414BCAB280B7460F5CB
:10D4A000C78005E49087AEF09077FB693E00020BE1
:10D4B000EA204D2368109077F3E09077FB693E00F7
:10D4C000020BEA2099187E34FA3A7E24007E7E1BF5
:10D4D000B030E11874FD7E14FA3A7E04007E7E0BB3
:10D4E000705C7B7A0B706D339AFCD1F2D082D08362
:10D4F000D0D0DA0BDA1BDA2BDA4BDA5BDA6BDA7BB9
:10D5000032CA7BCA6BCA5BCA4BCA2BCA1BCA0BC0C6
:10D51000D0C083C0827E34FA4A7E24007E7E1BB057
:10D5200030E03874FE7E14FA4A7E04007E7E0B7072
:10D530005C7B7A0B707E3400019AFCD1F29077FF0D
:10D54000693E00020BEA204D2368109077F4E090CA
:10D5500077FF693E00020BEA2099187E34FA4A7E72
:10D5600024007E7E1BB030E11A74FD7E14FA4A7EE0
:10D5700004007E7E0B705C7B7A0B707E3400019A17
:10D58000FCD1F2D082D083D0D0DA0BDA1BDA2BDADE
:10D590004BDA5BDA6BDA7B32CA7BCA6BCA5BCA4B8B
:10D5A000CA2BCA1BCA0BC0D0C083C0827E34FA5AB1
:10D5B0007E24007E7E1BB030E03874FE7E14FA5A62
:10D5C0007E04007E7E0B705C7B7A0B707E340002E2
:10D5D0009AFCD1F2907803693E00020BEA204D23B9
:10D5E00068109077F5E0907803693E00020BEA201E
:10D5F00099187E34FA5A7E24007E7E1BB030E11AE0
:10D6000074FD7E14FA5A7E04007E7E0B705C7B7A79
:10D610000B707E3400029AFCD1F2D082D083D0D03D
:10D62000DA0BDA1BDA2BDA4BDA5BDA6BDA7B32CA2B
:10D630007BCA6BCA5BCA4BCA2BCA1BCA0BC0D0C001
:10D6400083C0827E34FA6A7E24007E7E1BB030E086
:10D650003874FE7E14FA6A7E04007E7E0B705C7B5A
:10D660007A0B707E3400039AFCD1F2907807693E01
:10D6700000020BEA204D2368109077F6E0907807BF
:10D68000693E00020BEA2099187E34FA6A7E240073
:10D690007E7E1BB030E11A74FD7E14FA6A7E0400AF
:10D6A0007E7E0B705C7B7A0B707E3400039AFCD11B
:10D6B000F2D082D083D0D0DA0BDA1BDA2BDA4BDA55
:10D6C0005BDA6BDA7B32CA7BCA6BCA5BCA4BCA2B8A
:10D6D000CA1BCA0BC0D0C083C0827E34F7627E24CE
:10D6E000007E7E1BB030E03874FE7E14F7627E044C
:10D6F000007E7E0B705C7B7A0B707E3400049AFC9B
:10D70000D1F290780B693E00020BEA204D2368109D
:10D710009077F7E090780B693E00020BEA209918A9
:10D720007E34F7627E24007E7E1BB030E11A74FDE9
:10D730007E14F7627E04007E7E0B705C7B7A0B7039
:10D740007E3400049AFCD1F2D082D083D0D0DA0BA0
:10D75000DA1BDA2BDA4BDA5BDA6BDA7B32CA7BCA9A
:10D760006BCA5BCA4BCA2BCA1BCA0BC0D0C083C0D2
:10D77000827E34F7927E24007E7E1BB030E03874C7
:10D78000FE7E14F7927E04007E7E0B705C7B7A0B2B
:10D79000707E3400059AFCD1F290780F693E000249
:10D7A0000BEA204D2368109077F8E090780F693EDF
:10D7B00000020BEA2099187E34F7927E24007E7EC8
:10D7C0001BB030E11A74FD7E14F7927E04007E7E59
:10D7D0000B705C7B7A0B707E3400059AFCD1F2D022
:10D7E00082D083D0D0DA0BDA1BDA2BDA4BDA5BDAB1
:10D7F0006BDA7B32CA7BCA6BCA5BCA4BCA2BCA1BA9
:10D80000CA0BC0D0C083C0827E34F7C27E24007EA3
:10D810007E1BB030E03874FE7E14F7C27E04007EBA
:10D820007E0B705C7B7A0B707E3400069AFCD1F222
:10D83000907813693E00020BEA204D236810907720
:10D84000F9E0907813693E00020BEA2099187E34C3
:10D85000F7C27E24007E7E1BB030E11A74FD7E1478
:10D86000F7C27E04007E7E0B705C7B7A0B707E3488
:10D8700000069AFCD1F2D082D083D0D0DA0BDA1B2A
:10D88000DA2BDA4BDA5BDA6BDA7B32CA7BCA6BCA29
:10D890005BCA4BCA2BCA1BCA0BC0D0C083C0827ED6
:10D8A00034F7F27E24007E7E1BB030E03874FE7EBA
:10D8B00014F7F27E04007E7E0B705C7B7A0B707E28
:10D8C0003400079AFCD1F2907817693E00020BEA07
:10D8D000204D2368109077FAE0907817693E000297
:10D8E0000BEA2099187E34F7F27E24007E7E1BB06E
:10D8F00030E11A74FD7E14F7F27E04007E7E0B7018
:10D900005C7B7A0B707E3400079AFCD1F2D082D017
:10D9100083D0D0DA0BDA1BDA2BDA4BDA5BDA6BDA8C
:10D920007B32CA7BCA6BCA5BCA4BCA2BCA1BCA0BE7
:10D93000C0D0C083C0825388DF907525693E000245
:10D940000BEA204D23680C907525693E00020BEA16
:10D95000209918D082D083D0D0DA0BDA1BDA2BDAF8
:10D960004BDA5BDA6BDA7B32CA7BCA6BCA5BCA4BB7
:10D97000CA2BCA1BCA0BC0D0C083C08253887F90F9
:10D980007529693E00020BEA204D23680C90752929
:10D99000693E00020BEA209918D082D083D0D0DAF9
:10D9A0000BDA1BDA2BDA4BDA5BDA6BDA7B32CA7B07
:10D9B000CA6BCA5BCA4BCA2BCA1BCA0BC0D0C08376
:10D9C000C08253EFFE90752D693E00020BEA204D98
:10D9D00023680C90752D693E00020BEA209918D03F
:10D9E00082D083D0D0DA0BDA1BDA2BDA4BDA5BDAAF
:10D9F0006BDA7B32CA7BCA6BCA5BCA4BCA2BCA1BA7
:10DA0000CA0BC0D0C083C08253EFFD907531693E10
:10DA100000020BEA204D23680C907531693E00022C
:10DA20000BEA209918D082D083D0D0DA0BDA1BDA37
:10DA30002BDA4BDA5BDA6BDA7B32CA7BCA6BCA5BF6
:10DA4000CA4BCA2BCA1BCA0BC0D0C083C08253EFBB
:10DA5000FB907535693E00020BEA204D23680C905F
:10DA60007535693E00020BEA209918D082D083D028
:10DA7000D0DA0BDA1BDA2BDA4BDA5BDA6BDA7B32D1
:10DA8000CA7BCA6BCA5BCA4BCA2BCA1BCA0BC0D0A3
:10DA9000C083C0827E34FBB27E24007E7E1B700A6F
:10DAA000377E2400085D236D33BD23682C74F77E18
:10DAB00014FBB27E04007E7E0B705C7B7A0B709050
:10DAC0007539693E00020BEA204D23680C907539C8
:10DAD000693E00020BEA2099187E34FBB27E2400D6
:10DAE0007E7E1B700A377E2400805D236D33BD234C
:10DAF000682C747F7E14FBB27E04007E7E0B705C0B
:10DB00007B7A0B7090753D693E00020BEA204D2335
:10DB1000680C90753D693E00020BEA209918D0828E
:10DB2000D083D0D0DA0BDA1BDA2BDA4BDA5BDA6B84
:10DB3000DA7B32CA7BCA6BCA5BCA4BCA2BCA1BCA06
:10DB40000BC0D0C083C0827E34FBBA7E24007E7EB0
:10DB50001B700A377E2400085D236D33BD23682CBB
:10DB600074F77E14FBBA7E04007E7E0B705C7B7AB9
:10DB70000B70907541693E00020BEA204D23680C42
:10DB8000907541693E00020BEA2099187E34FBBA79
:10DB90007E24007E7E1B700A377E2400805D236D0C
:10DBA00033BD23682C747F7E14FBBA7E04007E7E16
:10DBB0000B705C7B7A0B70907545693E00020BEA36
:10DBC000204D23680C907545693E00020BEA2099B0
:10DBD00018D082D083D0D0DA0BDA1BDA2BDA4BDA0A
:10DBE0005BDA6BDA7B32CA7BCA6BCA5BCA4BCA2B65
:10DBF000CA1BCA0BC0D0C083C0827E34FBC27E2445
:10DC0000007E7E1B700A377E2400085D236D33BDC5
:10DC100023682C74F77E14FBC27E04007E7E0B709A
:10DC20005C7B7A0B70907549693E00020BEA204DCF
:10DC300023680C907549693E00020BEA2099187E12
:10DC400034FBC27E24007E7E1B700A377E24008057
:10DC50005D236D33BD23682C747F7E14FBC27E046C
:10DC6000007E7E0B705C7B7A0B7090754D693E0078
:10DC7000020BEA204D23680C90754D693E00020BA3
:10DC8000EA209918D082D083D0D0DA0BDA1BDA2BB5
:10DC9000DA4BDA5BDA6BDA7B32CA7BCA6BCA5BCAF5
:10DCA0004BCA2BCA1BCA0BC0D0C083C08274FE7E75
:10DCB00014FE787E04007E7E0B705C7B7A0B709085
:10DCC0007551693E00020BEA204D23680C90755196
:10DCD000693E00020BEA209918D082D083D0D0DAB6
:10DCE0000BDA1BDA2BDA4BDA5BDA6BDA7B32CA7BC4
:10DCF000CA6BCA5BCA4BCA2BCA1BCA0BC0D0C08333
:10DD0000C0827E34FBCA7E24007E7E1B700A377E72
:10DD10002400085D236D33BD23682C74F77E14FB4B
:10DD2000CA7E04007E7E0B705C7B7A0B709075550A
:10DD3000693E00020BEA204D23680C907555693E40
:10DD400000020BEA2099187E34FBCA7E24007E7EF6
:10DD50001B700A377E2400805D236D33BD23682C41
:10DD6000747F7E14FBCA7E04007E7E0B705C7B7A1F
:10DD70000B70907559693E00020BEA204D23680C28
:10DD8000907559693E00020BEA209918D082D08321
:10DD9000D0D0DA0BDA1BDA2BDA4BDA5BDA6BDA7B10
:10DDA00032CA7BCA6BCA5BCA4BCA2BCA1BCA0BC01E
:10DDB000D0C083C0829AFDBB8AD082D083D0D0DA13
:10DDC0000BDA1BDA2BDA4BDA5BDA6BDA7B32CA7BE3
:10DDD000CA6BCA5BCA4BCA2BCA1BCA0BC0D0C08352
:10DDE000C0829AFDBB77D082D083D0D0DA0BDA1B09
:10DDF000DA2BDA4BDA5BDA6BDA7B329087191BEAC3
:10DE000020793E00029F00908719693E00020BEACC
:10DE1000209AFD9D4E400C908719693E00020BEA46
:10DE200020800E908719693E00020BEA209AFD9D22
:10DE300094229082221BEA00791E000290821E1B0F
:10DE4000EA20793E0002908222691E00020BEA005D
:10DE500090821E693E00020BEA209AFD9D4E500CF6
:10DE6000908222693E00020BEA208030908226696F
:10DE70001E00020BEA0090821E693E00020BEA209F
:10DE80009AFD9D4E280C908226693E00020BEA20E6
:10DE9000800A90821E693E00020BEA202290871DB4
:10DEA0001BEA20793E00026D117E04412090871DFF
:10DEB000693E00020BEA209AFD9D4E28086D337ED4
:10DEC00024412080286D117E04C18090871D693E09
:10DED00000020BEA209AFD9D4E50086D337E24C14E
:10DEE00080800A90871D693E00020BEA20229087FD
:10DEF000211BEA20793E00029F00908721693E00A5
:10DF0000020BEA209AFD9D4E40086D337E2441208D
:10DF100080066D337E244180229F11907EC8793E19
:10DF200000021BEA207E34005A907ECC1BEA307E31
:10DF300034005A907ECE1BEA307E34CCCD7E243D18
:10DF4000CC7E14126F7E043B039AFE04209F119036
:10DF50007ED8793E00021BEA207E34005A907EDC97
:10DF60001BEA307E34005A907EDE1BEA307E34CCD1
:10DF7000CD7E243DCC7E14126F7E043B039AFE04BA
:10DF80008BAACA3B905D5F0BEA3090762D1BEA307E
:10DF900090762D0BEA207E34005ABD23080A7E3489
:10DFA000005A90762D1BEA3090762D0BEA207E34B5
:10DFB000FFA6BD23580A7E34FFA690762D1BEA30BB
:10DFC000905D5A0BEA3090762F1BEA3090762F0B3B
:10DFD000EA207E34005ABD23080A7E34005A907627
:10DFE0002F1BEA3090762F0BEA207E34FFA6BD234C
:10DFF000580A7E34FFA690762F1BEA30905D610BA5
:10E00000EA309076311BEA309076310BEA207E348C
:10E01000005ABD23080A7E34005A9076311BEA303C
:10E020009076310BEA207E34FFA6BD23580A7E3459
:10E03000FFA69076311BEA30905D630BEA30907654
:10E04000331BEA309076330BEA207E34005ABD232E
:10E05000080A7E34005A9076331BEA309076330BF0
:10E06000EA207E34FFA6BD23580A7E34FFA69076B0
:10E07000331BEA309079C8E0BEB000783E90762D30
:10E080000BEA207CB49AFD9DA79079CA793E0002E4
:10E090001BEA2090762F0BEA207CB49AFD9DA79076
:10E0A00079CE793E00021BEA209F119079D6793E05
:10E0B00000021BEA2074019079C8F090762D0BEADB
:10E0C000207CB49AFD9DA77E14CCCD7E043F0C9A93
:10E0D000FD9C2D7F717E1466667E043EE69079CAB3
:10E0E000693E00020BEA209AFD9C2D7F079AFD9B5A
:10E0F000759079CA793E00021BEA2090762F0BEAD0
:10E10000207CB49AFD9DA77E1433337E043EB39ADF
:10E11000FD9C2D7F717E1466667E043F269079CE2D
:10E12000693E00020BEA209AFD9C2D7F079AFD9B19
:10E13000759079CE793E00021BEA209079CA693E3B
:10E1400000020BEA20907635793E00021BEA206D32
:10E15000117E043F80907635693E00020BEA209ADA
:10E16000FD9D4E38246D117E04BF80907635693E4A
:10E1700000020BEA209AFD9D4E400E9F11907635CD
:10E18000793E00021BEA20804A9F00907635693E66
:10E1900000020BEA209AFD9D4E281D6D117E043F62
:10E1A00080907635693E00020BEA209AFD9B7279D9
:10E1B0003E00021BEA20801B6D117E043F8090769A
:10E1C00035693E00020BEA209AFD9B75793E0002FC
:10E1D0001BEA209079D6691E00020BEA0090763582
:10E1E000693E00020BEA209AFD9B72907639793ED7
:10E1F00000021BEA20907635693E00020BEA20906F
:10E2000079D6793E00021BEA209079C1693E00026E
:10E210000BEA209AFD9D94907635691E00020BEA68
:10E22000009AFD9C2D7F71907639691E00020BEAE1
:10E23000009079BD693E00020BEA209AFD9C2D7F7B
:10E24000017F179AFD9B727F719079CE691E000243
:10E250000BEA009079B9693E00020BEA209AFD9C16
:10E260002D7F017F179AFD9B7590763D793E0002C8
:10E270001BEA2090763D693E00020BEA2012DE9DEB
:10E2800090763D793E00021BEA206D117E0442B477
:10E2900090763D693E00020BEA209AFD9B759AFE3E
:10E2A00035FA9079C50BEA301A261A247E140FA08D
:10E2B0009AFD9EB07E08005A9AFD9F0C7CB49AFD90
:10E2C0009DA27E1466667E043F869AFD9C2D9AFD73
:10E2D0009DDF9076491BEA309076310BEA207CB4C2
:10E2E0009AFD9DA712DDFB7F017E3466667E243E8B
:10E2F000E69AFD9C2D7F319079CE693E00020BEAB3
:10E300002012DDFB7F039AFD9B757F319076330BE6
:10E31000EA207CB49AFD9DA712DDFB7F017E343399
:10E32000337E243EB39AFD9C2D7F017F139AFD9B83
:10E33000757F3190763D693E00020BEA2012DDFBCD
:10E340007F017E3433337E243F339AFD9C2D7F0141
:10E350007F139AFD9B7590764B793E00021BEA2055
:10E360006D117E04408090764B693E00020BEA20DE
:10E370009AFD9D4E38126D337E243F8090764F7902
:10E380003E00021BEA20802E7E14D70A7E043CA3A6
:10E3900090764B693E00020BEA209AFD9C2D7F018E
:10E3A0007E343D717E243F8A9AFD9B7290764F7930
:10E3B0003E00021BEA206D337E243F809082267946
:10E3C0003E00021BEA2090764F693E00020BEA20D5
:10E3D0007E1466667E043EE612DE3290764F793E0B
:10E3E00000021BEA20905E5F7EEBA07423BCAB5062
:10E3F0004C7E1433337E043F3390764F693E0002E7
:10E400000BEA209AFD9C2D793E00021BEA206D3319
:10E410007E243F80908226793E00021BEA2090767F
:10E420004F693E00020BEA207E1466667E043EE6DB
:10E4300012DE3290764F793E00021BEA2090764938
:10E440000BEA207CB49AFD9DA790764F691E0002CE
:10E450000BEA009AFD9C2D9AFD9DDF9076571BEAF2
:10E46000306D229076570BEA30BD3258086D3390EC
:10E4700076571BEA309079C9E0BEB000781F9076DD
:10E48000570BEA207CB49AFD9DA79079D2793E0083
:10E49000021BEA2074019079C9F002E51E907657BC
:10E4A0000BEA207CB49AFD9DA79079D2691E0002E8
:10E4B0000BEA009AFD9D4E28147E34CCCD7E243D7F
:10E4C0004C907653793E00021BEA2080127E34661F
:10E4D000667E243EE6907653793E00021BEA209049
:10E4E00076570BEA207CB49AFD9DA79079D2691EDD
:10E4F00000020BEA009AFD9B72907653691E00029F
:10E500000BEA009AFD9C2D7F019079D2693E0002B2
:10E510000BEA209AFD9B75793E00021BEA20907958
:10E52000D2693E00020BEA209AFD9DDF9076591BCE
:10E53000EA306D229076590BEA30BD3258086D33BF
:10E540009076591BEA3090763D693E00020BEA2036
:10E5500012DDFB907641793E00021BEA206D33907C
:10E56000765B1BEA306D117E044000907641693E77
:10E5700000020BEA209AFD9D4E380302E649907690
:10E580003D693E00020BEA2012DEEE907645793EB0
:10E5900000021BEA206D117E043F80907645693EA3
:10E5A00000020BEA209AFD9D4E50106D337E243FF1
:10E5B00080907645793E00021BEA209076590BEA5E
:10E5C000207CB49AFD9DA77E14D70A7E043EA39AB0
:10E5D000FD9C2D7F71907645691E00020BEA00902C
:10E5E0007641693E00020BEA209AFD9CCD7F017FB7
:10E5F000179AFD9C2D9AFD9DDF90765B1BEA30906B
:10E6000076590BEA207CB49AFD9DA77E14D70A7E2A
:10E61000043EA39AFD9C2D9AFD9DDF7D2390765BA1
:10E620000BEA30BD3208229076590BEA207CB49A6E
:10E63000FD9DA77E14D70A7E043EA39AFD9C2D9AC9
:10E64000FD9DDF90765B1BEA309F0090763D693E32
:10E6500000020BEA209AFD9D4E282A90765B0BEA79
:10E66000209076590BEA302D3290765D1BEA30907F
:10E67000765B0BEA209076590BEA309D3290765FFC
:10E680001BEA3080549F0090763D693E00020BEA01
:10E69000209AFD9D4E502A90765B0BEA2090765989
:10E6A0000BEA309D3290765D1BEA3090765B0BEA88
:10E6B000209076590BEA302D3290765F1BEA30803D
:10E6C000189076590BEA3090765D1BEA30907659B7
:10E6D0000BEA3090765F1BEA306D2290765D0BEA94
:10E6E00030BD3258086D3390765D1BEA306D229054
:10E6F000765F0BEA30BD3258086D3390765F1BEAC7
:10E70000309AFE352C90765D0BEA309082140BEA3D
:10E71000209AFE04F690765F0BEA309082120BEAA4
:10E72000209AFE051B9070B5693E00020BEA209A04
:10E73000FD9DDFCA3990708D693E00020BEA209A78
:10E74000FD9DDF7D23DA399AFE2E149079C77EEB8A
:10E75000A074012CBAF09079C77EEBA07405BCAB15
:10E76000400BE49079C7F074019079B8F0DA3BAAD5
:10E770009087837AEB70908782F0C3C2B47E3400B6
:10E7800002908782E09087837EEB509AFC8822D3A8
:10E79000D2B422908784F0E4908785F0C3C2B47E1F
:10E7A0003400029087847EEBA074804CBA9AFC8A75
:10E7B000F3908785F0D3D2B4908785E022908420AF
:10E7C0001BEA20793E000290841C1BEA00791E009F
:10E7D0000290841BF0C3C2B4908420693E00020BF7
:10E7E000EA2090825E793E00021BEA207E3400021D
:10E7F00090841B7EEBA074804CBA90841C691E0030
:10E80000020BEA009AFC8B17D3D2B4229085FA7AD5
:10E81000EB609085F97AEB709085F8F0E49085FBD9
:10E82000F06D339085FC1BEA309085F8E03EB0F047
:10E8300074176C7712E77074159085F87EEB701280
:10E84000E77074169085F97EEB7012E77074219072
:10E8500085FA7EEB7012E77074147E704C12E770CC
:10E8600080379085FC0BEA207E3400012D321BEAB4
:10E87000307E3400FFBD32500874019085FBF0807B
:10E88000207E1403E8908661693E00020BEA209A1C
:10E89000FD9EB92F119AFE33FF742212E79330E7E1
:10E8A000C19085FBE0229086F67AEB709086F5F0B9
:10E8B0006D339086F71BEA309086F5E03EB0F07439
:10E8C000159086F57EEB707E60014C7612E77074D1
:10E8D000169086F67EEB7012E77074177E70011248
:10E8E000E77074147E704C12E770802F9086F70BDF
:10E8F000EA207E3400012D321BEA307E3400FFBD59
:10E900003240207E1403E8908661693E00020BEAE3
:10E91000209AFD9EB92F119AFE33FF742212E793BD
:10E9200030E0C9740212E793229087877AEB7090E7
:10E930008786F0908786E03EB0F074159087867EDB
:10E94000EB707E60014C7612E77074169087877EBC
:10E95000EB7012E77074177E700612E77074147E05
:10E96000706C12E77022E49086F9F0E49086FAF079
:10E970006D339086FB1BEA30805E9086FB0BEA20AD
:10E980007E3400012D321BEA307E3400FFBD325050
:10E990000874019086F9F08048740F12E79390860E
:10E9A000FAF09086FAE00A3B9078691BEA307E1410
:10E9B00069A27E0400FE9AFD93C77E1403E8908648
:10E9C00061693E00020BEA209AFD9EB97E14000A9E
:10E9D0009AFD9EB09AFE33FF9086FAE0BEB06B7847
:10E9E000999086F9E022E49086FDF0E49086FEF0AE
:10E9F0006D339086FF1BEA3080499086FF0BEA203A
:10EA00007E3400012D321BEA307E3400FFBD3250CF
:10EA10000874019086FDF08033740D7E700D12E84D
:10EA2000A69086FEF07E1403E8908661693E00029F
:10EA30000BEA209AFD9EB97E14000A9AFD9EB09AB8
:10EA4000FE33FF9086FEE0BEB0FF78AE9086FDE01C
:10EA50002274287E1485FE7E0400017E18000612B2
:10EA6000E7BD9085FFE00A2B7C456C559085FEE064
:10EA70000A3B4D32907AF61BEA30908601E00A2B71
:10EA80007C456C55908600E00A3B4D32907AF81B2D
:10EA9000EA30908603E00A2B7C456C55908602E0B4
:10EAA0000A3B4D32907AFA1BEA30AA74227E148611
:10EAB000047E0400017E18000612E7BD908605E082
:10EAC0000A2B7C456C55908604E00A3B4D32907BC6
:10EAD000021BEA30908607E00A2B7C456C55908635
:10EAE00006E00A3B4D32907B041BEA30908609E039
:10EAF0000A2B7C456C55908608E00A3B4D32907B92
:10EB0000061BEA30AA74017E704012E7707422126C
:10EB1000E79390852EF090852EE030E05974027EC8
:10EB200014852F7E0400017E18000612E7BD908533
:10EB300030E00A2B7C456C5590852FE00A3B4D3226
:10EB4000907AFC1BEA30908532E00A2B7C456C55AC
:10EB5000908531E00A3B4D32907AFE1BEA30908579
:10EB600034E00A2B7C456C55908533E00A3B4D32EE
:10EB7000907B001BEA3074016C7712E770AAE49076
:10EB800087A6F07E1403E8908661693E00020BEAD6
:10EB9000209AFD9EB97E14000A9AFD9EB09AFE331B
:10EBA000FF7E342297907CF51BEA307E34229590CC
:10EBB0007CF71BEA307E342296907CF91BEA307E8B
:10EBC00034FFFF907CFB1BEA307E3400026D227E16
:10EBD0001496807E0400989AFC8E7E7E3400447EDB
:10EBE00024000174017E1400109AFD585674016CC3
:10EBF0007712E77074127E700112E7707E1403E8DA
:10EC0000908661693E00020BEA209AFD9EB92F11A1
:10EC10009AFE33FF74016C7712E77012E966BEB09A
:10EC20000068157E14697A7E0400FE9AFD93C7740D
:10EC3000019087A6F002EF4A740D7E700312E77010
:10EC40007E3400022E34000068221B34683A1B34E4
:10EC500068521B34686A80007E1469517E0400FE8D
:10EC60009AFD93C774019087A6F0806E74107E7031
:10EC70003012E7707E3412007E244680907B087943
:10EC80003E00021BEA20805274107E703812E7703A
:10EC90007E3414007E244600907B08793E00021BDF
:10ECA000EA20803674107E703C12E7707E341000CB
:10ECB0007E244580907B08793E00021BEA20801A62
:10ECC00074107E703412E7707E3410007E2445008C
:10ECD000907B08793E00021BEA209087A6E0BEB038
:10ECE00001780302EF4A7E3400042E3400006831BC
:10ECF0001B34684A1B3468621B34687A1B347803FF
:10ED000002ED921B34780302EDAE80007E14692779
:10ED10007E0400FE9AFD93C774019087A6F002ED71
:10ED2000C874117E705212E7707E34999A7E244323
:10ED300064907B0C793E00021BEA2002EDC874113E
:10ED40007E705012E7707E34999A7E2442E4907B64
:10ED50000C793E00021BEA20806E74117E70541202
:10ED6000E7707E3466667E244264907B0C793E00B8
:10ED7000021BEA20805274117E705812E7707E34B4
:10ED8000CCCD7E2441E4907B0C793E00021BEA202E
:10ED9000803674117E705C12E7707E34CCCD7E2498
:10EDA0004164907B0C793E00021BEA20801A7411AA
:10EDB0007E705112E7707E3433337E2440E3907BC3
:10EDC0000C793E00021BEA209087A6E0BEB00178D5
:10EDD0000302EF4A74127E704412E77074137E705F
:10EDE0000212E77074146C7712E77074156C771266
:10EDF000E77074166C7712E77074187E700112E772
:10EE00007074017E704012E77074147E708012E797
:10EE1000707E1403E8908661693E00020BEA209A36
:10EE2000FD9EB92F119AFE33FF74146C7712E770B0
:10EE30007E1403E8908661693E00020BEA209AFD89
:10EE40009EB92F119AFE33FF740D7E700A7E60808A
:10EE500012E80C7E1403E8908661693E00020BEA1A
:10EE6000209AFD9EB92F119AFE33FF740D7E700A11
:10EE70006C6612E80C7E1403E8908661693E00021D
:10EE80000BEA209AFD9EB92F119AFE33FF12E9E694
:10EE9000BEB00068157E1469067E0400FE9AFD93DC
:10EEA000C774019087A6F002EF4A7E3400012E3429
:10EEB0000000681A1B34683580007E1468DD7E040B
:10EEC00000FE9AFD93C774019087A6F0803C740DF4
:10EED0007E70097E600912E80C7E3480007E244634
:10EEE0003B907B10793E00021BEA20801D740D7E52
:10EEF00070097E601912E80C7E3480007E24453B48
:10EF0000907B10793E00021BEA209087A6E0BEB0FD
:10EF1000016837740D7E700B7E600112E80C740D71
:10EF20006C7712E92974016C7712E7707E1403E89C
:10EF3000908661693E00020BEA209AFD9EB97E141C
:10EF400000149AFD9EB09AFE33FF9087A6E0AA9027
:10EF50007F021BEA00791E0002907F001BEA30E46A
:10EF6000907F0AF06D33907F0B1BEA306D33907FFA
:10EF70000D1BEA30907F000BEA307E2400029AFEDF
:10EF800037337E146EF97E0400FE7E3400409AFE14
:10EF90002B317E14FF017E0400FE907F02693E004B
:10EFA000020BEA20BF10380302F0E07E14000C9040
:10EFB0007F02693E00020BEA209AFD9EB9793E006D
:10EFC000021BEA20907F000BEA50BE54000E400363
:10EFD00002F1F37EA003A490EFDB7302F00502F0D0
:10EFE0000B02F01102F01702F01D02F02302F038BC
:10EFF00002F04D02F06202F07702F08C02F0A10202
:10F00000F0B602F0CB538E7F02F1F3538EBF02F1C4
:10F01000F3538EFB02F1F353DDFD02F1F353DDDF19
:10F0200002F1F374FD7E14FBB37E04007E7E0B7050
:10F030005C7B7A0B7002F1F374DF7E14FBB37E0409
:10F04000007E7E0B705C7B7A0B7002F1F374FD7EA8
:10F0500014FBBB7E04007E7E0B705C7B7A0B70021F
:10F06000F1F374DF7E14FBBB7E04007E7E0B705CCC
:10F070007B7A0B7002F1F374FD7E14FBC37E0400F7
:10F080007E7E0B705C7B7A0B7002F1F374DF7E1472
:10F09000FBC37E04007E7E0B705C7B7A0B7002F1FA
:10F0A000F374EF7E14FE787E04007E7E0B705C7B32
:10F0B0007A0B7002F1F374FD7E14FBCB7E04007EAC
:10F0C0007E0B705C7B7A0B7002F1F374DF7E14FBB5
:10F0D000CB7E04007E7E0B705C7B7A0B7002F1F3BA
:10F0E000907F000BEA50BE54000E400302F1F37E05
:10F0F000A003A490F0F77302F12102F12702F12D91
:10F1000002F13302F13902F13F02F15402F16902D6
:10F11000F17D02F19102F1A502F1B902F1CD02F106
:10F12000E1438E8002F1F3438E4002F1F3438E04FB
:10F1300002F1F343DD0202F1F343DD2002F1F37447
:10F14000027E14FBB37E04007E7E0B704C7B7A0B38
:10F150007002F1F374207E14FBB37E04007E7E0BFC
:10F16000704C7B7A0B7002F1F374027E14FBBB7E51
:10F1700004007E7E0B704C7B7A0B70807674207E50
:10F1800014FBBB7E04007E7E0B704C7B7A0B708080
:10F190006274027E14FBC37E04007E7E0B704C7B87
:10F1A0007A0B70804E74207E14FBC37E04007E7E3A
:10F1B0000B704C7B7A0B70803A74107E14FE787E54
:10F1C00004007E7E0B704C7B7A0B70802674027E6E
:10F1D00014FBCB7E04007E7E0B704C7B7A0B708020
:10F1E0001274207E14FBCB7E04007E7E0B704C7B61
:10F1F0007A0B70907F02693E00020BEA207CB5908A
:10F200007F0AF0907F0AE00A3B6D227E0800012F02
:10F2100001907F02693E00020BEA209AFD9EBB909E
:10F220007F0B1BEA30907F0B0BEA306E34FFFF0B35
:10F2300034907F0D1BEA30907F000BEA50BE5400E3
:10F240000E400302F6837EA003A490F24E7302F2F6
:10F250007802F2A702F2D602F30202F32E02F35D65
:10F2600002F3B902F41502F47102F4CD02F5290299
:10F27000F58502F5CF02F62A907F0AE07E34FEA0E3
:10F280007E24007E7A1BB05389F0907F0D0BEA50EC
:10F29000F58A907F0D0BEA307D530A5AF58CD3D254
:10F2A0008CD3D2A902F683907F0AE07E34FEA17E41
:10F2B00024007E7A1BB053890F907F0D0BEA50F526
:10F2C0008B907F0D0BEA307D530A5AF58DD3D28E89
:10F2D000D3D2AB02F683907F0AE07E34FEA27E2476
:10F2E000007E7A1BB0907F0D0BEA50F5D7907F0D12
:10F2F0000BEA307D530A5AF5D6438E1043AF040211
:10F30000F683907F0AE07E34FEA37E24007E7A1B83
:10F31000B0907F0D0BEA50F5D5907F0D0BEA307D54
:10F32000530A5AF5D443DD0843AF2002F683907F99
:10F330000AE07E34FEA47E24007E7A1BB0907F0D0E
:10F340000BEA50F5D3907F0D0BEA307D530A5AF546
:10F35000D243DD9053DDFB43AF4002F683907F0A3A
:10F36000E07E34FBB07E24007E7A1BB0907F0D0BD4
:10F37000EA107E34FBB77E24007E7A1B30907F0D2E
:10F380000BEA307D130A127E34FBB67E24007E7AAF
:10F390001B3074087E14FBB37E04007E7E0B704C21
:10F3A0007B7A0B7074017E14FBB27E04007E7E0BB0
:10F3B000704C7B7A0B7002F683907F0AE07E34FB00
:10F3C000B17E24007E7A1BB0907F0D0BEA107E3454
:10F3D000FBB57E24007E7A1B30907F0D0BEA307DDA
:10F3E000130A127E34FBB47E24007E7A1B307480B4
:10F3F0007E14FBB37E04007E7E0B704C7B7A0B7018
:10F4000074107E14FBB27E04007E7E0B704C7B7AFF
:10F410000B7002F683907F0AE07E34FBB87E2400F6
:10F420007E7A1BB0907F0D0BEA107E34FBBF7E24EA
:10F43000007E7A1B30907F0D0BEA307D130A127E1E
:10F4400034FBBE7E24007E7A1B3074087E14FBBB26
:10F450007E04007E7E0B704C7B7A0B7074017E14F0
:10F46000FBBA7E04007E7E0B704C7B7A0B7002F63A
:10F4700083907F0AE07E34FBB97E24007E7A1BB045
:10F48000907F0D0BEA107E34FBBD7E24007E7A1B3C
:10F4900030907F0D0BEA307D130A127E34FBBC7E68
:10F4A00024007E7A1B3074807E14FBBB7E04007EB9
:10F4B0007E0B704C7B7A0B7074107E14FBBA7E044A
:10F4C000007E7E0B704C7B7A0B7002F683907F0A75
:10F4D000E07E34FBC07E24007E7A1BB0907F0D0B53
:10F4E000EA107E34FBC77E24007E7A1B30907F0DAD
:10F4F0000BEA307D130A127E34FBC67E24007E7A2E
:10F500001B3074087E14FBC37E04007E7E0B704C9F
:10F510007B7A0B7074017E14FBC27E04007E7E0B2E
:10F52000704C7B7A0B7002F683907F0AE07E34FB8E
:10F53000C17E24007E7A1BB0907F0D0BEA107E34D2
:10F54000FBC57E24007E7A1B30907F0D0BEA307D58
:10F55000130A127E34FBC47E24007E7A1B30748032
:10F560007E14FBC37E04007E7E0B704C7B7A0B7096
:10F5700074107E14FBC27E04007E7E0B704C7B7A7E
:10F580000B7002F683907F0AE07E34FE797E2400C1
:10F590007E7A1BB0907F0D0BEA107E34FE7B7E24BA
:10F5A000007E7A1B30907F0D0BEA307D130A127EAD
:10F5B00034FE7A7E24007E7A1B3074827E14FE78BC
:10F5C0007E04007E7E0B704C7B7A0B7002F683907B
:10F5D0007F0AE07E34FBC87E24007E7A1BB0907FD9
:10F5E0000D0BEA107E34FBCF7E24007E7A1B309018
:10F5F0007F0D0BEA307D130A127E34FBCE7E240091
:10F600007E7A1B3074087E14FBCB7E04007E7E0B5A
:10F61000704C7B7A0B7074017E14FBCA7E04007EF2
:10F620007E0B704C7B7A0B708059907F0AE07E34A1
:10F63000FBC97E24007E7A1BB0907F0D0BEA107E02
:10F6400034FBCD7E24007E7A1B30907F0D0BEA3098
:10F650007D130A127E34FBCC7E24007E7A1B30742C
:10F66000807E14FBCB7E04007E7E0B704C7B7A0B7D
:10F670007074107E14FBCA7E04007E7E0B704C7B7F
:10F680007A0B70907F06691E00020BEA00907F00E3
:10F690000BEA203E243E247E3475252D327A718279
:10F6A0007A6183791E00021BEA00AA907DE4E0BE25
:10F6B000B00D50717EA003A490F6BC7302F6E30275
:10F6C000F6E902F72502F6EF02F72502F6F502F653
:10F6D000FB02F70102F70702F70D02F71302F71911
:10F6E00002F71F9AFDF72A80409AFDF8EF803A9AB8
:10F6F000FDF9CE80349AFDFAA3802E9AFDFB14808A
:10F70000289AFDFC0E80229AFDFC13801C9AFDFCB9
:10F710009C80169AFDFD6680109AFDFDBF800A9AB6
:10F72000FDFDFA80049AFE08A2AA907DE37EEBA07C
:10F7300074805CBABEB0807820907DE6E0BEB000F8
:10F740007817907DE5E0BEB000780E907DE90BEA79
:10F75000207E340002BD2368079AFE08A202F8EE5C
:10F76000907DE37EEBA0740F5CBA146845147803B7
:10F7700002F7F30BB1680302F8E4907DE8E0BEB055
:10F78000007809907DE7E0BEB00068079AFE08A205
:10F7900002F8EE7E3409867E2400FF907DEF793EEC
:10F7A00000021BEA207E340002907DED1BEA30024D
:10F7B000F8EA907DEBE0BEB0047812907DE8E0BE00
:10F7C000B0007809907DE7E0BEB00068079AFE08B7
:10F7D000A202F8EE7E3409867E2400FF907DEF7948
:10F7E0003E00021BEA207E340002907DED1BEA30D1
:10F7F00002F8EA907DEBE0BEB0047809907DE8E085
:10F80000BEB00068079AFE08A202F8EE907DE77E7F
:10F81000EBA0740F5CBA9087AAF0907DE7E01468C3
:10F8200064247F680604680302F8DE9087AAE07EFD
:10F8300034000160053E341478FB907DF3E00A2B20
:10F840005D236D33BD23681F7E3409887E2400FF4D
:10F85000907DEF793E00021BEA207E340002907D0D
:10F86000ED1BEA3002F8EA7E3409867E2400FF9020
:10F870007DEF793E00021BEA207E340002907DED90
:10F880001BEA3080659087AAE07E34000160053E67
:10F89000341478FB907DF4E00A2B5D236D33BD2397
:10F8A000681E7E3409887E2400FF907DEF793E003B
:10F8B000021BEA207E340002907DED1BEA30802A94
:10F8C0007E3409867E2400FF907DEF793E00021B86
:10F8D000EA207E340002907DED1BEA30800C9AFE17
:10F8E00008A2800A9AFE08A280049AFE08B2AA9092
:10F8F0007DEBE0BEB0047830907DE3E0BEB00278EE
:10F9000027907DE8E0BEB000781E907DE6E0BEB0B6
:10F91000007815907DE5E0BEB000780C6D22907DFA
:10F92000E90BEA30BD3268079AFE08A202F9CD90D1
:10F930007DE77EEBA0740F5CBA9087ABF0907DE71B
:10F94000E0146843247F68030478789087ABE07EF6
:10F9500034000160053E341478FB7CB77CAB6EA0AC
:10F96000FF907DF3E05CBAF0740E9087AB7EEB7095
:10F970009AFE063074117E70409AFE0630740E6C4A
:10F98000779AFE063080429087ABE07E34000160BB
:10F99000053E341478FB7CB77CAB6EA0FF907DF401
:10F9A000E05CBAF0740E9087AB7EEB709AFE063086
:10F9B00074147E70809AFE0630740E6C779AFE0680
:10F9C0003080069AFE08A280049AFE08D6AA907D8E
:10F9D000EBE0BEB0047830907DE3E0BEB002782763
:10F9E000907DE8E0BEB000781E907DE6E0BEB000FD
:10F9F0007815907DE5E0BEB000780C6D22907DE931
:10FA00000BEA30BD3268079AFE08A202FAA2907D86
:10FA1000E77EEBA0740F5CBA9087ACF0907DE7E0D6
:10FA200014683E247F680304786E9087ACE07E34CF
:10FA3000000160053E341478FB7CA7907DF3E04C18
:10FA4000BAF0740E9087AC7EEB709AFE063074119B
:10FA50007E70109AFE0630740E6C779AFE06308027
:10FA60003D9087ACE07E34000160053E341478FBA5
:10FA70007CA7907DF4E04CBAF0740E9087AC7EEBDE
:10FA8000709AFE063074147E70209AFE0630740E52
:10FA90006C779AFE063080069AFE08A280049AFED1
:10FAA00008D6AA907DE3E0BEB0007833907DE8E010
:10FAB000BEB000782A907DE7E0BEB0007821907D4E
:10FAC000E6E0BEB0007818907DE57EEBA07480BCC7
:10FAD000AB500C6D22907DE90BEA30BD3268069A7E
:10FAE000FE08A2802E907DE5E09087ADF0E490873F
:10FAF000AD7EEB709AFE06309087ADE0BEB0006838
:10FB0000087403907DEBF080067402907DEBF09A10
:10FB1000FE08D6AA907DE37EEBA074805CBABEB0EE
:10FB20008068079AFE08A202FC0D907DE6E01BB1FA
:10FB300068291468440BB1680302FBE77E3409317D
:10FB40007E2400FF907DEF793E00021BEA207E3488
:10FB50000012907DED1BEA3002FBED7E3409437EFE
:10FB60002400FF907DEF793E00021BEA207E3400E6
:10FB700043907DED1BEA308074907DE5E0146825AC
:10FB80001468400BB1785A7E34092D7E2400FF9012
:10FB90007DEF793E00021BEA207E340004907DED6B
:10FBA0001BEA3080487E34098A7E2400FF907DEF76
:10FBB000793E00021BEA207E340008907DED1BEAAE
:10FBC00030802A7E34090F7E2400FF907DEF793E3D
:10FBD00000021BEA207E34001E907DED1BEA30807F
:10FBE0000C9AFE08A280269AFE08A28020907DE949
:10FBF0000BEA20907DED0BEA30BD32280C907DE9B8
:10FC00000BEA30907DED1BEA309AFE08B2AA9AFE0C
:10FC100008A2AA907DE3E0BEB0807832907DE6E055
:10FC2000BEB0007829907DE5E0BEB0007820907DE0
:10FC3000E8E0BEB0007817907DE7E0BEB000780E37
:10FC4000907DE90BEA207E340001BD2368069AFE10
:10FC500008A28047907DEBE0BEB004781E7E340998
:10FC6000887E2400FF907DEF793E00021BEA207E13
:10FC7000340001907DED1BEA30801C7E3409867EC5
:10FC80002400FF907DEF793E00021BEA207E3400C5
:10FC900001907DED1BEA309AFE08B2AA907DEBE060
:10FCA000BEB0026830907DE3E0BEB0007827907D62
:10FCB000E6E0BEB000781E907DE8E0BEB0007815AA
:10FCC000907DE7E0BEB000780C6D22907DE90BEAF4
:10FCD00030BD3268079AFE08A202FD65907DE5E01E
:10FCE000BEB001786A7404907DEBF0E4907DF3F08F
:10FCF000E4907DF4F0740E7E70019AFE063074126A
:10FD00007E70209AFE063074107E70089AFE0630CF
:10FD1000740E7E70029AFE063074127E70209AFE77
:10FD2000063074107E70089AFE0630740E7E7001E4
:10FD30009AFE063074126C779AFE063074137E7049
:10FD4000089AFE0630740E6C779AFE0630801274A4
:10FD500003907DEBF074FF907DF3F074FF907DF4E1
:10FD6000F09AFE08D6AA907DEBE0BEB00478299008
:10FD70007DE3E0BEB0817820907DE6E0BEB0007803
:10FD800017907DE8E0BEB000780E907DE90BEA2088
:10FD90007E340001BD2368069AFE08A280207E34CE
:10FDA00009867E2400FF907DEF793E00021BEA2049
:10FDB0007E340001907DED1BEA309AFE08B2AA90D5
:10FDC0007DEBE0BEB0047827907DE3E0BEB0017823
:10FDD0001E907DE6E0BEB0007815907DE8E0BEB0F4
:10FDE00000780C6D22907DE90BEA30BD3268069AEE
:10FDF000FE08A280049AFE08D6AA9AFE08A2AA903B
:10FE000087451BEA309087450BEA309AFDBABD90D2
:10FE10008747F0908747E0AA9086CE1BEA3090860D
:10FE2000CDF09086CDE09086CE0BEA309AFDBB3FB8
:10FE30009086D0F09086D0E0AA74019082FCF07E8B
:10FE40003400C69080881BEA307E3400C790808AD8
:10FE50001BEA307E1482FD7E040001E47E1800322D
:10FE60009AFCCCBF7E1482FD7E0400019AFDB02175
:10FE7000BEB00078107E146F4D7E0400FE9AFDB077
:10FE8000DE9082FCF09082FCE0AAE4908770F0E4BF
:10FE9000908771F09AFDFE39908771F0908771E03C
:10FEA000BEB000680302FFB97E3400306D22E47EEC
:10FEB0001400039AFD58567E3400316D22E47E14FE
:10FEC00000039AFD58567E3400326D22E47E140001
:10FED000039AFD58567E3400336D22E47E140003ED
:10FEE0009AFD58567E3400346D22E47E1400039A45
:10FEF000FD58567E3400356D22E47E1400039AFDD1
:10FF000058567E3400366D22E47E1400039AFD5864
:10FF1000567E3400376D22E47E1400039AFD585655
:10FF20007E3400517E240001E47E1400109AFD58B6
:10FF3000567E3400837E24000174017E1400109AE2
:10FF4000FD58567E3400477E24000174017E140063
:10FF5000109AFD58567E3400827E240001E47E14FF
:10FF600000109AFD58567E3400537E24000174011F
:10FF70007E1400109AFD58567E3400436D227401A1
:10FF80007E1400039AFD5856740390826BF074033C
:10FF900090826CF07E1400E87E0400017E185820E8
:10FFA000E49AFDBBD57E3402436D229AFE37B47EBF
:10FFB00034000274039AFE146E908771E0AA7F21C8
:10FFC0007F707F10800A7E2B307A1B300B540B34ED
:10FFD000691FFFFC7D011B04790FFFFC4D1178E6C2
:10FFE0007F17AA7D23BE24000048037D32AA6D330B
:03FFF0009D32AA95
:0200000400FEFC
:10000000907D191BEA20793E0002907D151BEA00C5
:10001000791E0002907D19691E00020BEA00907D96
:1000200015693E00020BEA20791100021B1A0090AC
:100030007D1D691E00020BEA00907D15693E0002DD
:100040000BEA200B36791100021B1A00907D216902
:100050001E00020BEA00907D15693E00020BEA20AB
:100060002E340008791100021B1A00907D250BEA3E
:10007000207CB49AFD9DA77F01907D15693E00020A
:100080000BEA202E340018791100021B1A00907D13
:10009000270BEA207CB49AFD9DA77F01907D15690E
:1000A0003E00020BEA202E340020791100021B1AB8
:1000B00000AA907C241BEA20907C221BEA30907CD2
:1000C0001E1BEA00791E0002907C1E693E00020B96
:1000D000EA202E34000C691100020B1A00907C1EDD
:1000E000693E00020BEA202E340010791100021B39
:1000F0001A00907C240BEA30907C220BEA209D238E
:100100007CB49AFD9DA77F01907C1E693E00020B86
:10011000EA202E34000C791100021B1A00907C1E7C
:10012000693E00020BEA202E340010691100020B18
:100130001A00907C1E695E00020BEA402E54000CEF
:10014000693200020B2A209AFD9B72907C1E695E28
:1001500000020BEA402E540008691200020B2A002C
:100160009AFD9C2D907C26793E00021BEA20907C13
:100170001E693E00020BEA20691100020B1A009072
:100180007C1E695E00020BEA402E54000C693200AE
:10019000020B2A209AFD9C2D907C2A793E00021B9E
:1001A000EA20907C1E693E00020BEA200B366911A2
:1001B00000020B1A00907C1E695E00020BEA402EC2
:1001C00054000C693200020B2A209AFD9C2D7F01FD
:1001D000907C1E695E00020BEA402E5400146932C6
:1001E00000020B2A209AFD9B75907C2E793E00021E
:1001F0001BEA20907C1E693E00020BEA202E340090
:1002000018691100020B1A00907C2E693E00020B47
:10021000EA209AFD9D4E2821907C1E691E00020B4B
:10022000EA002E140018693000020B0A20907C2E80
:10023000793E00021BEA20804E907C1E691E00025F
:100240000BEA002E140018693000020B0A209AFDF8
:100250009D947F01907C2E693E00020BEA209AFD5E
:100260009D4E5023907C1E691E00020BEA002E1446
:100270000018693000020B0A209AFD9D94907C2E94
:10028000793E00021BEA20907C26691E00020BEAE0
:1002900000907C2A693E00020BEA209AFD9B759033
:1002A0007C2E691E00020BEA009AFD9B75907C3241
:1002B000793E00021BEA20907C1E693E00020BEA98
:1002C000202E340020691100020B1A00907C326944
:1002D0003E00020BEA209AFD9D4E286C907C1E6920
:1002E0003E00020BEA202E340020691100020B1A96
:1002F00000907C1E693E00020BEA202E34001C791F
:100300001100021B1A009F00907C1E695E00020B08
:10031000EA402E54000C693200020B2A209AFD9DFF
:100320004E400302041F907C2E691E00020BEA005F
:10033000907C1E693E00020BEA202E3400147911D5
:1003400000021B1A0002041F907C1E691E00020B93
:10035000EA002E140020693000020B0A209AFD9D4D
:10036000947F01907C32693E00020BEA209AFD9D49
:100370004E506E907C1E691E00020BEA002E140087
:1003800020693000020B0A209AFD9D947F01907C29
:100390001E693E00020BEA202E34001C7911000277
:1003A0001B1A009F00907C1E695E00020BEA402E23
:1003B00054000C693200020B2A209AFD9D4E285FE2
:1003C000907C2E691E00020BEA00907C1E693E00A4
:1003D000020BEA202E340014791100021B1A00804F
:1003E0003E907C2E691E00020BEA00907C1E693E46
:1003F00000020BEA202E340014791100021B1A00AF
:10040000907C32691E00020BEA00907C1E693E005F
:10041000020BEA202E34001C791100021B1A00AADC
:10042000907EC41BEA00791E0002907EC01BEA2069
:10043000793E0002907EC4693E00020BEA20907D66
:100440001D793E00021BEA20907EC8693E00020B27
:10045000EA20907D21793E00021BEA20907ECC0BA1
:10046000EA30907D251BEA30907ECE0BEA30907DFD
:10047000271BEA307E1470997E040001907EC069CB
:100480003E00020BEA209AFE0000AA907ED41BEAEE
:1004900000791E0002907ED01BEA20793E00029077
:1004A0007ED4693E00020BEA20907D1D793E000259
:1004B0001BEA20907ED8693E00020BEA20907D2145
:1004C000793E00021BEA20907EDC0BEA30907D250D
:1004D0001BEA30907EDE0BEA30907D271BEA307EEF
:1004E0001470717E040001907ED0693E00020BEA18
:1004F000209AFE0000AA90870F1BEA2090870D1B10
:10050000EA307E1470997E04000190870D0BEA306A
:1005100090870F0BEA209AFE00B2AA9087131BEA7D
:10052000209087111BEA307E1470717E04000190C8
:1005300087110BEA309087130BEA209AFE00B2AACB
:10054000907EE41BEA00791E0002907EE01BEA2008
:10055000793E0002907EE4693E00020BEA20907D25
:100560001D793E00021BEA20907EE8693E00020BE6
:10057000EA20907D21793E00021BEA20907EEC0B60
:10058000EA30907D251BEA30907EEE0BEA30907DBC
:10059000271BEA307E1470497E040001907EE069DA
:1005A0003E00020BEA209AFE0000AAE4F5DC7490FB
:1005B000F5F4E46C779AFE063074017E70089AFEBA
:1005C000063074077E703F9AFE063074097E703FD5
:1005D0009AFE0630740B7E70079AFE063074016C2A
:1005E000779AFE06307402907DEBF0E4907DECF09B
:1005F000E4907DF3F0E4907DF4F0C3C200C3C20147
:1006000043B58043B680D3A9D7AFAA908788F0E5D9
:10061000FC20E7FB9087887EEBA074804CBAF5FC49
:10062000E5FC20E7FBE5EC908789F0908789E0AA5C
:1006300090878B7AEB7090878AF0E5FC20E7FB903F
:10064000878A7EEBA0747F5CBAF5FC90878BE0F51F
:10065000ECAA9085361BEA00791E0002908535F0E1
:1006600074169AFE060B90853AF090853BF0802B2D
:10067000908535E09AFE060B908536693E00020BA8
:10068000EA207A1BB0908536693E00020BEA200B07
:1006900034908536793E00021BEA2090853A7EEB45
:1006A000A07E70017CBA9CB7F0BEA00078C2908595
:1006B0003BE0AA90860F7AEB7090860B1BEA0079DC
:1006C0001E000290860AF0801E90860AE090860B3B
:1006D000691E00020BEA007E0B700B14791E0002EB
:1006E0001BEA009AFE063090860F7EEBA07E70011A
:1006F0007CBA9CB7F0BEA00078CFAACA7BCA6BCAEE
:100700005BCA4BCA2BCA1BCA0BC0D0C083C082E5D0
:10071000FC908704F074069AFE060B908701F07433
:10072000029AFE060B908702F074049AFE060B9064
:100730008703F0908701E030E1049AFE079B9087E1
:1007400001E030E2049AFE079C908702E030E0046A
:100750009AFE07EE908702E030E1049AFE0A0490C8
:100760008702E030E2049AFE0A3A908703E030E123
:10077000049AFE0A6D908701E030E0049AFE07EDCE
:10078000908704E0F5FCD082D083D0D0DA0BDA1B5E
:10079000DA2BDA4BDA5BDA6BDA7B32AAE46C779A23
:1007A000FE06307402907DEBF0E4907DECF0740E68
:1007B0007E70019AFE063074117E70489AFE0630F3
:1007C000740E7E70029AFE063074117E70489AFE96
:1007D0000630740E7E70019AFE063074147E70909E
:1007E0009AFE0630740E6C779AFE0630AAAA740E32
:1007F0006C779AFE063074119AFE060B9087A7F06C
:100800009087A7E030E21674119087A77EEB707E88
:1008100060FB5C769AFE0630E4907DECF09087A752
:10082000E030E41174119087A77EEB707E60804CFD
:10083000769AFE0630907DECE024FD685A14685DDF
:100840000BB2785D9087A7E030E05674207E147D6F
:10085000E37E0400019AFE0652907DE90BEA309A8D
:10086000FE36FA907DE91BEA30907DE37EEBA074C2
:10087000605CBA24E0680E24E06810244078129A84
:10088000FDF6AB801C9AFCFED780169AFCFFF68022
:10089000109AFE08A2800A9AFE08E580049AFE09D2
:1008A00083AA7405907DECF074117E70609AFE0648
:1008B00030AA7403907DECF074117E70409AFE06AD
:1008C000309AFE08E5AA7404907DECF074117E70F5
:1008D000409AFE0630AAE4907DECF074117E7048D8
:1008E0009AFE0630AA740E6C779AFE063074119A3E
:1008F000FE060B90878CF090878CE030E1030209B4
:1009000082907DED0BEA207E340040BD23280474E4
:10091000408006907DED0BEA5090878DF07420901A
:100920007DEF691E00020BEA0090878D7EEB709AC6
:10093000FE06B390878DE00A2B907DED0BEA309D8B
:10094000321BEA3090878DE00A1B907DEF693E00F4
:10095000020BEA202D31793E00021BEA206D229025
:100960007DED0BEA30BD32781074117E700A9AFE6C
:100970000630E4907DECF0800974117E70029AFEDE
:100980000630AA740E6C779AFE063074119AFE0631
:100990000B90878EF090878EE030E0677420907D1A
:1009A000EF691E00020BEA009AFE065290878FF054
:1009B00090878FE00A2B907DED0BEA309D321BEA89
:1009C0003090878FE00A1B907DEF693E00020BEAB2
:1009D000202D31793E00021BEA206D22907DED0B27
:1009E000EA30BD32781074117E70489AFE0630E409
:1009F000907DECF0800974117E70409AFE06309A6A
:100A0000FCFF90AA740E7E70019AFE063074119A53
:100A1000FE060B9087A8F09087A8E030E5097411D6
:100A20007E70409AFE06309087A8E030E20874118C
:100A30006C779AFE0630C3C200AA740E7E70029ACA
:100A4000FE063074119AFE060B9087A9F09087A9D4
:100A5000E030E50974117E70409AFE06309087A957
:100A6000E030E20874116C779AFE0630AA740E7EAC
:100A700070019AFE063074149AFE060B9073EAF029
:100A80009073EAE030E60974147E70809AFE0630B6
:100A90009073EAE030E07774169AFE060B9073EBE1
:100AA000F0E49073ECF0802874219AFE060B7CAB86
:100AB0009073ECE00A2B7E3473ED2D327A71827ADA
:100AC00061837AEBA09073EC7EEBA074012CBAF0FA
:100AD0009073EB7EEBA09073ECE0BCBA40CA9086BA
:100AE000C5693E00020BEA204D23681A7E1473ED9F
:100AF0007E0400019073EBE00A3B9086C5695E00BE
:100B0000020BEA40992874146C779AFE0630AA907A
:100B1000877D7AEB7090877CF0C3C2B47E3400028C
:100B200090877CE090877D7EEB509AFC8822D3D220
:100B3000B42290840E1BEA20793E000290840A1BA6
:100B4000EA00791E0002908409F0C3C2B490840EBA
:100B5000693E00020BEA20908253793E00021BEAB4
:100B6000207E340002908409E090840A691E00020D
:100B70000BEA009AFC884FD3D2B42290875DF0C371
:100B8000C2B47E18000290825E793E00021BEA2009
:100B90007E34000290875D7EEBA074804CBA7E1498
:100BA000875E7E0400019AFC8B17D3D2B490875FD6
:100BB000E022907D8D1BEA20793E0002907D891B0A
:100BC000EA00791E0002907D88F06D33907D911BC4
:100BD000EA30C3C2B47E080001907D8D693E0002F8
:100BE0000BEA202F1090825E793E00021BEA207EE5
:100BF000340002907D887EEBA074804CBA7E147D18
:100C0000937E0400019AFC8B17D3D2B46D33907D90
:100C1000911BEA308045907D910BEA207E347D94D3
:100C20002D327A71827A6183E0907D89693E00027B
:100C30000BEA207A1BB0907D89693E00020BEA2006
:100C40000B34907D89793E00021BEA20907D910B48
:100C5000EA207E3400012D321BEA30907D910BEAB0
:100C6000106D00907D8D693E00020BEA20BF0140AF
:100C7000A522E49086EDF0E49086EEF06D33908648
:100C8000EF1BEA309086EF0BEA207E3400012D3214
:100C90001BEA307E340064BD23280874019086EE80
:100CA000F08027E4120B7B9086EDF07E1403E89031
:100CB0008661693E00020BEA209AFD9EB99AFE33D6
:100CC000FF9086EDE0BEB02478BA9086EEE0227404
:100CD0000C7E1485D47E0400017E180006120BB22F
:100CE0009085D5E00A2B7C456C559085D4E00A3B75
:100CF0004D32907D011BEA309085D7E00A2B7C4570
:100D00006C559085D6E00A3B4D32907D031BEA304E
:100D10009085D9E00A2B7C456C559085D8E00A3B3C
:100D20004D32907D051BEA30AA74127E1485DA7E5E
:100D30000400017E180006120BB29085DBE00A2B3E
:100D40007C456C559085DAE00A3B4D32907D071B5F
:100D5000EA309085DDE00A2B7C456C559085DCE01F
:100D60000A3B4D32907D091BEA309085DFE00A2B6B
:100D70007C456C559085DEE00A3B4D32907D0B1B27
:100D8000EA30AAE49087A4F07E1403E890866169B3
:100D90003E00020BEA209AFD9EB97E1400149AFDD3
:100DA0009EB09AFE33FF7E342297907CF51BEA308A
:100DB0007E342295907CF71BEA307E342296907C1C
:100DC000F91BEA307E34FFFF907CFB1BEA307E3457
:100DD00000026D227E1496807E0400989AFC8E7E1E
:100DE0007E3400447E24000174017E1400109AFDBC
:100DF0005856E4120B7B120C72BEB00068157E14BC
:100E00006ABB7E0400FE9AFD93C774019087A4F02C
:100E1000020FFF747C6C77120B0F7E1403E8908630
:100E200061693E00020BEA209AFD9EB99AFE33FFEB
:100E300074596C77120B0F745E7E1438FD7E0400BB
:100E4000FE7E182000120B3274597E7001120B0FB7
:100E50007E1403E8908661693E00020BEA209AFD49
:100E60009EB97E1400149AFD9EB09AFE33FF742141
:100E7000120B7BBEB00168157E146AA47E0400FECE
:100E80009AFD93C774019087A4F0020FFF747D7ED2
:100E9000700E120B0F74407E70A7120B0F74427EFF
:100EA00070A9120B0F7E3400022E34000068221B42
:100EB0003468371B34684D1B34686380007E146AC5
:100EC0007B7E0400FE9AFD93C774019087A4F08096
:100ED0006574416C77120B0F6D337E244680907DD4
:100EE0000D793E00021BEA20804C74417E70011295
:100EF0000B0F6D337E244600907D0D793E00021B62
:100F0000EA20803274417E7002120B0F6D337E2412
:100F10004580907D0D793E00021BEA2080187441C7
:100F20007E7003120B0F6D337E244500907D0D798A
:100F30003E00021BEA209087A4E0BEB001780302C5
:100F40000FFF7E3400042E340000682A1B346842F0
:100F50001B34685A1B3468721B347803020FE68016
:100F6000007E146A517E0400FE9AFD93C7740190BE
:100F700087A4F0020FFF74437E7004120B0F7E34BF
:100F800033337E244383907D11793E00021BEA2097
:100F9000806D74437E7003120B0F7E3433337E24D6
:100FA0004303907D11793E00021BEA208051744377
:100FB0007E7002120B0F7E3433337E244283907D89
:100FC00011793E00021BEA20803574437E700112C5
:100FD0000B0F7E3433337E244203907D11793E0023
:100FE000021BEA20801974436C77120B0F7E343396
:100FF000337E244183907D11793E00021BEA2090CC
:1010000087A4E0AA90877F7AEB7090877EF0C3C2B6
:10101000B47E34000290877EE090877F7EEB509A0A
:10102000FC8822D3D2B422908780F0C3C2B47E342D
:1010300000029087807EEBA074804CBA9AFC8AF301
:10104000908781F0D3D2B4908781E0229084171BDF
:10105000EA20793E00029084131BEA00791E000208
:10106000908412F0C3C2B4908417693E00020BEA68
:101070002090825E793E00021BEA207E34000290BE
:1010800084127EEBA074804CBA908413691E000217
:101090000BEA009AFC8B17D3D2B422E49086F1F0CD
:1010A000E49086F2F06D339086F31BEA309086F37D
:1010B0000BEA207E3400012D321BEA307E3400FF23
:1010C000BD23280874019086F2F08028740F121056
:1010D000279086F1F07E1403E8908661693E000255
:1010E0000BEA209AFD9EB99AFE33FF9086F1E0BE8E
:1010F000B06B78B99086F2E02274287E1485E07E89
:101100000400017E18000612104C9085E1E00A2BC5
:101110007C456C559085E0E00A3B4D329082061B81
:10112000EA309085E3E00A2B7C456C559085E2E03F
:101130000A3B4D329082081BEA309085E5E00A2B8D
:101140007C456C559085E4E00A3B4D3290820A1B49
:10115000EA30AA74227E1485E67E0400017E18001F
:101160000612104C9085E7E00A2B7C456C55908563
:10117000E6E00A3B4D3290820C1BEA309085E9E0B4
:101180000A2B7C456C559085E8E00A3B4D329082F5
:101190000E1BEA309085EBE00A2B7C456C55908560
:1011A000EAE00A3B4D329082101BEA30AA9085ECAF
:1011B0001BEA309F119085EE793E00021BEA207EEB
:1011C00034003C2E34FFCC78030212491B366831C0
:1011D0001B3668512E34000C680302126B9085ECAC
:1011E0000BEA207CB49AFD9DA77E1412007E044673
:1011F000809AFD9CCD9085EE793E00021BEA20800E
:101200006A9085EC0BEA207CB49AFD9DA77E1414AD
:10121000007E0446009AFD9CCD9085EE793E00024A
:101220001BEA2080469085EC0BEA207CB49AFD9D59
:10123000A77E1410007E0445809AFD9CCD9085EE1B
:10124000793E00021BEA2080229085EC0BEA207C8C
:10125000B49AFD9DA77E1410007E0445009AFD9C63
:10126000CD9085EE793E00021BEA209085EE693E26
:1012700000020BEA20AA9085F21BEA309F119085AC
:10128000F4793E00021BEA207E34005C2E34FFB06D
:1012900068491B34780302136C2E34FFFD68611B10
:1012A0003678030213241B3678030213482E3400C9
:1012B0000A680302138E9085F20BEA207CB49AFD33
:1012C0009DA77E14999A7E0443649AFD9CCD9085D7
:1012D000F4793E00021BEA2002138E9085F20BEA9D
:1012E000207CB49AFD9DA77E14999A7E0442E49ACC
:1012F000FD9CCD9085F4793E00021BEA2002138EFE
:101300009085F20BEA207CB49AFD9DA77E14666658
:101310007E0442649AFD9CCD9085F4793E00021BC8
:10132000EA20806A9085F20BEA207CB49AFD9DA7A2
:101330007E14CCCD7E0441E49AFD9CCD9085F47959
:101340003E00021BEA2080469085F20BEA207CB426
:101350009AFD9DA77E14CCCD7E0441649AFD9CCD60
:101360009085F4793E00021BEA2080229085F20BE2
:10137000EA207CB49AFD9DA77E1433337E0440E3BB
:101380009AFD9CCD9085F4793E00021BEA20908561
:10139000F4693E00020BEA20AAE49087A5F07E14CF
:1013A00003E8908661693E00020BEA209AFD9EB92F
:1013B0007E1400149AFD9EB09AFE33FF7E3422976D
:1013C000907CF51BEA307E342295907CF71BEA3046
:1013D0007E342296907CF91BEA307E34FFFF907CAD
:1013E000FB1BEA307E3400026D227E1496807E0460
:1013F00000989AFC8E7E7E3400447E2400017401A5
:101400007E1400109AFD585612109BBEB00068144E
:101410007E146F757E0400FE9AFD93C77401908759
:10142000A5F08045740D7E700312100474107E7058
:101430003C12100474117E705C12100474127E70E1
:101440004412100474137E700212100474146C772A
:1014500012100474156C7712100474166C77121045
:101460000474187E70011210049087A5E0AA90877A
:101470002FF090872D1BEA306D2290872D0BEA30DC
:101480000E340E340E340E34BD32784E90872D0B50
:10149000EA307C677E700F5C7690872F7EEBA074BD
:1014A000015CAB7CB760053EA01478FB7CBA42B807
:1014B00090872D0BEA307C677E700F5C7690872FCB
:1014C0007EEB601E607EA0015CA67CB760053EA03E
:1014D0001478FB7CBA42B70218AF90872D0BEA2034
:1014E0000E240E240E240E247E340001BD23784EDB
:1014F00090872D0BEA307C677E700F5C7690872F8B
:101500007EEBA074015CAB7CB760053EA01478FB59
:101510007CBA42B590872D0BEA307C677E700F5CF9
:101520007690872F7EEB601E607EA0015CA67CB764
:1015300060053EA01478FB7CBA42B60218AF9087D3
:101540002D0BEA200E240E240E240E247E340002DD
:10155000BD2378030218AF90872D0BEA509E5400EC
:1015600030BE54001140030218AF7EA003A49015B2
:1015700072730215A50215D20215FF02162C02166F
:10158000590216860216B30216E002170D02173C26
:1015900002176B02179A0217C90217F802182702DE
:1015A000185502188374F97E14FBB27E04007E7E07
:1015B0000B705C7B7A0B7090872F7EEB603E607EB9
:1015C00014FBB27E04007E7E0B704C767A0B7002A8
:1015D00018AF743F7E14FBB27E04007E7E0B705CFD
:1015E0007B7A0B7090872FE0030354C07E14FBB20C
:1015F0007E04007E7E0B704C7B7A0B700218AF74F9
:10160000F97E14FBBA7E04007E7E0B705C7B7A0B45
:101610007090872F7EEB603E607E14FBBA7E0400E4
:101620007E7E0B704C767A0B700218AF743F7E147E
:10163000FBBA7E04007E7E0B705C7B7A0B70908719
:101640002FE0030354C07E14FBBA7E04007E7E0BA1
:10165000704C7B7A0B700218AF74F97E14FBC27E5B
:1016600004007E7E0B705C7B7A0B7090872F7EEB84
:10167000603E607E14FBC27E04007E7E0B704C7662
:101680007A0B700218AF743F7E14FBC27E04007E9A
:101690007E0B705C7B7A0B7090872FE0030354C045
:1016A0007E14FBC27E04007E7E0B704C7B7A0B7036
:1016B0000218AF74F97E14FBCA7E04007E7E0B70A4
:1016C0005C7B7A0B7090872F7EEB603E607E14FB14
:1016D000CA7E04007E7E0B704C767A0B700218AFC7
:1016E000743F7E14FBCA7E04007E7E0B705C7B7AA6
:1016F0000B7090872FE0030354C07E14FBCA7E0456
:10170000007E7E0B704C7B7A0B700218AF74F37EF8
:1017100014FA387E04007E7E0B705C7B7A0B70902E
:10172000872F7EEB603E603E607E14FA387E0400B8
:101730007E7E0B704C767A0B700218AF74F37E14B9
:10174000FA487E04007E7E0B705C7B7A0B7090877B
:101750002F7EEB603E603E607E14FA487E04007E81
:101760007E0B704C767A0B700218AF74F37E14FA0D
:10177000587E04007E7E0B705C7B7A0B7090872F06
:101780007EEB603E603E607E14FA587E04007E7EF2
:101790000B704C767A0B700218AF74F37E14FA68F3
:1017A0007E04007E7E0B705C7B7A0B7090872F7EB0
:1017B000EB603E603E607E14FA687E04007E7E0B25
:1017C000704C767A0B700218AF74F37E14F7607E5B
:1017D00004007E7E0B705C7B7A0B7090872F7EEB13
:1017E000603E603E607E14F7607E04007E7E0B707B
:1017F0004C767A0B700218AF74F37E14F7907E0467
:10180000007E7E0B705C7B7A0B7090872F7EEB6086
:101810003E603E607E14F7907E04007E7E0B704C2E
:10182000767A0B700218AF74F37E14F7C07E040052
:101830007E7E0B705C7B7A0B7090872F7EEB603E18
:10184000603E607E14F7C07E04007E7E0B704C7696
:101850007A0B70805A74F37E14F7F07E04007E7E5B
:101860000B705C7B7A0B7090872F7EEB603E603E46
:10187000607E14F7F07E04007E7E0B704C767A0B4F
:1018800070802C74F37E14FA707E04007E7E0B70E0
:101890005C7B7A0B7090872F7EEB603E603E607EB3
:1018A00014FA707E04007E7E0B704C767A0B70AA60
:1018B000C3C2AFAAD3D2AFAA9080D9E0BEB000789D
:1018C00003021A9F6D3390865F1BEA30E490865CBA
:1018D000F0743190865DF07E180002907CB9793EFC
:1018E00000021BEA207E34865E7E240001907CBDCF
:1018F000793E00021BEA207E180001907CC1793EEF
:1019000000021BEA207E1480CD7E0400017E348616
:101910005C7E2400019AFCC7AD90865EE0BEB000FC
:101920007803021A90E490865CF0748690865DF0ED
:10193000740190865EF07E180003907CB9793E00B9
:10194000021BEA207E34865C7E240001907CBD79F7
:101950003E00021BEA209F11907CC1793E00021BD1
:10196000EA207E1480CD7E0400017E34865C7E24D5
:1019700000019AFCC7ADE490865CF0748990865DA6
:10198000F07E180002907CB9793E00021BEA207EAE
:1019900034865E7E240001907CBD793E00021BEA05
:1019A000207E180001907CC1793E00021BEA207E57
:1019B0001480CD7E0400017E34865C7E2400019A72
:1019C000FCC7AD90865EE0BEB0896803021A7FE472
:1019D00090865CF0749690865DF07E180002907C94
:1019E000B9793E00021BEA207E34865C7E24000129
:1019F000907CBD793E00021BEA207E180002907C9C
:101A0000C1793E00021BEA207E1480CD7E040001D5
:101A10007E34865C7E2400019AFCC7AD90865CE033
:101A20000A3B90865F1BEA3090865F0BEA207C457C
:101A30006C5590865DE00A3B4D3290865F1BEA3024
:101A400090865F0BEA207E340FA0BD23180C6D2218
:101A500090865F0BEA30BD3258117E3420009080B2
:101A6000D61BEA30E49080D8F0803490865F0BEA91
:101A7000309080D61BEA3074019080D8F080207EB0
:101A80003420009080D61BEA30E49080D8F0800F9C
:101A90007E3420009080D61BEA30E49080D8F0AAF3
:101AA000AAE4906FBDF06D339070471BEA307E342E
:101AB00000719080881BEA307E34007390808A1B0E
:101AC000EA307E1480CD7E04000174299F119AFCB7
:101AD000CCBF7E3400747E24000174017E1400109B
:101AE0009AFD58567E1403E8908661693E00020B09
:101AF000EA209AFD9EB97E1400329AFD9EB09AFEAD
:101B000033FF7E340074E49AFD54B07E1403E890F1
:101B10008661693E00020BEA209AFD9EB97E1400A0
:101B20000A9AFD9EB09AFE33FF7E34007474019AC7
:101B3000FD54B07E1403E8908661693E00020BEA12
:101B4000209AFD9EB97E1400329AFD9EB09AFE3313
:101B5000FFE4906FBEF074E5906FBFF07E18000256
:101B6000907CB9793E00021BEA207E346FC07E244F
:101B70000001907CBD793E00021BEA207E18000126
:101B8000907CC1793E00021BEA207E1480CD7E0449
:101B900000017E346FBE7E2400019AFCC7AD906FB9
:101BA000C07EEBA074015CBABEB0017803E4800291
:101BB0007401906FBDF0906FBDE0BEB0017803027C
:101BC0001CD5E4906FBEF07401906FBFF07E3400BE
:101BD00087CA397E3458FD7E2400FE7E146FC07E95
:101BE0000400019AFDFFBE1BFD7E180089907CB9A0
:101BF000793E00021BEA207E346FBE7E24000190F5
:101C00007CBD793E00021BEA209F11907CC1793E89
:101C100000021BEA207E1480CD7E0400017E346F1A
:101C2000BE7E2400019AFCC7ADE4906FBEF0743113
:101C3000906FBFF07E180002907CB9793E00021BC5
:101C4000EA207E346FC07E240001907CBD793E0086
:101C5000021BEA207E180001907CC1793E00021B25
:101C6000EA207E1480CD7E0400017E346FBE7E2487
:101C700000019AFCC7AD906FC0E020E00A6D339080
:101C800070471BEA3080389070470BEA207E3400A2
:101C9000012D321BEA307E3403E8BD325008740156
:101CA000906FBDF080197E1403E8908661693E0054
:101CB000020BEA209AFD9EB99AFE33FF021C29749A
:101CC000019080D9F07E3400027E141AA07E0400B8
:101CD000FE9AFE337F906FBDE0AA745AF5C674A5D4
:101CE000F5C600000000AA7480F5C79AFE1D06AA7A
:101CF000E4F5C7AA7EA1C774015CBABEB00178043E
:101D000074018001E4AA7E1442407E04000F908694
:101D100061693E00020BEA209AFD9EBB7CB790876A
:101D20009BF090879BE00A4B7E5400012D54F5F503
:101D3000AA90861B1BEA20793E0002C3C202A2AF12
:101D40009202C3C2AF7401F5C590861B695E0002A2
:101D50000BEA40F5C490861B693E00020BEA207C2A
:101D6000B6F5C390861B693E00020BEA207CB5F5F0
:101D7000F69AFE1CDAE5C290861FF0A20292AF909E
:101D8000861FE0AA908624F09086201BEA20793EE8
:101D90000002C3C203A2AF9203C3C2AF7402F5C56F
:101DA000908620695E00020BEA40F5C490862069A7
:101DB0003E00020BEA207CB6F5C3908620693E0007
:101DC000020BEA207CB5F5F6908624E0F5C29AFE77
:101DD0001CDAA20392AFAA9082921BEA00791E003D
:101DE0000290828E1BEA20793E0002804890828E0B
:101DF000693E00020BEA209AFE1D31908292693EF4
:101E000000020BEA207A1BB0908292693E00020B1E
:101E1000EA200B34908292793E00021BEA209082E5
:101E20008E691E00020BEA007E1800012F10793E19
:101E300000021BEA209082960BEA207E1400017DAE
:101E4000329D311BEA306D33BD2378A1AA90829C6C
:101E50001BEA00791E00029082981BEA20793E005E
:101E6000028045908298693E00020BEA2090829C95
:101E7000691E00020BEA007E0BB09AFE1D84908260
:101E800098691E00020BEA007E1800012F10793EAF
:101E900000021BEA2090829C693E00020BEA200BA4
:101EA00034793E00021BEA209082A00BEA207E14C7
:101EB00000017D329D311BEA306D33BD2378A4AA29
:101EC0009086791BEA20793E0002C3C204A2AF9239
:101ED00004C3C2AF7403F5C5908679695E00020B36
:101EE000EA40F5C4908679693E00020BEA207CB690
:101EF000F5C3908679693E00020BEA207CB5F5F6C1
:101F00009AFE1CDAA20492AF7E1403E890866169FF
:101F10003E00020BEA209AFD9EB97E14000A9AFD4B
:101F20009EB09AFE33FFAA9060E51BEA209060E124
:101F30001BEA00791E00029060DF1BEA307E3463EA
:101F4000B17E2400FE7E1460E77E0400017E540210
:101F5000009AFD9F446D339062E71BEA308023E4D2
:101F60009062E70BEA207E3460E72D327A71827A44
:101F70006183F09062E70BEA207E3400012D321B72
:101F8000EA309062E70BEA207E340200BD2340CFA6
:101F90007E3402009082961BEA309060DF0BEA20CC
:101FA0007E34FE005D326D227E1460E77E04000107
:101FB0009AFE1DD76D339062E71BEA308045906230
:101FC000E70BEA109060E1693E00020BEA202D3138
:101FD0007E1BB09060DF0BEA207E3401FF5D329003
:101FE00062E70BEA202D237E3460E72D327A71827E
:101FF0007A6183F09062E70BEA207E3400012D3293
:102000001BEA309060E50BEA209062E70BEA30BDF6
:102010003240AB9060DF0BEA306D229AFE1EC07E2C
:102020003402009082A01BEA309060DF0BEA207E31
:1020300034FE005D326D227E1460E77E0400019A5A
:10204000FE1E4DAA908751F07E3400649087521B8B
:10205000EA3080257E1403E8908661693E00020B19
:10206000EA209AFD9EB99AFE33FF9087520BEA3020
:102070007E2400019D321BEA309087520BEA206DCE
:1020800033BD2368107E3400A49AFD52B30A2B6D31
:1020900033BD2378BF9087520BEA206D33BD236890
:1020A0000C7E340007908751E09AFCD1D16D2290CC
:1020B00087520BEA30BD3278067E18000180029FFD
:1020C00011AA9081B61BEA20793E00029081B21BD2
:1020D000EA00791E00026D339081BA1BEA306D333D
:1020E0009081BC1BEA309081B2693E00020BEA206D
:1020F0004D23680474018001E47E146DF27E0400B7
:10210000FE7E3400689AFE2B310221BA7E3400A490
:102110009AFD52B3BEB000787C9081B6693E000251
:102120000BEA20BE180040500C9081B6693E0002B8
:102130000BEA2080047E3400409081BC1BEA307E94
:102140003400079081B2691E00020BEA009081BC46
:102150000BEA209AFCCDA29081BC0BEA109081B2D0
:10216000693E00020BEA202D31793E00021BEA2075
:102170009081BC0BEA106D009081B6693E00020BA5
:10218000EA209F10793E00021BEA206D339081BA4D
:102190001BEA3080257E1403E8908661693E0002C8
:1021A0000BEA209AFD9EB99AFE33FF9081BA0BEAA2
:1021B000207E3400012D321BEA309081B6693E004A
:1021C000020BEA204D2368119081BA0BEA207E347D
:1021D0000064BD23500302210C9081B6693E0002C9
:1021E0000BEA20AA9084D51BEA00791E0002908495
:1021F000D5691E00020BEA009AFE38EF6D2290842A
:10220000D9793E00021BEA209084D5693E00020B7A
:10221000EA204D23680474018001E47E146DF27E8F
:102220000400FE7E3400889AFE2B319084D5691E0E
:1022300000020BEA009084D9693E00020BEA209A62
:10224000FE20C2AA9081C21BEA20793E0002908142
:10225000BE1BEA00791E00029081C2693E00020B9B
:10226000EA209081C6793E00021BEA209081BE6977
:102270003E00020BEA204D23680474018001E47ED5
:10228000146DF27E0400FE7E3400999AFE2B317E9E
:102290003481C67E240001907C0E793E00021BEA48
:1022A000206D33907C121BEA307E1471647E040032
:1022B000019081BE693E00020BEA209AFDA8419080
:1022C00081C6693E00020BEA20AA9087A0F07E1822
:1022D0000001907DA3793E00021BEA207E14716408
:1022E0007E0400017E3487A07E2400019AFDA28F27
:1022F000AAE49087A1F07E1403E8908661693E000D
:10230000020BEA209AFD9EB97E1400329AFD9EB01F
:102310009AFE33FF7E3471247E240001907F8C79F5
:102320003E00021BEA207E180040907F90793E001C
:10233000021BEA207E1471647E0400016D339AFD55
:10234000ADFE7E3400A46D2274017E1400039AFD5C
:1023500058567E3472A2907D311BEA307E340007DD
:102360007E14C2007E0400017E2472A39AFCE6E281
:102370007E34000774017E1422CA7E0400FE9AFC9B
:10238000D3CC9087A1E0AA908754F07E340064906B
:1023900087551BEA3080257E1403E8908661693EEC
:1023A00000020BEA209AFD9EB99AFE33FF908755F2
:1023B0000BEA307E2400019D321BEA309087550BDA
:1023C000EA206D33BD2368107E3400A49AFD52B319
:1023D0000A2B6D33BD2378BF9087550BEA206D33F0
:1023E000BD23680C7E340007908754E09AFCD1D15D
:1023F0006D229087550BEA30BD3278067E180001B9
:1024000080029F11AA9081DA1BEA20793E00029097
:1024100081D61BEA00791E00026D339081DE1BEA33
:10242000306D339081E01BEA309081D6693E000226
:102430000BEA204D23680474018001E47E146CC80B
:102440007E0400FE7E34006E9AFE2B310224FD7E57
:102450003400A49AFD52B3BEB000787C9081DA6952
:102460003E00020BEA20BE18001E500C9081DA6973
:102470003E00020BEA2080047E34001E9081E01BA7
:10248000EA307E3400079081D6691E00020BEA0014
:102490009081E00BEA209AFCCDA29081E00BEA103B
:1024A0009081D6693E00020BEA202D31793E000270
:1024B0001BEA209081E00BEA106D009081DA693E02
:1024C00000020BEA209F10793E00021BEA206D33C8
:1024D0009081DE1BEA3080257E1403E890866169D6
:1024E0003E00020BEA209AFD9EB99AFE33FF9081CE
:1024F000DE0BEA207E3400012D321BEA309081DAB7
:10250000693E00020BEA204D2368119081DE0BEA40
:10251000207E340064BD23500302244F9081DA6989
:102520003E00020BEA20AA9084E51BEA00791E0017
:10253000029084E5691E00020BEA009AFE38EF6DF6
:10254000229084E9793E00021BEA209084E5693EEE
:1025500000020BEA204D23680474018001E47E141C
:102560006CC87E0400FE7E34008E9AFE2B3190846F
:10257000E5691E00020BEA009084E9693E00020B47
:10258000EA209AFE2405AA9081E61BEA20793E0003
:10259000029081E21BEA00791E00029081E6693E0A
:1025A00000020BEA209081EA793E00021BEA2090AB
:1025B00081E2693E00020BEA204D23680474018029
:1025C00001E47E146CC87E0400FE7E34009F9AFEF7
:1025D0002B317E3481EA7E240001907C0E793E000E
:1025E000021BEA206D33907C121BEA307E14717B53
:1025F0007E0400019081E2693E00020BEA209AFD10
:10260000A8419081EA693E00020BEA20AA9087A2C5
:10261000F07E180001907DA3793E00021BEA207E27
:1026200014717B7E0400017E3487A27E2400019A0F
:10263000FDA28FAAE49087A3F07E3471927E2400DD
:1026400001907F8C793E00021BEA207E18004090AA
:102650007F90793E00021BEA207E14717B7E04008D
:10266000016D339AFDADFE7E3400A46D2274017EAF
:102670001400039AFD58567E3472A2907D311BEAF5
:10268000307E3400077E14C2007E0400017E247276
:10269000A39AFCE6E27E34000774017E14260D7EC8
:1026A0000400FE9AFCD3CC9087A3E0AA90845FF04C
:1026B00090845D1BEA3090845FE07E146ECF7E04D0
:1026C00000FE7E3400389AFE2B319F119084617990
:1026D0003E00021BEA20E4908460F0802C90845D30
:1026E0000BEA309AFE273F7D136D00908461693EAE
:1026F00000020BEA202F10793E00021BEA20908492
:10270000607EEBA074012CBAF090845F7EEBA09009
:102710008460E0BCBA40C690845FE00A1B6D009004
:102720008461693E00020BEA209AFD9EBB793E005F
:10273000021BEA20908461693E00020BEA20AA9005
:10274000866D1BEA306D3390866F1BEA306D2290E8
:10275000866D0BEA301A360E340E340E340E34BD4C
:1027600032785B53BCDF53BCF090866D0BEA301AB5
:10277000367C677E700F5C767CB742BC43BC40E51C
:10278000BC30E5FBE5BD0A3B7C676C7790866F1B30
:10279000EA30E5BE0A2B90866F0BEA304D321BEA19
:1027A00030E4F5BDE4F5BE908760E090866F0BEAFB
:1027B0003060051E341478FB1BEA3002289790869F
:1027C0006D0BEA307D231A240E240E240E240E24D1
:1027D0007E340001BD23680302289774DF7E14FB5A
:1027E000387E04007E7E0B705C7B7A0B7074F07E0A
:1027F00014FB387E04007E7E0B705C7B7A0B70903D
:10280000866D0BEA301A367E600F5C677E14FB38EB
:102810007E04007E7E0B704C767A0B7074407E14C2
:10282000FB387E04007E7E0B704C7B7A0B707E340E
:10283000FB387E24007E7E1BB030E5F27E34FB3A0E
:102840007E24007E7E1B700A377C676C7790866FD3
:102850001BEA307E34FB3B7E24007E7E1B700A2701
:1028600090866F0BEA304D321BEA30E47E34FB3A3F
:102870007E24007E7A1BB0E47E34FB3B7E24007E07
:102880007A1BB0908761E090866F0BEA3060051E7E
:10289000341478FB1BEA3090866F0BEA30AA9086DE
:1028A000731BEA209086711BEA309086710BEA2038
:1028B0007E3400FF5D326D2274017E1400019AFDAA
:1028C00058566D229086710BEA301A360E340E344B
:1028D0000E340E34BD32782C53BCF09086710BEA66
:1028E000301A367C677E700F5C767CB742BC43DE64
:1028F0000F43DE209086730BEA50908760F043BC54
:102900008002298D9086710BEA307D231A240E24D3
:102910000E240E240E247E340001BD23786F74F043
:102920007E14FB387E04007E7E0B705C7B7A0B701D
:102930009086710BEA301A367E600F5C677E14FB5E
:10294000387E04007E7E0B704C767A0B70740F7E9E
:1029500014FB397E04007E7E0B704C7B7A0B707406
:10296000207E14FB397E04007E7E0B704C7B7A0B3C
:10297000709086730BEA50908761F074807E14FB30
:10298000387E04007E7E0B704C7B7A0B707E1403C5
:10299000E8908661693E00020BEA209AFD9EB99A92
:1029A000FE33FFAA9084311BEA20793E0002908416
:1029B0002D1BEA00791E0002908431693E00020B53
:1029C000EA20BE18FFFF282490842D691E00020B08
:1029D000EA007E34FFFF9AFE2F547E08FFFF9084AA
:1029E00031693E00020BEA209F10801A90842D6905
:1029F0001E00020BEA00908431693E00020BEA20BF
:102A00009AFE2F549F11AA9084391BEA20793E0028
:102A1000029084351BEA00791E00027E3484397EE0
:102A2000240001907C0E793E00021BEA206D339059
:102A30007C121BEA307E146F167E040001908435F0
:102A4000693E00020BEA209AFDA841908439693E54
:102A500000020BEA20AA907F7C1BEA30907F781B53
:102A6000EA00791E00027E346E387E2400FE7E1459
:102A70007F7E7E04000174089AFD9F427E34000828
:102A8000CA397E347F7E7E240001907F78691E00E3
:102A9000020BEA009AFCFFA51BFDBEB000784FC3F5
:102AA000C2AFE47E34FE007E24007E7A1BB0E4F5E3
:102AB000F453DCF0E47E34FE077E24007E7A1BB003
:102AC000E47E34FE037E24007E7A1BB07E1403E88D
:102AD000908661693E00020BEA209AFD9EB97E1441
:102AE000000A9AFD9EB09AFE33FF7460F5C7906F9E
:102AF0002DE0BEB0006828907F7C0BEA306D2290FC
:102B00007DA3793E00021BEA207E146F167E04002E
:102B100001907F78693E00020BEA209AFDA28FAAFD
:102B200090879AF090879AE09AFE306F90879AE0AB
:102B3000AA907C661BEA30907C621BEA00791E003A
:102B400002907C61F07E346E407E2400FE7E147C18
:102B5000687E040001740D9AFD9F42805C7E347C87
:102B6000687E240001907867793E00021BEA20907D
:102B70007C62693E00020BEA20907863793E000295
:102B80001BEA20907C660BEA309078611BEA307E6D
:102B9000146E207E0400FE9AFD93C77E1403E89015
:102BA0008661693E00020BEA209AFD9EB97E1401FF
:102BB000F49AFD9EB09AFE33FF907C61E0BEB000B7
:102BC000689BAA9AFE2F4F7E346E957E240001905A
:102BD0007F8C793E00021BEA207E180080907F9057
:102BE000793E00021BEA207E146F167E0400016D00
:102BF000339AFDADFE7E142A567E0400FE9AFE3006
:102C0000B7AA9086161BEA20793E00027E14424045
:102C10007E04000F908616693E00020BEA209AFDA2
:102C20009EBB7E08004E9F107E1400039AFD9EB945
:102C30007CB790861AF09AFE18B0D3A9D7BA9086BE
:102C400016691E00020BEA007E340E007E24072760
:102C5000BF0140067404F5E9803C908616691E00A9
:102C6000020BEA007E34B4007E2404C4BF01400697
:102C70007403F5E98020908616691E00020BEA00B5
:102C80007E34B4007E2404C4BF0140067402F5E91A
:102C900080047404F5E974027E34FE017E24007E13
:102CA0007A1BB07E34FDF67E24007E7E1BB0F5A636
:102CB0007E34FDEC7E24007E7E1BB0F59F539DFC90
:102CC000439D0174EF7E14FE0C7E04007E7E0B702B
:102CD0005C7B7A0B7074047E34FE0D7E24007E7A59
:102CE0001BB090861A7EEB60740F5C6B7E14FE0C3A
:102CF0007E04007E7E0B704C767A0B7074807E149E
:102D0000FE0C7E04007E7E0B704C7B7A0B707E186E
:102D1000C3509AFE33C874FC7E14FE007E04007E0D
:102D20007E0B705C7B7A0B7074F37E14FE007E0465
:102D3000007E7E0B705C7B7A0B7074047E14FE0048
:102D40007E04007E7E0B704C7B7A0B70E4F5DEE433
:102D5000F58EE4F598E4F59AE4F5ACE4F5FDE4F5D8
:102D6000A2E4F5AFE4F589908616693E00020BEA0D
:102D700020908661793E00021BEA2053B2FC43B1E9
:102D80000374807E34FE077E24007E7A1BB07E347E
:102D9000FE077E24007E7E1BB030E0F27E1403E846
:102DA000908661693E00020BEA209AFD9EB97E146E
:102DB000000A9AFD9EB09AFE33FF9AFE18B4AA7ECE
:102DC0003400627E24000174017E1400109AFD58C4
:102DD000569F11907DB3793E00021BEA207E347A23
:102DE000637E0842689AFDCECC7E3400607E24006B
:102DF0000174017E1400109AFD58569F11907DB306
:102E0000793E00021BEA207E346A617E0842689A9D
:102E1000FDCECCAA90870B1BEA209087091BEA30D5
:102E20009087090BEA207E34005ABD23080A7E34BD
:102E3000005A9087091BEA309087090BEA207E34FC
:102E4000FFA6BD23580A7E34FFA69087091BEA30EF
:102E500090870B0BEA207E34005ABD23080A7E348B
:102E6000005A90870B1BEA3090870B0BEA207E34C8
:102E7000FFA6BD23580A7E34FFA690870B1BEA30BD
:102E80006D229087090BEA30BD32482C7E340062F7
:102E900074019AFD54B07E347A63CA399087090B65
:102EA000EA301A261A247E1400649AFD9EB07F012F
:102EB000DA399AFDCCEE802F7E340062E49AFD541C
:102EC000B07E347A63CA399087090BEA306E34FFDA
:102ED000FF0B341A261A247E1400649AFD9EB07FDC
:102EE00001DA399AFDCCEE6D2290870B0BEA30BDEA
:102EF00032482C7E34006074019AFD54B07E346AEE
:102F000061CA3990870B0BEA301A261A247E140006
:102F1000649AFD9EB07F01DA399AFDCCEE802F7E57
:102F2000340060E49AFD54B07E346A61CA399087F7
:102F30000B0BEA306E34FFFF0B341A261A247E1472
:102F400000649AFD9EB07F01DA399AFDCCEEAA9A10
:102F5000FE05ABAA90813E1BEA3090813A1BEA0045
:102F6000791E00027E182710908140793E00021BD6
:102F7000EA20E4908144F0E4908145F0907DEBE01C
:102F8000BEB004680990813E0BEA3002306E023018
:102F90005D7E182710908140793E00021BEA209048
:102FA000813E0BEA207E340040BD23400474408003
:102FB0000690813E0BEA50908144F0D3D200C3A921
:102FC000C7AF740E7E70019AFE0630E4908145F022
:102FD0008027742190813A691E00020BEA007E0B63
:102FE000700B14791E00021BEA009AFE06309081D5
:102FF000457EEBA074012CBAF09081447EEBA0904A
:103000008145E0BCBA40CB74117E70019AFE063057
:10301000D3A9D7AF30001D908140693E00020BEA72
:10302000207E2800017F019F02791E00021BEA001A
:103030004D2378E0908140693E00020BEA20BE18E3
:103040000000180890813E0BEA308022908144E015
:103050000A2B90813E0BEA309D321BEA306D2290A4
:10306000813E0BEA30BD322803022F916D33AA90C6
:10307000879CF07E14879C7E0400017E3400019AB8
:10308000FE2F54AA9085AA1BEA00791E00029085A3
:10309000AA691E00020BEA009AFE38EF9085AE1B6B
:1030A000EA309085AA691E00020BEA009085AE0BFB
:1030B000EA309AFE2F54AA9086C91BEA00791E00B6
:1030C000029086C9693E00020BEA209086C5793ECF
:1030D00000021BEA20AA9AFE3104E580BEB0007807
:1030E000067E34000180026D33E5800A2B4D236D8E
:1030F00033BD2378E59F007E346CC67E2400FE9AA3
:10310000FD93F4AAE490746DF07E34D8007E24051B
:10311000B89AFE2C029AFE2BC39AFE2DBF9AFE355A
:103120000D9AFE35D79AFDDF199AFE382E7E3403AC
:10313000207E2403209AFE385F9AFE0D839AFE2695
:10314000349AFD44417E34DF827E2400FD907F0668
:10315000793E00021BEA206D33CA397E1403E890E1
:103160008661693E00020BEA209AFD9EB97E14003A
:10317000149AFD9EB07F01DA399AFDEF4F7E343309
:10318000C87E2400FD907F06793E00021BEA207E67
:10319000340001CA397E1403E8908661693E00025A
:1031A0000BEA209AFD9EB97F01DA399AFDEF4FD3E1
:1031B000D2AF9AFD44A39079B8E0BEB00068F3E4C2
:1031C0009079B8F090746D7EEBA074012CBAF090F9
:1031D000746D7EEBA07405BCAB40D7E490746DF0C9
:1031E000905D670BEA309078911BEA30905D5F0B41
:1031F000EA3090788F1BEA30905D5A0BEA30907875
:103200008D1BEA30905D610BEA3090788B1BEA30C1
:10321000905D630BEA309078891BEA30905D5DE049
:103220000A3B9078871BEA30905E5FE00A3B90781B
:10323000851BEA307E14742D7E0400017E346C916F
:103240007E2400FE9AFD93F47E14742D7E0400010A
:103250009AFE25270231B2AAAA9080141BEA0079AF
:103260001E00029080121BEA309080120BEA309010
:103270007AD81BEA3090801C693E00020BEA204D90
:1032800023780A7E3432587E2400FE800A90801C07
:10329000693E00020BEA20907AEC793E00021BEABC
:1032A00020908014693E00020BEA204D23780A7EAC
:1032B0003432587E2400FE800A908014693E000259
:1032C0000BEA20907AE8793E00021BEA20908018F1
:1032D000693E00020BEA204D23780A7E3432587E84
:1032E0002400FE800A908018693E00020BEA2090BC
:1032F0007AE4793E00021BEA20AA9085B21BEA001C
:10330000791E00029085B01BEA309085B00BEA3040
:10331000907ADE1BEA30907ADE0BEA207E340004DD
:10332000BD23782E9085B2693E00020BEA204D2322
:10333000780A7E3432587E2400FE800A9085B26975
:103340003E00020BEA20907AF0793E00021BEA2050
:10335000802C9085B2693E00020BEA204D23780A4A
:103360007E3432587E2400FE800A9085B2693E0089
:10337000020BEA20907AE0793E00021BEA20AA9034
:1033800085B81BEA00791E00029085B61BEA3090D2
:1033900085B60BEA30907AF41BEA309085B8693E26
:1033A00000020BEA204D23780A7E3432587E240036
:1033B000FE800A9085B8693E00020BEA20907ADA16
:1033C000793E00021BEA20AA9086751BEA20793E0E
:1033D00000029F117A1F0010908675693E00020B53
:1033E000EA207A1F0010800E7E1F00107E08000168
:1033F0009F107A1F00107E1F00104D2378EAAA90BC
:1034000083551BEA20793E0002E47E34FE787E2458
:10341000007E7A1BB07E14FF017E0400FE9083556F
:10342000693E00020BEA20BF1028367E0800059096
:103430008355693E00020BEA202F107E14000C9A7F
:10344000FD9EB9908355793E00021BEA2074EF7E01
:1034500014FE787E04007E7E0B705C7B7A0B70809D
:103460001274107E14FE787E04007E7E0B704C7BFE
:103470007A0B70908355693E00020BEA207CB59070
:103480008359F0908359E00A3B6D227E0800012F9A
:1034900001908355693E00020BEA209AFD9EBB9085
:1034A000835A1BEA3090835A0BEA207E34FFFF9D3B
:1034B0003290835C1BEA30908359E07E34FE797E43
:1034C00024007E7A1BB090835C0BEA107E34FE7B76
:1034D0007E24007E7A1B3090835C0BEA307D130AD9
:1034E000127E34FE7A7E24007E7A1B3074807E1435
:1034F000FE787E04007E7E0B704C7B7A0B707E34EF
:10350000FE787E24007E7E1BB030E0F2AA6D337E12
:103510002402707E140A729AFD7A437E3400027E81
:103520002442507E144A529AFD7A43AACA3B6D3314
:103530009AFD6D0890821C1BEA307E3400029AFDD1
:103540006D086E34FFFF0B3490821A1BEA309082B4
:103550001C0BEA309082141BEA3090821A0BEA307E
:103560009082121BEA3090821A0BEA309AFDFFE338
:103570007D731A6E1A6C90821C0BEA309AFDFFE381
:103580001A261A242F137E0800029AFD9F0C7F0131
:10359000908216693E00020BEA202F10793E00024D
:1035A0001BEA206D339AFD70E77E3400029AFD70AD
:1035B000E7DA3BAA908216693E00020BEA20908768
:1035C000921BEA309F11908216793E00021BEA207E
:1035D0009087920BEA30AA9F11907DB3793E00024A
:1035E0001BEA207E3482B07E0800329AFDCECC6D7C
:1035F000337E2442B49AFE35FAAA9087151BEA203E
:10360000793E00026D117E0442C8908715693E0024
:10361000020BEA209AFD9D4E28106D337E2442C88D
:10362000908715793E00021BEA206D117E044294BA
:10363000908715693E00020BEA209AFD9D4E5010BE
:103640006D337E244294908715793E00021BEA2058
:103650007E3482B0CA396D117E0442B490871569F8
:103660003E00020BEA209AFD9CCD6D117E043F00C6
:103670009AFD9B757F016D337E2443FA9AFD9C2D44
:103680009AFD9DDF7F01DA399AFDCCEEAA9084ED98
:103690001BEA20793E00027E3484F07E2400017E05
:1036A0001B307E3484F17E2400017A1B307E34840A
:1036B000EF7E2400017E1B307E3484F27E240001E4
:1036C0007A1B307E3484EE7E2400017E1B307E34F3
:1036D00084F37E2400017A1B307E3484ED7E240046
:1036E000017E1B307E3484F47E2400017A1B3090EE
:1036F00084F1693E00020BEA20AA9087051BEA309C
:103700007E3487067E2400017E1B307E3487077E50
:103710002400017A1B307E3487057E2400017E1B45
:10372000307E3487087E2400017A1B309087070B97
:10373000EA30AA9086451BEA209086431BEA307443
:1037400001908647F06D229086430BEA103E147E6E
:10375000347B4E2D317A71827A61830BEA30BD322F
:10376000781F9086450BEA209086430BEA103E14A2
:103770007E347B4E2D317A71827A61831BEA208000
:103780002E9086430BEA203E247E347B4E2D327AE7
:1037900071827A61830BEA209086450BEA30BD2363
:1037A00078087401908647F08005E4908647F09091
:1037B0008647E0AA9086831BEA209086811BEA3028
:1037C0009086810BEA207E340142BD23780F9086DB
:1037D000830BEA302E34FFFF9288D3D2A8908681E3
:1037E0000BEA207E340243BD23780F9086830BEAD8
:1037F000302E34FFFF928AD3D2AA9086810BEA2022
:103800007E340346BD237803438F109086810BEAF4
:10381000207E340447BD237803438F209086810B9C
:10382000EA207E340540BD237803438F40AA9F11D0
:10383000907DB3793E00021BEA207E34B1B57E084C
:1038400000329AFDCECC9F11907DB3793E00021BD1
:10385000EA207E34B9B77E0800329AFDCECCAA9019
:1038600087271BEA209087251BEA307E34B1B5906C
:1038700087250BEA101A021A009AFDCCEE7E34B9A5
:10388000B79087270BEA101A021A009AFDCCEEAA0D
:103890009087901BEA309087900BEA301B36682A9D
:1038A0000B36784A7E3429A47E2400FE9084F97970
:1038B0003E00021BEA207E342A077E2400FE90840C
:1038C000F5793E00021BEA2080247E3489907E2414
:1038D00000FD9084F9793E00021BEA207E348B5370
:1038E0007E2400FD9084F5793E00021BEA20AA6D3B
:1038F0003380020B347E0BB00B1470F7AAC82E0075
:103900002E802E3DB1C82E002E802E9103802EBC1D
:10391000B0802EA303C82E002E802E00B050302180
:103920002E59F51030212E6AF5802E3B0300000041
:1039300000081901002200750000100010D100B32A
:1039400043802E00C1802E00C1802E00C1802E0039
:10395000C1802E00C1802E00C1802E00C1802E00AB
:10396000C1802E00C1802E00C1802E00C1802E009B
:10397000C1802E00C1802E00C1802E00C1802E008B
:10398000C1802E00C1802E00C1802E00C1802E007B
:10399000C1802E00C1802E00C1802E00C1802E006B
:1039A000C1802E00C1802E00C1802E00C1802E005B
:1039B000C1802E00C1802E00C1802E00C1802E004B
:1039C000C1802E00C1802E00C1802E00C1802E003B
:1039D000C1802E00C1802E00C1802E00C1802E002B
:1039E000C1802E00C1802E00C1E05F0000000001F8
:1039F0000000000000000000000000920000000035
:103A00000000000000000000000000000008190095
:103A100000880000000000000005E0AA3805E090E2
:103A200030FA0096004B091100110002002D01D45C
:103A30007B3B01DB7A04003F7BCD6CC3048509C36B
:103A400004ECE60C460100270019009600A00001D6
:103A5000000C00F03C00010100030001000E00001A
:103A60000032000500EE060400C80000000400A8B3
:103A700005EE060004BC02B300850700000000004C
:103A8000000000000000000000000000000000B482
:103A9000000100B9000100980000000000000000D3
:103AA0000001008000040000000000000000000091
:103AB0000000000000000000000000000000000006
:103AC00000000000000000000000000000000000F6
:103AD00000000000000000000000000000000000E6
:103AE00000000000000000000000000000000000D6
:103AF00000000000000000802E00C1FD2DDE00EB64
:103B000000DA00000CFF0F0004C0005BF5C9011EC5
:103B1000F280003FFF19F458F566F564F5C0F1F046
:103B200000E000CD01D301DB01FF7FFF01E4007461
:103B3000F7F300FA00FF3FCA036C3856FE44FDBCA1
:103B400002F90600FC1202AE0158FA9AFD7705BB95
:103B500002960195017F0182018901870188018A0E
:103B6000018C018F018D0192019101DD009F017E89
:103B700001DB00B601706926D39C071F059D00007C
:103B800008BC0537FAA201AA01A101A801A001A859
:103B900005B401B401CE00D000FC00C501FFFBB1AB
:103BA0000000380030FDF5FCF5CD01A0005FFF00FE
:103BB00040FF0000806D0FEB007FFFC2F568F7B398
:103BC000F1670F5B0F610F800F58F75BF7830F866C
:103BD00000720F850FC6F17F0F6CF700E000FFD178
:103BE000F5870F8A0FFF03F03F8B008E009000B91E
:103BF000002DF5CAF5CB0120F20000000000000006
:103C000000000000000000000000000000000000B4
:103C100000000000000000000000000000000000A4
:103C20000000000000000000000000000000000094
:103C30000000000000000000000000000000000084
:103C40000000000000000000000000000000000074
:103C50000000000000000000000000000000000064
:103C60000000000000000000000000000000000054
:103C70000000000000000000000000000000000044
:103C80000000000000000000000000000000000034
:103C90000000000000000000000000000000000024
:103CA0000000000000000000000000000000000014
:103CB0000000000000000000000000000000000004
:103CC00000000000000000000000000000000000F4
:103CD00000000000003050982ED70E5032982EFA77
:103CE000030030F07F002E002ED02E002E01800821
:103CF000A2FB2F982EBA03212E1900012EEE0000F0
:103D0000B2072F012E190000B2032F015003529861
:103D10002E07CC012EDD0000B2272F052E8A0005CC
:103D200052982EC7C1032EE90040B2F07F082F0140
:103D30002E190000B2042F0030212EE900982EB475
:103D4000B1012E180000B2102F0550982E4DC3055A
:103D500050982E5AC7982EF9B4982E54B2982E67C0
:103D6000B6982E17B21030212E7700012EEF0000EA
:103D7000B2042F982E7AB70030212EEF00012ED4F6
:103D80000004AE0B2F012EDD0000B2072F05529864
:103D90002E8E0E00B2022F1030212E7D00012E7DBE
:103DA000000090902EF102012ED70000B2042F984F
:103DB0002E2F0E0030212E7B00012E7B0000B21230
:103DC0002F012ED4000090022F982E1F0E092D983F
:103DD0002E810D012ED4000490022F5032982EFA1D
:103DE000030030212E7B00012E7C0000B2902E09B2
:103DF00003012E7C000131010800B2042F982E47E8
:103E0000CB1030212E77008130012E7C000108007C
:103E1000B2612F032E8900012ED40098BC98B805FA
:103E2000B20F58232F079009540030372F15410443
:103E300041DCBE44BEDCBA2C0161000F564A0F0CB7
:103E40002FD14294B8C1421130052E6AF72CBD2FF4
:103E5000B980B20822982EC3B7212D6130232ED409
:103E600000982EC3B70030212E5AF5182DE17F504F
:103E700030982EFA030F520750504270300D5442C2
:103E8000427E82E26F80B24242052F212ED4001082
:103E900030982EC3B7032D6030212ED400012ED4CC
:103EA000000690182F012E76000B540752E07F98E1
:103EB0002E7AC1E16F081A4030082F212ED400203D
:103EC00030982EAFB75032982EFA03052D982E3821
:103ED0000E0030212ED4000030212E7C00182D0140
:103EE0002ED40003AA012F982E450E012ED4003F98
:103EF0008003A2012F002E022D982E5B0E303098E9
:103F00002ECEB70030212E7D005032982EFA0301BC
:103F10002E770000B2242F982EF5CB032ED500115A
:103F200054010ABC848386212EC901E0401352C487
:103F3000408240A8B9524243BE5342040A5042E173
:103F40007FF0314140F26F25BD0808020AD07F980A
:103F50002EA8CF06BCD16FE26F080A8042982E5877
:103F6000B70030212EEE00212E7700212EDD0080BB
:103F70002EF4011A242200802EEC011050FB7F98B1
:103F80002EF3035750FB6F013071541142420EFC67
:103F90002FC02E0142F05F802E00C1FD2D010000D8
:103FA0000000000000000000009A0134030000003F
:103FB0000000000000000000000000000000000001
:103FC00000000000000000000000000000000000F1
:103FD00000000000000000000000000000000000E1
:103FE00000000000000000000000000000000000D1
:103FF00000000000000000000000000000000000C1
:1040000000000000000000000000000000000000B0
:104010000000000000000000000000000000002080
:1040200050E77FF67F06320F2E61F5FE09C0B3041C
:104030002F17302F2EEF002D2E61F5F66FE76FE072
:104040005FC82E2050E77FF67F46300F2EA4F1BECA
:104050000980B3062F0D2ED40084AF022F16302D09
:104060002E7B0086302D2E60F5F66FE76FE05FC87F
:104070002E012E77F709BC0FB800B21050FB7F104D
:10408000300B2F032E8A0096BC9FB840B2052F0339
:104090002E68F79EBC9FB840B2072F032E7E0041CA
:1040A00090012F982EDC03032C0030212E7E00FB84
:1040B0006FF05FB82E2050E07FFB7F002E275098D6
:1040C0002E3BC82950982EA7C80150982E55CCE1F8
:1040D0006F2B50982EE0C9FB6F0030E05F212E7EE1
:1040E00000B82E7350013057541142420EFC2FB8C5
:1040F0002E212E59F51030C02E212E4AF19050F766
:104100007FE67FD57FC47FB37FA17F907F827F7B57
:104110007F982E35B700B2902E97B0032E8F0007F0
:104120002E9100052EB1003FBA9FB8012EB100A319
:10413000BD4C0A052EB10004BEBFB9CB0A4FBA224E
:10414000BD012EB300DC0A2FB9032EB8000ABE9AB7
:104150000ACFB99BBC012E97009FB8930A0FBC9160
:104160000A0FB8900A252E1800052EC1F52EBD2E77
:10417000B9012E190031308A040090072F012ED486
:104180000004A2032F012E180000B20C2F195005B5
:1041900052982E4DB7052E780080901030012F21B7
:1041A0002E7800252EDD00982E3EB700B202300199
:1041B00030042F012E190000B2002F2130012EEA09
:1041C00000081A0E2F232EEA0033301B500B090172
:1041D00040175646BE4B084C0A01420A8015520150
:1041E00042002E012E180000B21F2F032EC0F5F042
:1041F00030480847AA7430072E7A0061224B1A050E
:104200002F072E66F5BFBDBFB9C0900B2F1D562BD3
:1042100030D242DB420104C24204BDFE80818423CD
:104220002E7A0002420232252E62F5052ED600813A
:1042300084252ED6000231252E60F5052E8A000B2E
:1042400050900880B20B2F052ECAF5F03E9008253D
:104250002ECAF5052E59F5E03F9008252E59F59008
:104260006FA16FB36FC46FD56FE66FF76F7B6F820F
:104270006F705FC82EC050907FE57FD47FC37FB141
:104280007FA27F877FF67F7B7F002E012E60F56007
:104290007F982E35B70230636F1552507F627F5A78
:1042A0002C02321A0900B3142F00B2032F092E1862
:1042B0000000910C2F437F982E97B71F50028A025F
:1042C000320430252E64F51552506F436F44432558
:1042D0002E60F5D908C0B2362F982E3EB700B20630
:1042E0002F012E190000B2022F506F00900A2F01EB
:1042F0002E79000090192F1030212E79000030986F
:104300002EDC03132D012EC3F50CBC0FB812301098
:104310000403B0262521500352982E4DB7103021AA
:104320002EEE000230607F252E7900606F00900530
:104330002F0030212EEA001550212E64F51552234E
:104340002E60F50232506F0090022F0330272E7836
:1043500000072E60F51A090091A32F19090091A0FA
:104360002F906FA26FB16FC36FD46FE56F7B6FF645
:104370006F876F405FC82EC050E77FF67F26300FF3
:104380002E61F52F2E7C000F2E7C00BE09A27F80AF
:104390007F80B3D57FC47FB37F917F7B7F0B2F233B
:1043A000501A251240427F74821240527F002E0024
:1043B00040607F982E6AD68130012E7C0001080073
:1043C000B2422F032E8900012E890097BC06BC9FA4
:1043D000B80FB80090232ED800103001302A2F03D8
:1043E0002ED40044B2052F47B200302D2F212E7C51
:1043F000002B2D032EFDF59EBC9FB84090142F037B
:104400002EFCF599BC9FB840900E2F032E49F12544
:10441000544A084090082F982E35B700B210300348
:104420002F5030212ED400102D982EAFB700302100
:104430002E7C000A2D052E69F72DBD2FB980B20103
:104440002F212E7D00232E7C00E031212E61F5F6F8
:104450006FE76F806FA26FB36FC46FD56F7B6F9183
:104460006F405FC82E60510A253688F47FEB7F00CD
:1044700032315232301330982E15CB0A253384D284
:104480007F433005502D52982E95C1D26F275298F8
:104490002ED7C72A25B086C07FD37FAF842950F19D
:1044A0006F982E4DC82A25AE8AAA88F26E2B50C16D
:1044B0006FD36FF47F982EB6C8E06E00B2322F3300
:1044C000548386F16FC37F04303030F47FD07FB2E5
:1044D0007FE330C56F56404541280803140EB408E9
:1044E000BC8240100A2F542605917F4428A37F9850
:1044F0002ED9C008B933305309C16FD36FF46F831D
:104500001747406C15B26FBE09750B90424542517A
:104510000E32BC0289A16F7E86F47FD07FB27F0409
:1045200030916FD62FEB6FA05EB82E032E97001B35
:10453000BC60509FBC0CB8F07F40B2EB7F2B2F03C8
:104540002E7F004140012EC800011A112F37582339
:104550002EC8001041A07F38810141D07FB17F98E3
:104560002E64CFD06F0780A16F1142002EB16F0172
:10457000421130012EFC0000A80330CB224A250155
:104580002E7F003C8935520554982EC4CEC16FF061
:104590006F982E95CF042D0130F06F982E95CFEBAC
:1045A0006FA05FB82E032EB3000232F0300331301B
:1045B000508A080808CB08E07F80B2F37FDB7F25B4
:1045C0002F032ECA004190042F0130232ECA0098D9
:1045D0002E3F03C0B2052F032EDA00003041042322
:1045E0002EDA00982E92B21025F06F00B2052F013E
:1045F0002EDA0002301004212EDA0040B2012F23FF
:104600002EC801DB6FE06FD05F802E95CF0130E0C8
:104610006F982E95CF1130232ECA00DB6FD05FB874
:104620002ED0500A2533845550D27FE27F038CC0B0
:104630007FBB7F0030055A39545141A57F967F805A
:104640007F982ED9C00530F57F2025916F3B583DCE
:104650005C3B56982E67CCC16FD56F52405043C11A
:104660007FD57F1025982EFEC91025982E74C08600
:104670006F3028926F828CA56F6F52690E3954DBB0
:104680002F19A01530032F0030212E81010A2D0192
:104690002E810105284236212E8101020E012F981C
:1046A0002EF303575012300140982EFEC9516F0B64
:1046B0005C8E0E3B6F57580230212E9501456F2AB4
:1046C0008DD27FCB7F132F02303F50D27FA80E0EAA
:1046D0002FC06F535402005154420E1030595202F1
:1046E00030012F002E032D504242421230D27F80E3
:1046F000B2032F0030212E8001122D012EC900029D
:1047000080052E8001113091280040252E80011057
:104710000E052F012E7F010190012F982EF303002B
:104720002EA0410190A67F902EE3B4012E950100AA
:10473000A8902EE3B45B549580824080B202402D55
:104740008C3F52967F902EC2B3290E762F012EC930
:1047500000004081284552B330982E0FCA5D548026
:104760007F002EA140727F82808240607F982EFE63
:10477000C91025982E74C0626F05308740C091041F
:1047800030052F052E830180B21430002F04300530
:104790002EC900736F8140E2406904110FE1401699
:1047A00030FE29CB40022F836F830F222F475613F1
:1047B0000F1230772F4954420E1230732F00910A96
:1047C0002F012E8B0119A802306C2F6350002E1779
:1047D000420542682C12300B25080F5030022F2161
:1047E0002E8301032D4030212E83012B2E85015A6B
:1047F0002C123000912B25042F63500230174217E2
:104800002C0242982EFEC91025982E74C0052EC980
:104810000081845B308240372E8301020E072F5FB8
:1048200052403062404140910E012F212E830105FC
:10483000302B2E85011230362C16301525817F98AD
:104840002EFEC91025982E74C019A21630152F05FA
:104850002E9701806F820E052F012E8601062821DA
:104860002E86010B2D032E87015F544E28914200A6
:104870002E8240900E012F212E88010230132C052C
:1048800030C06F081CA80F163005305B50092F028E
:10489000802D2E820105420580002E02423E8000BE
:1048A0002E06420230906F3E88014004414C2801A0
:1048B00042078010252440004000A8F52223294407
:1048C000427A827E884340044100ABF523DF2843CF
:1048D00042D9A0142F0090022FD26F81B2052F630E
:1048E00054062890428542092C02305B50038029EF
:1048F0002E7E012B2E8201054212302B2E83014584
:1049000082002E40407A8202A0082F63503B30156F
:104910004205423780372E7E0105421230012EC9F2
:1049200000028C404084417A8C040F032F012E8BAF
:104930000119A4042F2B2E8201982EF3031230812B
:10494000906152082F654265424380398482880510
:1049500042454285420543002E80410090902EE161
:10496000B46554C16F804000B243586950442F551C
:104970005CB7878C0F0D2E9601C440362F41568BA5
:104980000E2A2F0B52A10E0A2F052E8F01142598E7
:104990002EFEC94B54020F695005306554152F0384
:1049A0002E8E014D5C8E0F3A2F052E8F01982EFE14
:1049B000C94F54820F053069506554302F6D521520
:1049C00030428C454204302B2C84436B52428C0085
:1049D0002E85431530242C45428E0F202F0D2E8E10
:1049E00001B10E1C2F232E8E011A2D0E0E172FA192
:1049F0000F152F232E8D01132D982E74C04354C2F2
:104A00000E0A2F655004800B3006820B42798041DC
:104A1000401230252E8C01014205306950655484C6
:104A2000824384BE8C8440864126299442BE8ED522
:104A30007F19A143400B2E8C018440C7415D29277B
:104A40002945428442C27F012FC0B31D2F052E94F9
:104A50000199A0012F80B3132F80B3182FC0B31674
:104A60002F12400140927F982E74C0926F100F2039
:104A700030032F1030212E7E010A2D212E7E0107BA
:104A80002D2030212E7E01032D1030212E7E01C2DB
:104A90006F012EC900BC84028082400040900ED578
:104AA0006F022F1530982EF30341910530072F67C1
:104AB000503D802B2E8F0105420480002E054202BE
:104AC0002C00300030A26F988A864080A7052F986E
:104AD0002EF303C030212E950106251A25E26F76AC
:104AE0008296405643510EFB2FBB6F305FB82E01AC
:104AF0002EB8000131410840B22050F2300208FBCC
:104B00007F0130102F052ECC008190E07F032F23F2
:104B10002ECC00982E55B6982E1DB51025FB6FE0B3
:104B20006FE05F802E95CF982E95CF1030212ECC40
:104B300000FB6FE05FB82E00510558EB7F2A2589F6
:104B4000526F5A895013410640B3011642CB1606E4
:104B500040F3021342650EF52F054014302C290452
:104B60004208A10030902E52B6B388B08AB684A411
:104B70007FC47FB57FD57F927F733004305540422C
:104B8000408A17F3086B01900253B84B82ADBE7197
:104B90007F450A0954847F982ED9C0A36F7B54D0D7
:104BA00042A37FF27F607F2025716F755A77587915
:104BB0005C7556982E67CCB16F626F5042B17FB36F
:104BC000301025982E0FCA846F2029716F926FA51F
:104BD0006F76826A0E73300030D02FD26FD17FB4DF
:104BE0007F982E2BB715BD0BB8020AC26FC07F98F5
:104BF0002E2BB715BD0BB8420AC06F081741188994
:104C000016E118D018A17F27251625982E79C08B7C
:104C100054907FB330824080900D2F7D52926F98D8
:104C20002E0FCAB26F900E062F8B501430426F5168
:104C30006F144212420142002E316F982E74C0410F
:104C40006F807F982E74C0826F10044352010F054D
:104C50002ECB0000300430212F516F43588C0E04AE
:104C6000301C2F8588416F04418C0F0430162F842F
:104C700088002E044104058C0E04300F2F828831E9
:104C80006F044104058C0E0430082F8388002E0425
:104C9000418C0F0430022F212EAD011430009114ED
:104CA0002F032EA10141900E2F032EAD0114304C85
:104CB00028232EAD0146A0062F81848D5248828282
:104CC00040212EA10142425C2C0230052EAA018017
:104CD000B20230552F032EA901926FB330982E0FD8
:104CE000CAB26F900F003002304A2FA26F875291E4
:104CF000008552510E022F002E432C0230C26F7FCE
:104D000052910E02303C2F516F8154982EFEC910E3
:104D100025B3302125982E0FCA326FC07FB33012D1
:104D200025982E0FCA426FB07FB3301225982E0FF0
:104D3000CAB26F90288352982EFEC9C26F900F009E
:104D40003002301D2F052EA10180B212300F2F42EC
:104D50006F032EAB01910E0230122F526F032EAC57
:104D600001910F02300C2F212EAA010A2C123003C0
:104D70002ECB008D580889414011430043252EA1B8
:104D800001D46F8F5200433A89002E1043104361C3
:104D90000EFB2F032EA001111A022F0225212EA097
:104DA00001EB6F005FB82E915210300230955652D1
:104DB000424B0EFC2F8D54888293568042534240C2
:104DC0004242868354C02EC242002EA3520051524A
:104DD0004047401A25012E97008FBE7286FB7F0B3D
:104DE000307CBFA5501008DFBA7088F8BFCB42D323
:104DF0007F6CBBFCBBC50A907F1B7F0B43C0B2E539
:104E00007FB77FA67FC47F902E1CB7072ED200C02D
:104E1000B20B2F9752012ECD00827F982EBBCC0B68
:104E200030372ED200826F906F1A2500B28B7F141C
:104E30002FA6BD25BDB6B92FB980B2D4B00C2F991D
:104E4000549B560B300B2EB100A1589B42DB426C99
:104E5000092B2EB1008B42CB42867F7384A756C3A9
:104E60000839520550727F637F982EC2C0E16F628D
:104E70006FD10A012ECD00D56FC46F726F97529D0E
:104E80005C982E06CD236F906F9952C0B204BD542A
:104E900040AFB94540E17F0230062FC0B202300377
:104EA0002F9B5C12309443854303BF6FBB80B320BC
:104EB0002F066F2601166F6E034542C090292ECE35
:104EC000009B52142F9B5C002E93418641E304AE5D
:104ED0000780AB042F80910A2F866F730F072F83F3
:104EE0006FC0B2042F544245421230042C113002DC
:104EF0002C1130113002BC0FB8D27F00B20A2F0142
:104F00002EFC00052EC701101A022F212EC7010307
:104F10002D022C01300130B06F982E95CFD16FA0AB
:104F20006F982E95CFE26F9F52012ECE0082405097
:104F3000420C2C42421130232ED2000130B06F9827
:104F40002E95CFA06F0130982E95CF002EFB6F00CD
:104F50005FB82E8386013000309440241806005339
:104F60000E4F02F92FB82EA952002E604041400D7D
:104F7000BC98BCC02E010A0FB8AB52533C52404003
:104F8000404B00821626B901B84140100897B8017D
:104F900008C02E11300108438625400440D8BE2C9D
:104FA0000B2211544203804B0EF62FB82E9F501047
:104FB00050AD52052ED300FB7F002E13409342418B
:104FC0000EFB2F982EA5B7982E87CF012ED9000063
:104FD000B2FB6F0B2F012E69F7B13F01080130F0D2
:104FE0005F232ED900212E69F7802E7AB7F05FB8A3
:104FF0002E012EC0F8032EFCF51554AF5682080B77
:105000002E69F7CB0AB1588090DDBE4C085FB959C4
:10501000228090072F0334C308F23A0A080235C0F1
:10502000904A0A4822C02E232EFCF51050FB7F9890
:105030002E56C7982E49C31030FB6FF05F212ECC3F
:1050400000212ECA00B82E032ED30016B802344A0F
:105050000C212E2DF5C02E232ED30003BC212ED5DE
:1050600000032ED50040B21030212E77000130050C
:105070002F052ED8008090012F232E6FF5C02E21F2
:105080002ED90011308108012E6AF7713F23BD012E
:1050900008020AC02E212E6AF730250030212E5A30
:1050A000F51050212E7B00212E7C00FB7F982EC313
:1050B000B74030212ED400FB6FF05F0325802EAF68
:1050C000B7802E00C1802E00C1802E00C1802E002E
:1050D000C1802E00C1802E00C1802E00C1802E0014
:1050E000C1802E00C1802E00C1802E00C1802E0004
:1050F000C1802E00C1802E00C1802E00C1012E5D16
:10510000F708BC80AC0EBB022F003041048206C001
:10511000A40030112F40A9032F40910D2F00A70BA1
:105120002F80B3B358022F90A12613202380901014
:1051300030012FCC0E002F0030B82EB550180808C3
:10514000BC88B60D17C6BD56BCB758DABA04011DE7
:105150000A1050053032254503FB7FF63021259893
:105160002E37CA16B59ABC06B880A8410A0E2F8001
:1051700090022F2D50480F092FBFA0042FBF90067B
:105180002FB754CA0F032F002E022CB7522D52F204
:1051900033982ED9C0FB6FF137C02E0108F05FBFE6
:1051A00056B954D040C4400B2EFDF3BF52904294E8
:1051B0004295420530C1500F88064004419642C5D1
:1051C0004248BE73300D2ED8004FBA84420342814C
:1051D000B3022F2B2E6FF5062D052E77F7BD5693B4
:1051E00008252E77F7BB54252EC2F5072EFDF34276
:1051F00030B433DA0A4C00272EFDF34340D43FDCB1
:10520000084342002E002E43402430DC0A4342046F
:1052100080032EFDF34A0A232EFDF36134C02E01D4
:1052200042002E60501A257A86E07FF37F0325C363
:10523000524184DB7F3330982E16C21A257D82F0CE
:105240006FE26F322516409440260185408E17C4C8
:10525000426E039542410EF42FDB6FA05FB82EB073
:1052600051FB7F982EE80D5A25982E0F0ECB583201
:1052700087C47F65896B8DC55A657FE17F837FA673
:105280007F747FD07FB67F947F1730C752C9545147
:105290007F002E856F427F002E5141458142411390
:1052A000403B8A00404B04D006C0AC857F022F02F1
:1052B000305104D306418405305D02C916DF08D39E
:1052C000008D02AFBCB1B9590A656F1143A1B45248
:1052D0004153410143347F657F2631E56FD46F9898
:1052E0002E37CA326F756F83404241237F127FF69B
:1052F0003040255125982E37CA146F2005706F2530
:105300006F6907A26F316F0B3004429B428B42558D
:1053100042327F40A9C36F717F0230D040C37F0308
:105320002F4091152F00A7132F00A4112F84BD9893
:105330002E79CA556FB75454418200F33F4541CB93
:1053400002F630982E37CA356FA46F4143032C0004
:1053500043A46F356F1730426F516F934042820004
:1053600041C3000343517F002E944041414C02C48D
:105370006FD156630E746F5143A57F8A2F092ED8C3
:105380000001B3212FCB58906F1341B66FE47F001B
:105390002E9141144092411540172E6FF5B67FD0E3
:1053A0007FCB7F982E000C0715C26F140B292E6F30
:1053B000F5C3A3C18FE46FD06FE62F1430052E6FB5
:1053C000F5140B292E6FF5182DCD560432B56F1C30
:1053D0000151415241C340B57FE47F982E1F0CE438
:1053E0006F218700430432CF545A0EEF2F15540912
:1053F0002E77F7220B292E77F7FB6F505EB82E1011
:1054000050012ED40000B2FB7F512F01B2482F0271
:10541000B2422F0390562FD75279804240818400A8
:10542000404242982E930CD954D750A14098BD8247
:10543000403E82DA0A44408B16E3005342002E437A
:10544000409A025242002E414015544A0E3A2F3AD9
:105450008200304140212E850F40B20A2F982EB194
:105460000C982E450E982E5B0EFB6FF05F0030807F
:105470002ECEB7DD52D35442424F847330DB528379
:10548000421B306B422330272ED700372ED4002109
:105490002ED6007A84172C42423030212ED40012AE
:1054A0002D21300030232ED400212E7BF70B2D1719
:1054B00030982E510CD5500C8272302F2ED40025EE
:1054C0002E7BF74042002EFB6FF05FB82E70500A23
:1054D000253986FB7FE1326230982EC2C4B556A5CD
:1054E0006FAB08916F4B08DF56C46F23094DBA9319
:1054F000BC8C0BD16F0B09CB52E15E5642AF094D0C
:10550000BA23BD940AE56F68BBEB08BDB963BEFB67
:105510006F5242E30AC02E4342905FD150032E25C2
:10552000F3134000409BBC9BB408BDB8B998BCDAEB
:105530000A08B68916C02E190062021050FB7F9827
:105540002E810D012ED40031300804FB6F0130F0A4
:105550005F232ED600212ED700B82E012ED70003B0
:105560002ED600480E012F802E1F0EB82EE350219C
:105570003401428230C132252E62F5010022300111
:10558000404A0A0142B82EE354F03B8340D808E574
:10559000528342003083305042C432272E64F59447
:1055A0000050424042D33F84407D82E30840428322
:1055B00042B82EDD52003040427C86B952092E702E
:1055C0000FBF54C442D38654405540944285422173
:1055D0002ED7004240252EFDF3C0427E82052E7D4F
:1055E0000080B2142F052E890027BD2FB9809002AC
:1055F0002F212E6FF50C2D072E710F14301C09056D
:105600002E77F7BD5647BE9308940A252E77F7E705
:105610005450424A0EFC2FB82E505002304386E5BB
:1056200050FB7FE37FD27FC07FB17F002E414000DF
:10563000404804982E74C01EAAD36F1430B16FE393
:1056400022C06F5240E46F4C0E1242D37FEB2F0307
:105650002E860F40901130032F232E860F022C0030
:1056600030D06FFB6FB05FB82E4050F17F0A253C01
:1056700086EB7F41332230982EC2C4D36FF430DCE6
:10568000094758C26F9409EB586ABBDC08B4B9B13A
:10569000BDE95A950821BDF6BF770B51BEF16FEBFE
:1056A0006F52425442C02E4342C05F5050F55031B9
:1056B000301142FB7F7B300B4211300280233301DB
:1056C000420300072E8003052ED3002352E27FD32E
:1056D0007FC07F982EB60ED16F080A1A257B86D020
:1056E0007F01331230982EC2C4D16F080A00B20D68
:1056F0002FE36F012E80035130C786232E21F2083D
:10570000BCC042982EA5B7002E002ED02EB06F0B35
:10571000B8032E1B00081AB07F7030042F212E21F1
:10572000F2002E002ED02E982E6DC0982E5DC0ED6A
:1057300050982E44CBEF50982E46C3F150982E53DC
:10574000C73550982E64CF1030982EDC032026C029
:105750006F02311242AB330B42378001300142F30A
:1057600037F752FB504440A20A42428B31092E5E69
:10577000F7F954E30883421B4223334B00BC840BEC
:1057800040333083420B42E07FD17F982E58B7D10F
:105790006F803040420330E06FF3540430002E003D
:1057A0002E0189620EFA2F43421130FB6FC02E0189
:1057B00042B05FC14A00006D570000778E0000E0E4
:1057C000FFFFFFD3FFFFFFE5FFFFFFEEE1FFFF7CE1
:1057D00013000046E6FFFF0000000000000000008C
:1057E00000000000000000000000000000000000B9
:1057F00000000000000000000000000000000000A9
:105800000000000000000000000000000000000098
:1058100000802E00C1802E00C1802E00C1802E008D
:10582000C1802E00C1802E00C1802E00C1802E00BC
:10583000C1802E00C1802E00C1802E00C1802E00AC
:10584000C1802E00C1802E00C1802E00C1802E009C
:10585000C1802E00C1802E00C1802E00C1802E008C
:10586000C1802E00C1802E00C1802E00C1802E007C
:10587000C1802E00C1802E00C1802E00C1802E006C
:10588000C1802E00C1802E00C1802E00C1802E005C
:10589000C1802E00C1802E00C1802E00C1802E004C
:1058A000C1802E00C1802E00C1802E00C1802E003C
:1058B000C1802E00C1802E00C1802E00C1802E002C
:1058C000C1802E00C1802E00C1802E00C1802E001C
:1058D000C1802E00C1802E00C1802E00C1802E000C
:1058E000C1802E00C1802E00C1802E00C1802E00FC
:1058F000C1802E00C1802E00C1802E00C12902105F
:105900000025BC518180079300FFFF75FFFE0D004D
:105910001701000000000000000000000030001728
:105920000A00000000000000000000001102000258
:1059300008000810010100000000FF000200000044
:105940000000200B000002FF210000010000000009
:105950008C000038FF010027003400650700870530
:10596000016800C008380000000099C8000300006A
:105970000000000207050606030002C7FFDB020065
:105980000001012100FF0101000401866100000007
:10599000000001016F15010001016F2D01000201DE
:1059A000876000000014017C89FFFFFFFFFFFFFFFD
:1059B000FFFFFFFFFFFFFFFFFFFFFFFFFF003801BB
:1059C000752500000000000000000000000000003D
:1059D00000000000000000000000000000000000C7
:1059E00000000000000000000000000000000000B7
:1059F00000000000000000000000001C017B4E00C1
:105A00000000000000000000000000000000000096
:105A1000000000000000000000000000080177F313
:105A2000000000000000000000200177FB000000E3
:105A30000000000000000000000000000000000066
:105A40000000000000000000000000000000040151
:105A500086C5000000000002017AD80000000401A1
:105A60007ADA00FE32580002017ADE0000000401FA
:105A70007AE000FE32580004017AE400FE32580059
:105A800004017AE800FE32580004017AEC00FE328C
:105A9000580004017AF000FE32580002017AF40046
:105AA000000002010021000000020100420000008D
:105AB00002010063000000020100840000000201F6
:105AC00000A5000000010100C60000010100E70080
:105AD000000201848DF800000201848FFFFF0002A4
:105AE00001849100030001018493F000010184947A
:105AF0008700020184A5F80000020184A7FFFF00CF
:105B0000020184A9000000010184ABA0000101840E
:105B1000AC80000201831AF800000201831CFFFF21
:105B2000000201831E0000000201832000F0000239
:105B3000018322014000010172BB0000010172BC1F
:105B40000000010172BD0000010172BE00000101F0
:105B500072BF0000010172C00000010172C10000AB
:105B6000010172C20000010172C300040001590862
:105B70000000000000000000000000000000000025
:105B80000000000000000000000000000000000015
:105B90000000000000000000000000000000000005
:105BA00000000000000000000000000000000000F5
:105BB00000000000000000000000000000000000E5
:105BC00000000000000000000000000000000000D5
:105BD00000000000000000000000000000000000C5
:105BE00000000000000000000000000000000000B5
:105BF00000000000000000000000000000000000A5
:105C00000000000000000000000000000000000094
:105C10000000000000000000000000000000000084
:105C20000000000000000000000000000000000074
:105C30000000000000000000000000000000000064
:105C40000000000000000000000000000000000054
:105C50000000000000000000000000000000000044
:105C60000000000000000000000000000000000034
:105C70000000000000000000000000000000000024
:105C80000000000000000000000000000000000014
:105C90000000000000000000000000000000000004
:105CA00000000000000000000000000000000000F4
:105CB00000000000000000000000000000000000E4
:105CC00000000000000000000000000000000000D4
:105CD00000000000000000000000000000000000C4
:105CE00000000000000000000000000000000000B4
:105CF00000000000000000000000000000000000A4
:105D00000000000000000000000000000000000093
:105D10000000000000000000000000000000000083
:105D20000000000000000000000000000000000073
:105D30000000000000000000000000000000000063
:105D40000000000000000000000000000000000053
:105D50000000000000000000000000000000000043
:105D60000000000000000000000000000000000033
:105D70000000000000000000000000000000000023
:105D80000000000000000000000000000000000013
:105D90000000000000000000000000000000000003
:105DA00000000000000000000000000000000000F3
:105DB00000000000000000000000000000000000E3
:105DC00000000000000000000000000000000000D3
:105DD00000000000000000000000000000000000C3
:105DE00000000000000000000000000000000000B3
:105DF00000000000000000000000000000000000A3
:105E00000000000000000000000000000000000092
:105E10000000000000000000000000000000000082
:105E20000000000000000000000000000000000072
:105E30000000000000000000000000000000000062
:105E40000000000000000000000000000000000052
:105E50000000000000000000000000000000000042
:105E60000000000000000000000000000000000032
:105E70000000000000000000000000000000000022
:105E80000000000000000000000000000000000012
:105E90000000000000000000000000000000000002
:105EA00000000000000000000000000000000000F2
:105EB00000000000000000000000000000000000E2
:105EC00000000000000000000000000000000000D2
:105ED00000000000000000000000000000000000C2
:105EE00000000000000000000000000000000000B2
:105EF00000000000000000000000000000000000A2
:105F00000000000000000000000000000000000091
:105F10000000000000000000000000000000000081
:105F20000000000000000000000000000000000071
:105F30000000000000000000000000000000000061
:105F40000000000000000000000000000000000051
:105F50000000000000000000000000000000000041
:105F60000000000000000000000000000000000031
:105F70000019015D080000000000000000000000A2
:105F80000000000000000000000000000000000C05
:105F9000015D210000000000000000000000000082
:105FA00017015D2D0000000000000000000000004F
:105FB00000000000000000000000000014015D442B
:105FC00000000000000000000000000000000000D1
:105FD000000000000002015D58000000020180C9BD
:105FE000200000010180CB0000010180CC000002F4
:105FF0000180D6200000010180D80000010180D975
:10600000000002017D0100000002017D030000008C
:1060100002017D0500000002017D07000000020171
:106020007D0900000002017D0B00000008017D0DCC
:1060300045800000418333330002018206000000E6
:10604000020182080000000201820A000000020131
:10605000820C0000000201820E000000020182108A
:1060600000000002017AF600000002017AF8000048
:106070000002017AFA00000002017AFC000000022E
:10608000017AFE00000002017B0000000002017B9B
:106090000200000002017B0400000002017B0600F8
:1060A00000000C017B08458010004164CCCD453BCD
:1060B00080000008016D5800000000000000000092
:1060C00024016D60000000000000000000000000DE
:1060D00000000000000000000000000000000000C0
:1060E00000000000000000000017016D84000000A7
:1060F00000000000000000000000000000000000A0
:10610000000000000008016D9B000000000000007E
:10611000000020016DA3000000000000000000004E
:10612000000000000000000000000000000000006F
:10613000000000000000004A016DC30000000000E4
:10614000000000000000000000000000000000004F
:10615000000000000000000000000000000000003F
:10616000000000000000000000000000000000002F
:10617000000000000000000000000000000000001F
:1061800000000000000008016E0D0000000000008B
:1061900000000080016E15000000000000000000FB
:1061A00000000000000000000000000000000000EF
:1061B00000000000000000000000000000000000DF
:1061C00000000000000000000000000000000000CF
:1061D00000000000000000000000000000000000BF
:1061E00000000000000000000000000000000000AF
:1061F000000000000000000000000000000000009F
:10620000000000000000000000000000000000008E
:1062100000000000000000000201821200000002E5
:106220000182140000000401821600000000000238
:1062300001821A0000000201821C00000028017087
:106240004900000000000000000000000000000005
:10625000000000000000000000000000000000003E
:106260000000000000000000000028017071000024
:10627000000000000000000000000000000000001E
:10628000000000000000000000000000000000000E
:1062900000000000000000280170990000000000CC
:1062A00000000000000000000000000000000000EE
:1062B00000000000000000000000000000000000DE
:1062C00000000000010179B80000040179B93E2303
:1062D000D70A00040179BD3E0F5C2900040179C191
:1062E0003EC28F5C00020179C5000F00010179C731
:1062F0000000010179C80000010179C90000040112
:1063000079CA0000000000040179CE0000000000FE
:10631000040179D20000000000040179D6000000D9
:1063200000000201879400000002015D5A00000095
:1063300001015D5C010001015D5D000001015D5E28
:10634000000002015D5F00000002015D61000000CD
:1063500002015D6300000002015D650000000201B2
:106360005D6700000001015D695E0001015D6A007A
:106370000001015D6B5E0001015D6C000002015DCA
:10638000E5005E0001015E5F000001015ED878005B
:1063900001015ED9BA0002015EDA0000000201606C
:1063A000DC000000010160DE0000010187AE00009A
:1063B00000000000000000000000000000000000DD
:1063C00000000000000000000000000000000000CD
:1063D00000000000000000000000000000000000BD
:1063E00000000000000000000000000000000000AD
:1063F000000000000000000000000000000000009D
:10640000000000000000000000000000000000008C
:10641000000000000000000000000000000000007C
:10642000000000000000000000000000000000006C
:10643000000000000000000000000000000000005C
:10644000000000000000000000000000000000004C
:10645000000000000000000000000000000000003C
:10646000000000000000000000000000000000002C
:10647000000000000000000000000000000000001C
:10648000000000000000000000000000000000000C
:1064900000000000000000000000000000000000FC
:1064A00000000000000000000000000000000000EC
:1064B00000000000000000000000000000000000DC
:1064C00000000000000000000000000000000000CC
:1064D00000000000000000000000000000000000BC
:1064E00000000000000000000000000000000000AC
:1064F000000000000000000000000000000000009C
:10650000000000000000000000000000000000008B
:10651000000000000000000000000000000000007B
:10652000000000000000000000000000000000006B
:10653000000000000000000000000000000000005B
:10654000000000000000000000000000000000004B
:10655000000000000000000000000000000000003B
:10656000000000000000000000000000000000002B
:10657000000000000000000000000000000000001B
:10658000000000000000000000000000000000000B
:1065900000000000000000000000000000000000FB
:1065A00000000000000000000000000000000000EB
:1065B000002E2E5C2E2E5C6C6962726172696573AE
:1065C0005C7A665F6472697665725C7A665F647233
:1065D000697665725F70776D2E6300007EFEDD0068
:1065E0007EFEFD007EF8DD007EF8FD007EF6DD001B
:1065F0007EF6FD007EFED0007EFEF0007EF8D0002C
:106600007EF8F0007EF6D0007EF6F0007EFEB1004F
:106610007EFEB5007EF8B1007EF8B5007EF6B100D2
:106620007EF6B5007EFED5007EFED7007EFED90048
:106630007EFEDB007EFEF5007EFEF7007EFEF900AA
:106640007EFEFB007EF8D5007EF8D7007EF8D900EC
:106650007EF8DB007EF8F5007EF8F7007EF8F900A2
:106660007EF8FB007EF6D5007EF6D7007EF6D900D8
:106670007EF6DB007EF6F5007EF6F7007EF6F9008A
:106680007EF6FB007EFED2007EFEF2007EF8D20097
:106690007EF8F2007EF6D2007EF6F2007EFEB200B8
:1066A0007EFEB6007EF8B2007EF8B6007EF6B2003E
:1066B0007EF6B6007EFEC2007EFEE2007EF8C200DC
:1066C0007EF8E2007EF6C2007EF6E2007EFECE009C
:1066D0007EFEEE007EF8CE007EF8EE007EF6CE0066
:1066E0007EF6EE007EFECC007EFECD007EFEEC004F
:1066F0007EFEED007EF8CC007EF8CD007EF8EC004A
:106700007EF8ED007EF6CC007EF6CD007EF6EC0045
:106710007EF6ED007EFEC0007EFEE0007EF8C0004A
:106720007EF8E0007EF6C0007EF6E0007EFEC80047
:106730007EFEC9007EFECA007EFECB007EFEE80023
:106740007EFEE9007EFEEA007EFEEB007EF8C800D9
:106750007EF8C9007EF8CA007EF8CB007EF8E8001B
:106760007EF8E9007EF8EA007EF8EB007EF6C800CD
:106770007EF6C9007EF6CA007EF6CB007EF6E80003
:106780007EF6E9007EF6EA007EF6EB2E2E5C2E2EDB
:106790005C6C69627261726965735C7A665F64726F
:1067A000697665725C7A665F6472697665725F733A
:1067B00070692E6300007EFA21007EF811007EF8D9
:1067C00031007EFBF8007EF809007EF82900000009
:1067D00000000000000000000000000000000000B9
:1067E00000000000000000000000000000000000A9
:1067F0000000000000000000000000000000000099
:106800000000000000000000000000000000000088
:106810000000000000000000000000000000000078
:106820000000000000000000000000000000000068
:106830000000000000000000000000000000000058
:1068400000000000000000000000000000007EFAD0
:1068500084007EF814007EF834007EFA27007EF86B
:106860001A007EF83A007EFA25007EF818007EF8BD
:1068700038007EFA28007EF81B007EF83B007EFA86
:1068800026007EF819007EF839007EFA2E007EF888
:106890001E007EF83E007EFA2F007EF81F007EF874
:1068A0003F007EFBF9007EF80A007EF82A007EFA9F
:1068B00020007EF810007EF830007EFA23007EF87B
:1068C00015007EF835007EFA22007EF812007EF870
:1068D00032007EFE90007EF808007EF828494D5573
:1068E00039363352415F4D41475F53414D504C451E
:1068F0005F44454641554C5420736574206572725F
:106900006F722E0D0A00494D553936335241206DB4
:1069100061672073656C6620636865636B206572D0
:10692000726F722E0D0A00494D5539363352415F50
:106930004759524F5F53414D504C455F4445464186
:10694000554C5420736574206572726F722E0D0A57
:1069500000494D5539363352415F4143435F5341FE
:106960004D504C455F44454641554C542073657429
:10697000206572726F722E0D0A00494D55393633FB
:1069800052412061636320616E64206779726F20D9
:1069900073656C6620636865636B206572726F72E5
:1069A0002E00646174203D2025640D0A0000000063
:1069B00000000000000000000000000000000000D7
:1069C00000000000000000000000000000000000C7
:1069D00000000000000000000000000000000000B7
:1069E00000000000000000000000000000000000A7
:1069F0000000000000000000000000000000000097
:106A00000000000000000000000000000000000086
:106A10000000000000000000000000000000000076
:106A20000000000000000000000000000000000066
:106A30000000000000000000000000000000000056
:106A40000000000000000000000000000000000046
:106A500000494D5536363052415F4759524F5F53CA
:106A6000414D504C455F44454641554C542073655B
:106A700074206572726F722E0D0A00494D553636BC
:106A80003052415F4143435F53414D504C455F4459
:106A9000454641554C5420736574206572726F727F
:106AA0002E0D0A00696D75363630726120696E6987
:106AB00074206572726F722E0D0A00696D7536361C
:106AC0003072612073656C6620636865636B206556
:106AD00072726F722E0D0A002E2E5C2E2E5C6C6967
:106AE000627261726965735C7A665F646576696318
:106AF000655C7A665F6465766963655F7769666918
:106B00005F7370692E630025730D0A25730D0A25C6
:106B1000730D0A25730D0A0025730D0A0025730DE8
:106B20000A25730D0A004F4B00563200000000008A
:106B30000000000000000000000000000000000055
:106B40000000000000000000000000000000000045
:106B5000444C314120706572666F726D2073696EAE
:106B6000676C65207265666572656E63652063613A
:106B70006C6962726174696F6E206572726F722ED9
:106B80000D0A00444C31412073656C6620636865D2
:106B9000636B206572726F722E0D0A002E2E5C2EB2
:106BA0002E5C6C69627261726965735C7A665F649F
:106BB00065766963655C7A665F6465766963655F5F
:106BC000646C31612E63002E2E5C2E2E5C6C69622B
:106BD0007261726965735C7A665F64726976657208
:106BE0005C7A665F6472697665725F756172742E35
:106BF0006300000000000000000000000000000032
:106C00000000000000000000000000000000000084
:106C10000000000000000000000000000000000074
:106C20000000000000000000000000000000000064
:106C300000000102030405060708286E756C6C2924
:106C4000002E2E5C2E2E5C6C696272617269657317
:106C50005C7A665F636F6D6D6F6E5C7A665F636FA3
:106C60006D6D6F6E5F66756E6374696F6E2E630017
:106C70003031323334353637383941424344454672
:106C800030313233343536373839616263646566A2
:106C9000006670733D25752C6F66663D25642C700B
:106CA00072653D25642C6661723D25642C637572A6
:106CB0003D25642C6D6F64653D25752C636F6E6694
:106CC0003D25750D0A0030002E2E5C2E2E5C6C6961
:106CD000627261726965735C7A665F646576696326
:106CE000655C7A665F6465766963655F776972651E
:106CF0006C6573735F756172742E63002566002581
:106D000064002E2E5C2E2E5C6C6962726172696565
:106D1000735C7A665F6465766963655C7A665F64F6
:106D200065766963655F6970733131342E63002560
:106D300066002564002E2E5C2E2E5C6C69627261EA
:106D4000726965735C7A665F6465766963655C7AAF
:106D5000665F6465766963655F7466743138302E8A
:106D600063002566002564002E2E5C2E2E5C6C6967
:106D7000627261726965735C7A665F646576696385
:106D8000655C7A665F6465766963655F69707332B6
:106D900030302E63002E2E5C2E2E5C6C6962726188
:106DA000726965735C7A665F6472697665725C7A33
:106DB000665F6472697665725F736F66745F696936
:106DC000632E63002E2E5C2E2E5C6C6962726172E3
:106DD0006965735C7A665F6472697665725C7A660F
:106DE0005F6472697665725F656E636F6465722E4B
:106DF00063002E2E5C2E2E5C6C6962726172696576
:106E0000735C7A665F6465766963655C7A665F6405
:106E100065766963655F626C65366132302E63004A
:106E20000D0A2025732066696C65202573206C6926
:106E30006E652025640D0A00405354434953502386
:106E4000417373657274206572726F7200696E6946
:106E50007420737563636573732E006D74397630B7
:106E60003378207265696E69742E006D74397630DE
:106E7000337820696E69742E002E2E5C2E2E5C6C89
:106E800069627261726965735C7A665F636F6D6D6A
:106E90006F6E5C7A665F636F6D6D6F6E5F6669665D
:106EA0006F2E63002E2E5C2E2E5C6C6962726172F6
:106EB0006965735C7A665F6472697665725C7A662E
:106EC0005F6472697665725F6770696F2E63002E0A
:106ED0002E5C2E2E5C6C69627261726965735C7ADD
:106EE000665F6472697665725C7A665F6472697601
:106EF00065725F6164632E63002E2E5C2E2E5C6CC7
:106F000069627261726965735C7A665F64726976E0
:106F100065725C7A665F6472697665725F706974C7
:106F20002E63005345454B46524545205354433349
:106F300032473134344B204F70656E736F75726514
:106F400063204C696272617279200D0A00000000B2
:106F500000000100000002020000030064000400C1
:106F6000BC000500780006000000070000000800D3
:106F70002000000000696D7536363072622073653E
:106F80006C6620636865636B206572726F722E0099
:0200000400FFFB
:0300000002021FDA
:04000B008AFDD9226F
:040013008AFDDDA1E4
:04001B008AFDD96819
:040063008AFDD9AE8B
:04009B008AFDD9F40D
:0400A3008AFDDA3ABE
:1000CB008AFE06FB88008001FF0100000001FF0093
:1000DB008000FF014F004E2CFF00B6B4FF01000063
:1000EB00FF00090010001100240125FF7500FF011E
:1000FB004E2C48003020FF003009540031043203ED
:10010B004083462560002700500651005296560842
:10011B005730610062006400650066A0FF01223267
:10012B00471449FF4A00FF007A0A7B007821FF0140
:10013B002334420044FF4526460540400E06201A54
:10014B004340FF0034033544FF0131044B094C0598
:10015B004D04FF0044004520470848286700700401
:10016B00710172FE76007700FF010D01FF00800127
:0C017B0001F8FF018E010001FF00800070
:04019B008AFDD449BC
:0401AB008AFDD501F3
:0401BB008AFDD5984C
:0401CB008AFDD62FA4
:0401D3008AFDDDCEF6
:10021B008AFDDC997584017E443FFFE47A49B01B6B
:10022B004478F99000007E34FFFFE4F0A31B347890
:10023B00FA7EF800207E0400FE7E1459880B0A40DB
:10024B005D446822295000020A25693000032E08FC
:10025B0000050B44800A7E0BB07A1BB00B1C0B0CF9
:0A026B001B4478F280D78AFE30D6DB
:04029B008AFDD6C63C
:0402AB008AFDD75D94
:0402BB008AFDD7F4ED
:0402CB008AFDD88B45
:040303008AFDDA8015
:04030B008AFDDB3359
:040313008AFDDBE69E
:10031B008AFDDCEE00000000000000000000000081
:10032B00000000000000000808080808080800008A
:10033B000808000000482424120000000000000000
:10034B00000000000000004848487E2424247E243E
:10035B00242400000000103C5252121C305050520A
:10036B00523C1010000000222515150D2A5854542C
:10037B00522200000000000C1212120A76252919D5
:10038B00916E000000060404020000000000000053
:10039B000000000000402010100808080808081092
:1003AB001020400000020408081010101010100854
:1003BB00080402000000000008086B1C1C6B0808F6
:1003CB00000000000000000000101010FE101010C4
:1003DB000000000000000000000000000000000012
:1003EB000604040200000000000000007E00000074
:1003FB0000000000000000000000000000000000F2
:10040B0006060000000040202020101008080804F9
:10041B0004020200000000182442424242424242BF
:10042B0024180000000000101C10101010101010E9
:10043B00107C00000000003C4242424020100804A7
:10044B00427E00000000003C424240201820404207
:10045B00423C000000000020303028242422FE20E3
:10046B0020F800000000007E0202021E22404042E3
:10047B00221C0000000000182402023A46424242AD
:10048B00443800000000007E4220201010080808AD
:10049B00080800000000003C42424224182442425B
:1004AB00423C00000000001C22424242625C404081
:1004BB0024180000000000000000181800000000C5
:1004CB0018180000000000000000000800000000E9
:1004DB00000808080000004020100804020408105F
:1004EB00204000000000000000007E00007E0000A5
:1004FB00000000000000000204081020402010083B
:10050B00040200000000003C424246201010100084
:10051B00181800000000001C225A55555555553A25
:10052B00423C00000000000808181414243C22422E
:10053B0042E700000000001F2222221E22424242FC
:10054B00221F00000000007C424201010101014218
:10055B00221C00000000001F224242424242424243
:10056B00221F00000000003F4212121E1212024214
:10057B00423F00000000003F4212121E1212020204
:10058B00020700000000003C222201010171212220
:10059B00221C0000000000E7424242427E424242DF
:1005AB0042E700000000003E080808080808080899
:1005BB00083E00000000007C1010101010101010EE
:1005CB001010110F0000007722120A0E0A121222CD
:1005DB002277000000000007020202020202020260
:1005EB00427F00000000007736363636362A2A2A3C
:1005FB002A6B0000000000E346464A4A5252526200
:10060B00624700000000001C224141414141414131
:10061B00221C00000000003F424242423E02020206
:10062B00020700000000001C224141414141414DA5
:10063B00321C60000000003F4242423E1212222256
:10064B0042C700000000007C4242020418204042D6
:10065B00423E00000000007F49080808080808080F
:10066B00081C0000000000E7424242424242424264
:10067B00423C0000000000E74242222424141418DC
:10068B00080800000000006B2A2A2A2A2A361414B4
:10069B0014140000000000E7422424181818242426
:1006AB0042E7000000000077222214140808080813
:1006BB00081C00000000007E2120101008040442DA
:1006CB00423F0000007808080808080808080808D6
:1006DB000808780000000204040408080810102021
:1006EB0020204040001E1010101010101010101081
:1006FB0010101E0000182400000000000000000075
:10070B0000000000000000000000000000000000DE
:10071B00000000FF000608000000000000000000C1
:10072B0000000000000000000000001C22302C2202
:10073B00326C0000000000000302021A2642424203
:10074B00261A0000000000000000003844020202DC
:10075B0044380000000000006040407C42424242AE
:10076B0062DC0000000000000000003C42427E0200
:10077B00423C0000000000003048083E0808080812
:10078B00083E0000000000000000007C22221C023A
:10079B003C42423C000000000302023A4642424205
:1007AB0042E700000000000C0C00000E08080808CF
:1007BB00083E0000000000303000003820202020D0
:1007CB002020221E0000000003020272120A0E12E9
:1007DB0022770000000000080E0808080808080827
:1007EB00083E0000000000000000007F92929292F1
:1007FB0092B70000000000000000003B464242425E
:10080B0042E70000000000000000003C4242424270
:10081B00423C0000000000000000001B2642424248
:10082B00261A0207000000000000005864424242F2
:10083B00645840E000000000000000774C04040402
:10084B00041F0000000000000000007C42023C403E
:10085B00423E0000000000000008083E080808089F
:10086B00483000000000000000000063424242429A
:10087B0062DC00000000000000000077222214144C
:10088B000808000000000000000000DB91525A2A0B
:10089B0024240000000000000000006E241818182B
:1008AB002476000000000000000000E7422424181A
:1008BB0018080806000000000000007E221008083F
:1008CB00447E000000C0202020202020102020206B
:1008DB002020C0001010101010101010101010104D
:1008EB00101010100003040404040404080404048E
:1008FB0004040300045A2000000000000000000064
:10090B00000000001E03530054004300200055005C
:10091B005300420020005300650072006900610023
:10092B006C00040309041201000202000040BF34F2
:10093B0002FF0001010200010902430002010080D5
:10094B003209040000010202010005240010010518
:10095B00240100010424020205240600010705827C
:10096B00034000FF09040100020A00000007058193
:10097B0002400000070501024000000000010008D2
:07098B000353005400430078
:00000001FF
